split	pdb_id	old_main_pt_count
train	17RA	200
train	1A51	200
train	1A60	200
train	1A9L	200
train	1AFX	200
train	1AJF	200
train	1AJU	200
train	1AKX	200
train	1ANR	200
train	1AQO	200
train	1ARJ	200
train	1ATO	200
train	1ATV	200
train	1ATW	200
train	1B36	200
train	1BGZ	200
train	1BN0	200
train	1BVJ	200
train	1BYJ	200
train	1BZ2	200
train	1BZ3	200
train	1BZT	200
train	1BZU	200
train	1C0O	200
train	1C2X	200
train	1CQ5	200
train	1CQL	200
train	1D0T	200
train	1D0U	200
train	1E4P	200
train	1E95	200
train	1EBQ	200
train	1EBR	200
train	1EBS	200
train	1EHT	200
train	1EHZ	200
train	1EI2	200
train	1ESH	200
train	1ESY	200
train	1EVV	200
train	1F1T	200
train	1F6X	200
train	1F6Z	200
train	1F78	200
train	1F79	200
train	1F7F	200
train	1F7G	200
train	1F7H	200
train	1F7I	200
train	1F84	200
train	1F85	200
train	1F9L	200
train	1FEQ	200
train	1FHK	200
train	1FIR	200
train	1FL8	200
train	1FMN	200
train	1FQZ	200
train	1FYO	200
train	1FYP	200
train	1HLX	200
train	1HS1	200
train	1HS2	200
train	1HS3	200
train	1HS4	200
train	1HS8	200
train	1HWQ	200
train	1I3X	200
train	1I3Y	200
train	1I46	200
train	1I4B	200
train	1I4C	200
train	1I9V	200
train	1IDV	200
train	1IE1	200
train	1IE2	200
train	1IK1	200
train	1IKD	200
train	1J4Y	200
train	1JO7	200
train	1JOX	200
train	1JP0	200
train	1JTJ	200
train	1JTW	200
train	1JU7	200
train	1JUR	200
train	1JWC	200
train	1JZC	200
train	1K2G	200
train	1K4A	200
train	1K4B	200
train	1K5I	200
train	1K6G	200
train	1K6H	200
train	1KAJ	200
train	1KH6	200
train	1KKA	200
train	1KKS	200
train	1KOS	200
train	1KP7	200
train	1KPD	200
train	1KPY	200
train	1KPZ	200
train	1KXK	200
train	1L1W	200
train	1L2X	200
train	1L3D	200
train	1LC6	200
train	1LDZ	200
train	1LU3	200
train	1LUU	200
train	1LUX	200
train	1LVJ	200
train	1M5L	200
train	1M82	200
train	1ME1	200
train	1MFJ	200
train	1MFK	200
train	1MFY	200
train	1MNX	200
train	1MSY	200
train	1MT4	200
train	1N66	200
train	1N8X	200
train	1NA2	200
train	1NBK	200
train	1NBR	200
train	1NC0	200
train	1NEM	200
train	1NZ1	200
train	1O15	200
train	1OQ0	200
train	1OSW	200
train	1OW9	200
train	1P5M	200
train	1P5N	200
train	1P5O	200
train	1P5P	200
train	1PBR	200
train	1PJY	200
train	1Q75	200
train	1Q8N	200
train	1Q9A	200
train	1QC8	200
train	1QD3	200
train	1QWA	200
train	1QWB	200
train	1R2P	200
train	1R4H	200
train	1R7W	200
train	1R7Z	200
train	1RAW	200
train	1RFR	200
train	1RHT	200
train	1RMN	200
train	1RNG	200
train	1RNK	200
train	1ROQ	200
train	1RXA	200
train	1S2F	200
train	1S34	200
train	1SCL	200
train	1SLO	200
train	1SLP	200
train	1SY4	200
train	1SYZ	200
train	1SZY	200
train	1T28	200
train	1TBK	200
train	1TFN	200
train	1TJZ	200
train	1TLR	200
train	1TN1	200
train	1TN2	200
train	1TOB	200
train	1TRA	200
train	1TXS	200
train	1U2A	200
train	1U3K	200
train	1U9S	200
train	1UTS	200
train	1UUD	200
train	1UUI	200
train	1UUU	200
train	1VOP	200
train	1VTQ	200
train	1WKS	200
train	1WTS	200
train	1WTT	200
train	1XHP	200
train	1XJR	200
train	1XSG	200
train	1XSH	200
train	1XST	200
train	1XSU	200
train	1XV6	200
train	1XWP	200
train	1XWU	200
train	1Y26	200
train	1Y27	200
train	1YFG	200
train	1YG3	200
train	1YG4	200
train	1YLG	200
train	1YMO	200
train	1YN1	200
train	1YN2	200
train	1YNC	200
train	1YNE	200
train	1YNG	200
train	1YSV	200
train	1Z2J	200
train	1Z30	200
train	1Z31	200
train	1Z43	200
train	1ZC5	200
train	1ZIF	200
train	1ZIG	200
train	1ZIH	200
test	23JZ	200
train	255D	200
train	283D	200
train	28SP	200
train	28SR	200
train	2A2E	200
train	2A43	200
train	2A64	200
train	2A9L	200
train	2AHT	200
train	2AP0	200
train	2AP5	200
train	2AU4	200
train	2AWQ	200
train	2B57	200
train	2B7G	200
train	2CD1	200
train	2CD3	200
train	2CD5	200
train	2CD6	200
train	2EES	200
train	2EET	200
train	2EEU	200
train	2EEV	200
train	2EEW	200
train	2ES5	200
train	2EUY	200
train	2EVY	200
train	2F87	200
train	2F88	200
train	2FDT	200
train	2FEY	200
train	2G1G	200
train	2G1W	200
train	2G9C	200
train	2GIO	200
train	2GIP	200
train	2GIS	200
train	2GRW	200
train	2GV3	200
train	2GV4	200
train	2GVO	200
train	2HEM	200
train	2HNS	200
train	2HOJ	200
train	2HOK	200
train	2HOL	200
train	2HOM	200
train	2HOO	200
train	2HOP	200
train	2HUA	200
train	2IXY	200
train	2IXZ	200
train	2JR4	200
train	2JSE	200
train	2JSG	200
train	2JTP	200
train	2JUK	200
train	2JWV	200
train	2JXV	200
train	2JYM	200
train	2K4C	200
train	2K5Z	200
train	2K66	200
train	2K95	200
train	2K96	200
train	2KD8	200
train	2KE6	200
train	2KEZ	200
train	2KF0	200
train	2KGP	200
train	2KHY	200
train	2KOC	200
train	2KPC	200
train	2KPD	200
train	2KPV	200
train	2KRP	200
train	2KRW	200
train	2KRZ	200
train	2KTZ	200
train	2KU0	200
train	2KUR	200
train	2KUU	200
train	2KUV	200
train	2KUW	200
train	2KVN	200
train	2KX8	200
train	2KXM	200
train	2KYE	200
train	2KZL	200
train	2L1V	200
train	2L2J	200
train	2L3E	200
train	2L5Z	200
train	2L6I	200
train	2L8H	200
train	2L94	200
train	2L9E	200
train	2LA9	200
train	2LAC	200
train	2LBJ	200
train	2LBK	200
train	2LBL	200
train	2LBQ	200
train	2LBR	200
train	2LC8	200
train	2LDL	200
train	2LDT	200
train	2LDZ	200
train	2LHP	200
train	2LI4	200
train	2LJJ	200
train	2LK3	200
train	2LP9	200
train	2LPA	200
train	2LPS	200
train	2LPT	200
train	2LQZ	200
train	2LU0	200
train	2LUB	200
train	2LUN	200
train	2LV0	200
train	2LWK	200
train	2M12	200
train	2M21	200
train	2M22	200
train	2M24	200
train	2M4Q	200
train	2M4W	200
train	2M57	200
train	2M5U	200
train	2M8K	200
train	2MEQ	200
train	2MER	200
train	2MFD	200
train	2MIS	200
train	2MIY	200
train	2MN0	200
train	2MNC	200
train	2MQT	200
train	2MTJ	200
train	2MTK	200
train	2MXJ	200
train	2MXL	200
train	2MXS	200
train	2N0J	200
train	2N0R	200
train	2N2O	200
train	2N2P	200
train	2N3Q	200
train	2N3R	200
train	2N4L	200
train	2N6S	200
train	2N6T	200
train	2N6W	200
train	2N6X	200
train	2N7X	200
train	2N8V	200
train	2NBX	200
train	2NBY	200
train	2NBZ	200
train	2NC0	200
train	2NC1	200
train	2NCI	200
train	2O32	200
train	2O33	200
train	2OJ7	200
train	2OJ8	200
train	2PCV	200
train	2Q1R	200
train	2QBZ	200
train	2QH2	200
train	2QH3	200
train	2QH4	200
train	2RLU	200
train	2RO2	200
train	2RP0	200
train	2RP1	200
train	2RPK	200
train	2RPT	200
train	2RRC	200
train	2RVO	200
train	2TOB	200
train	2TPK	200
train	2TRA	200
train	2U2A	200
train	2XNW	200
train	2XNZ	200
train	2XO0	200
train	2XO1	200
train	2Y95	200
train	2YDH	200
train	2YGH	200
train	2ZY6	200
train	3A3A	200
train	3BBV	200
train	3BWP	200
train	3CW5	200
train	3CW6	200
train	3CZW	200
train	3D0M	200
train	3D0U	200
train	3D0X	200
train	3DHS	200
train	3DIG	200
train	3DIL	200
train	3DIM	200
train	3DIO	200
train	3DIQ	200
train	3DIR	200
train	3DIS	200
train	3DIX	200
train	3DIY	200
train	3DIZ	200
train	3DJ0	200
train	3DJ2	200
train	3DVZ	200
train	3DW4	200
train	3DW5	200
train	3DW6	200
train	3DW7	200
train	3E5C	200
train	3E5E	200
train	3E5F	200
train	3F2Q	200
train	3F2T	200
train	3F2W	200
train	3F2X	200
train	3F2Y	200
train	3F30	200
train	3FO4	200
train	3FO6	200
train	3G4M	200
train	3GAO	200
train	3GCA	200
train	3GER	200
train	3GES	200
train	3GOG	200
train	3GOT	200
train	3GX2	200
train	3GX3	200
train	3GX5	200
train	3GX6	200
train	3GX7	200
train	3IQN	200
train	3IQP	200
train	3IQR	200
train	3IZD	200
train	3K1V	200
train	3L0U	200
train	3LA5	200
train	3MIJ	200
train	3ND3	200
train	3ND4	200
train	3NJ6	200
train	3NPN	200
train	3PHP	200
train	3Q50	200
train	3Q51	200
train	3R4F	200
train	3SD3	200
train	3SUH	200
train	3SUX	200
train	3SUY	200
train	3T4B	200
train	3TRA	200
train	3VRS	200
train	413D	200
train	430D	200
train	437D	200
train	480D	200
train	483D	200
train	4A4S	200
train	4A4T	200
train	4A4U	200
train	4AOB	200
train	4B5R	200
train	4C40	200
train	4CS1	200
train	4DS6	200
train	4E8M	200
train	4E8N	200
train	4E8P	200
train	4E8Q	200
train	4E8R	200
train	4E8V	200
train	4EN5	200
train	4ENA	200
train	4ENB	200
train	4ENC	200
train	4ERJ	200
train	4ERL	200
train	4FAQ	200
train	4FAU	200
train	4FAX	200
train	4FB0	200
train	4FE5	200
train	4FEJ	200
train	4FEL	200
train	4FEN	200
train	4FEO	200
train	4FEP	200
train	4FNJ	200
train	4GMA	200
train	4GXY	200
train	4JF2	200
train	4K27	200
train	4KQY	200
train	4L81	200
train	4LVV	200
train	4LVW	200
train	4LVX	200
train	4LVY	200
train	4LVZ	200
train	4LW0	200
train	4LX5	200
train	4LX6	200
train	4MS9	200
train	4NYB	200
train	4NYC	200
train	4NYD	200
train	4NYG	200
train	4OJI	200
train	4OQU	200
train	4P5J	200
train	4P8Z	200
train	4P9R	200
train	4PCJ	200
train	4PQV	200
train	4QLM	200
train	4QLN	200
train	4R4P	200
train	4R4V	200
train	4RUM	200
train	4RZD	200
train	4TNA	200
train	4TRA	200
train	4TZX	200
train	4TZY	200
train	4WFL	200
train	4XNR	200
train	4XW1	200
train	4XW7	200
train	4XWF	200
train	4Y27	200
train	5A17	200
train	5A18	200
train	5C7U	200
train	5D99	200
train	5DUN	200
train	5FJC	200
train	5FK1	200
train	5FK2	200
train	5FK3	200
train	5FK4	200
train	5FK5	200
train	5FK6	200
train	5FKD	200
train	5FKE	200
train	5FKF	200
train	5FKG	200
train	5FKH	200
train	5IEM	200
train	5J01	200
train	5KH8	200
train	5KMZ	200
train	5KPY	200
train	5KQE	200
train	5L4O	200
train	5LSN	200
train	5LWJ	200
train	5M0H	200
train	5N5C	200
train	5NEF	200
train	5NEO	200
train	5NEP	200
train	5NEQ	200
train	5NEX	200
train	5NOM	200
train	5NZ6	200
train	5OB3	200
train	5SWE	200
train	5T83	200
train	5TPY	200
train	5U3G	200
train	5UF3	200
train	5UZA	200
train	5UZT	200
train	5V16	200
train	5V17	200
train	5V3I	200
train	5WQ1	200
train	5XWG	200
train	6AAS	200
train	6AAU	200
train	6BY4	200
train	6BY5	200
train	6CU1	200
train	6D3P	200
train	6DLQ	200
train	6DLR	200
train	6DLS	200
train	6DLT	200
train	6DME	200
train	6DNR	200
train	6DVK	200
train	6E80	200
train	6E81	200
train	6E82	200
train	6E84	200
train	6E8U	200
train	6EZ0	200
train	6FZ0	200
train	6GYV	200
train	6GZK	200
train	6GZR	200
train	6HAG	200
train	6HBT	200
train	6HBX	200
train	6HC5	200
train	6HYK	200
train	6IZP	200
train	6JJH	200
train	6JJI	200
train	6JQ6	200
train	6JXM	200
train	6K84	200
train	6N5K	200
train	6N5N	200
train	6N5O	200
train	6N5P	200
train	6N5Q	200
train	6N5S	200
train	6N5T	200
train	6NOA	200
train	6P2H	200
train	6PK9	200
train	6PQ7	200
train	6Q57	200
train	6Q8V	200
train	6QIV	200
train	6T3N	200
train	6T3S	200
train	6TB7	200
train	6TF0	200
train	6TF1	200
train	6TF2	200
train	6TF3	200
train	6TFE	200
train	6TFF	200
train	6TFG	200
train	6TFH	200
train	6TNA	200
train	6U79	200
train	6UBU	200
train	6UC7	200
train	6UC8	200
train	6UC9	200
train	6UES	200
train	6UET	200
train	6UGI	200
train	6UGJ	200
train	6VMY	200
train	6VUH	200
train	6VUI	200
train	6VZC	200
train	6W3M	200
train	6WJR	200
train	6WJS	200
train	6WLJ	200
train	6WLK	200
train	6WLL	200
train	6WLM	200
train	6WLQ	200
train	6WLR	200
train	6WLS	200
train	6WLT	200
train	6WLU	200
train	6WTL	200
train	6WTR	200
train	6XB7	200
val	6XKN	200
val	6XKO	200
train	6XRZ	200
train	6XUR	200
train	6XUS	200
train	6XWJ	200
train	6XWW	200
train	6XXA	200
train	6XXB	200
train	6Y0Y	200
train	7D12	200
train	7D7W	200
train	7D7X	200
train	7D7Y	200
train	7D7Z	200
train	7D81	200
train	7D82	200
train	7DD4	200
val	7E9I	200
train	7EAF	200
val	7EDN	200
val	7EEM	200
val	7EFG	200
val	7EFH	200
val	7EOG	200
val	7EOH	200
val	7EOI	200
val	7EOJ	200
val	7EOK	200
val	7EOL	200
val	7EOM	200
val	7EON	200
val	7EOO	200
val	7EOP	200
val	7EXY	200
train	7EZ0	200
val	7FHI	200
val	7FJ0	200
train	7JJD	200
train	7JRR	200
train	7JU1	200
train	7K16	200
train	7K4L	200
train	7KD1	200
train	7KJU	200
val	7KUB	200
val	7KUC	200
val	7KUD	200
val	7KVT	200
val	7KVU	200
val	7KVV	200
train	7L0Z	200
train	7LYF	200
train	7LYJ	200
val	7M3V	200
val	7MKT	200
train	7MKY	200
val	7MLW	200
val	7POF	200
val	7PS8	200
val	7PTK	8
val	7PTL	0
val	7PTQ	1
val	7PTS	3
val	7Q48	200
val	7Q6L	200
val	7QA2	200
val	7QDU	8
val	7QP2	200
val	7R6N	200
val	7RWR	200
val	7SAM	200
val	7SHX	200
val	7SXP	200
val	7TD7	200
val	7TDA	200
val	7TDB	200
val	7TDC	200
val	7TZT	200
val	7TZU	200
val	7U4A	200
val	7UCR	200
val	7UGA	200
val	7UMC	200
val	7UMD	200
val	7UME	200
val	7UQ6	200
val	7URI	200
val	7URM	200
val	7UVT	200
val	7UZ0	200
val	7V06	200
val	7V9E	200
val	7VFT	200
val	7WI9	200
val	7WIA	200
val	7WIB	200
val	7WIE	200
val	7WIF	200
val	7WII	200
val	7XD3	200
val	7XD4	200
val	7XD7	200
val	7XSK	200
val	7XSL	200
val	7XSM	200
val	7XSN	200
val	7Y2B	200
val	7YC8	200
val	7ZJ4	0
val	7ZJ5	0
val	8BTZ	200
test	8BU8	188
val	8BWT	200
val	8CLR	200
val	8CQ1	200
val	8FCS	200
val	8FW4	200
val	8HB8	200
val	8HD6	200
val	8HD7	200
val	8I43	200
val	8I44	200
val	8I45	200
val	8I46	200
val	8I7N	200
test	8ITS	200
test	8JHP	200
test	8K15	178
test	8K7W	200
test	8Q4O	200
test	8Q6N	200
test	8QO2	44
test	8QO3	200
val	8S95	200
val	8SCF	200
val	8SCH	200
val	8SP9	200
test	8T5O	200
val	8THV	200
val	8TJQ	200
val	8TJV	200
val	8TJX	200
val	8TNS	200
test	8TVZ	0
val	8U3M	200
test	8UPT	200
test	8UPY	200
val	8UYE	147
val	8UYG	155
val	8UYJ	200
val	8UYK	200
val	8UYL	200
val	8UYM	200
val	8UYP	200
val	8UYS	200
test	8V1H	200
test	8VCI	200
test	8VT5	200
test	8XTS	0
test	8XZO	200
test	8ZNQ	200
test	9BCI	200
test	9BLM	200
test	9BZC	200
test	9C6J	200
test	9DE7	200
test	9E74	125
test	9E75	187
test	9ECQ	200
test	9ELY	164
test	9EOW	200
test	9EWW	200
test	9FM4	200
test	9FO8	200
test	9FO9	200
test	9G4I	200
test	9G4R	200
test	9G7C	138
test	9HRF	200
test	9HRO	200
test	9IOS	200
test	9ISV	20
test	9J4N	200
test	9J4O	200
test	9K9G	176
test	9K9K	200
test	9KGG	200
test	9L8F	200
test	9LEC	87
test	9LEL	2
test	9LHK	0
test	9LKE	200
test	9M79	1
test	9MFH	200
test	9MQT	200
test	9NAM	200
test	9OBM	200
test	9OD4	200
test	9QTJ	200
test	9QZJ	200
test	9SY8	200
test	9UUG	200
test	9UW0	200
test	9W1L	200
test	9X6B	200
test	9Z6I	200
test	9ZC9	0
