PDB_ID	FINAL_SPLIT	RAW_JSON_PRESENT	UPDATED_JSON_PRESENT	PREP_DIR_PRESENT
10ZT	test	True	True	True
17RA	train	True	True	True
1A51	train	True	True	True
1A60	train	True	True	True
1A9L	train	True	True	True
1AFX	train	True	True	True
1AJF	train	True	True	True
1AJU	train	True	True	True
1AKX	train	True	True	True
1AM0	train	True	True	True
1ANR	train	True	True	True
1AQO	train	True	True	True
1ARJ	train	True	True	True
1ATO	train	True	True	True
1ATV	train	True	True	True
1ATW	train	True	True	True
1B36	train	True	True	True
1BGZ	train	True	True	True
1BN0	train	True	True	True
1BVJ	train	True	True	True
1BYJ	train	True	True	True
1BZ2	train	True	True	True
1BZ3	train	True	True	True
1BZT	train	True	True	True
1BZU	train	True	True	True
1C0O	train	True	True	True
1C2W	train	True	True	True
1C2X	train	True	True	True
1CQ5	train	True	True	True
1CQL	train	True	True	True
1D0T	train	True	True	True
1D0U	train	True	True	True
1DUH	train	True	True	True
1E4P	train	True	True	True
1E95	train	True	True	True
1EBQ	train	True	True	True
1EBR	train	True	True	True
1EBS	train	True	True	True
1EHT	train	True	True	True
1EHZ	train	True	True	True
1EI2	train	True	True	True
1ESH	train	True	True	True
1ESY	train	True	True	True
1EVV	train	True	True	True
1F1T	train	True	True	True
1F6X	train	True	True	True
1F6Z	train	True	True	True
1F78	train	True	True	True
1F79	train	True	True	True
1F7F	train	True	True	True
1F7G	train	True	True	True
1F7H	train	True	True	True
1F7I	train	True	True	True
1F84	train	True	True	True
1F85	train	True	True	True
1F9L	train	True	True	True
1FEQ	train	True	True	True
1FHK	train	True	True	True
1FIR	train	True	True	True
1FL8	train	True	True	True
1FMN	train	True	True	True
1FQZ	train	True	True	True
1FYO	train	True	True	True
1FYP	train	True	True	True
1G2J	train	True	True	True
1HLX	train	True	True	True
1HS1	train	True	True	True
1HS2	train	True	True	True
1HS3	train	True	True	True
1HS4	train	True	True	True
1HS8	train	True	True	True
1HWQ	train	True	True	True
1I3X	train	True	True	True
1I3Y	train	True	True	True
1I46	train	True	True	True
1I4B	train	True	True	True
1I4C	train	True	True	True
1I9V	train	True	True	True
1IDV	train	True	True	True
1IE1	train	True	True	True
1IE2	train	True	True	True
1IK1	train	True	True	True
1IKD	train	True	True	True
1J4Y	train	True	True	True
1JO7	train	True	True	True
1JOX	train	True	True	True
1JP0	train	True	True	True
1JTJ	train	True	True	True
1JTW	train	True	True	True
1JU7	train	True	True	True
1JUR	train	True	True	True
1JWC	train	True	True	True
1JZC	train	True	True	True
1K2G	train	True	True	True
1K4A	train	True	True	True
1K4B	train	True	True	True
1K5I	train	True	True	True
1K6G	train	True	True	True
1K6H	train	True	True	True
1KAJ	train	True	True	True
1KFO	train	True	True	True
1KH6	train	True	True	True
1KKA	train	True	True	True
1KKS	train	True	True	True
1KOS	train	True	True	True
1KP7	train	True	True	True
1KPD	train	True	True	True
1KPY	train	True	True	True
1KPZ	train	True	True	True
1KXK	train	True	True	True
1L1W	train	True	True	True
1L2X	train	True	True	True
1L3D	train	True	True	True
1LC6	train	True	True	True
1LDZ	train	True	True	True
1LU3	train	True	True	True
1LUU	train	True	True	True
1LUX	train	True	True	True
1LVJ	train	True	True	True
1M5L	train	True	True	True
1M82	train	True	True	True
1MDG	train	True	True	True
1ME1	train	True	True	True
1MFJ	train	True	True	True
1MFK	train	True	True	True
1MFY	train	True	True	True
1MNX	train	True	True	True
1MSY	train	True	True	True
1MT4	train	True	True	True
1N66	train	True	True	True
1N8X	train	True	True	True
1NA2	train	True	True	True
1NBK	train	True	True	True
1NBR	train	True	True	True
1NC0	train	True	True	True
1NEM	train	True	True	True
1NJN	train	True	True	True
1NZ1	train	True	True	True
1O15	train	True	True	True
1OQ0	train	True	True	True
1OSU	train	True	True	True
1OSW	train	True	True	True
1OW9	train	True	True	True
1P5M	train	True	True	True
1P5N	train	True	True	True
1P5O	train	True	True	True
1P5P	train	True	True	True
1P79	train	True	True	True
1P9X	train	True	True	True
1PBR	train	True	True	True
1PJY	train	True	True	True
1Q75	train	True	True	True
1Q8N	train	True	True	True
1Q9A	train	True	True	True
1QC8	train	True	True	True
1QD3	train	True	True	True
1QWA	train	True	True	True
1QWB	train	True	True	True
1QZA	train	True	True	True
1QZB	train	True	True	True
1R2P	train	True	True	True
1R4H	train	True	True	True
1R7W	train	True	True	True
1R7Z	train	True	True	True
1RAW	train	True	True	True
1RFR	train	True	True	True
1RHT	train	True	True	True
1RMN	train	True	True	True
1RNG	train	True	True	True
1RNK	train	True	True	True
1ROQ	train	True	True	True
1RXA	train	True	True	True
1S2F	train	True	True	True
1S34	train	True	True	True
1S9S	train	True	True	True
1SCL	train	True	True	True
1SLO	train	True	True	True
1SLP	train	True	True	True
1SY4	train	True	True	True
1SYZ	train	True	True	True
1SZY	train	True	True	True
1T28	train	True	True	True
1TBK	train	True	True	True
1TFN	train	True	True	True
1TJZ	train	True	True	True
1TLR	train	True	True	True
1TN1	train	True	True	True
1TN2	train	True	True	True
1TOB	train	True	True	True
1TRA	train	True	True	True
1TXS	train	True	True	True
1U2A	train	True	True	True
1U3K	train	True	True	True
1U9S	train	True	True	True
1UTS	train	True	True	True
1UUD	train	True	True	True
1UUI	train	True	True	True
1UUU	train	True	True	True
1VOP	train	True	True	True
1VTQ	train	True	True	True
1WKS	train	True	True	True
1WTS	train	True	True	True
1WTT	train	True	True	True
1XHP	train	True	True	True
1XJR	train	True	True	True
1XSG	train	True	True	True
1XSH	train	True	True	True
1XST	train	True	True	True
1XSU	train	True	True	True
1XV6	train	True	True	True
1XWP	train	True	True	True
1XWU	train	True	True	True
1Y26	train	True	True	True
1Y27	train	True	True	True
1YFG	train	True	True	True
1YG3	train	True	True	True
1YG4	train	True	True	True
1YLG	train	True	True	True
1YMO	train	True	True	True
1YN1	train	True	True	True
1YN2	train	True	True	True
1YNC	train	True	True	True
1YNE	train	True	True	True
1YNG	train	True	True	True
1YSV	train	True	True	True
1Z2J	train	True	True	True
1Z30	train	True	True	True
1Z31	train	True	True	True
1Z43	train	True	True	True
1Z58	train	True	True	True
1ZC5	train	True	True	True
1ZIF	train	True	True	True
1ZIG	train	True	True	True
1ZIH	train	True	True	True
23JZ	test	True	True	True
255D	train	True	True	True
283D	train	True	True	True
28SP	train	True	True	True
28SR	train	True	True	True
2A2E	train	True	True	True
2A43	train	True	True	True
2A64	train	True	True	True
2A9L	train	True	True	True
2AHT	train	True	True	True
2AP0	train	True	True	True
2AP5	train	True	True	True
2AU4	train	True	True	True
2AWQ	train	True	True	True
2B57	train	True	True	True
2B7G	train	True	True	True
2CD1	train	True	True	True
2CD3	train	True	True	True
2CD5	train	True	True	True
2CD6	train	True	True	True
2EES	train	True	True	True
2EET	train	True	True	True
2EEU	train	True	True	True
2EEV	train	True	True	True
2EEW	train	True	True	True
2ES5	train	True	True	True
2EUY	train	True	True	True
2EVY	train	True	True	True
2F87	train	True	True	True
2F88	train	True	True	True
2FDT	train	True	True	True
2FEY	train	True	True	True
2G1G	train	True	True	True
2G1W	train	True	True	True
2G9C	train	True	True	True
2GBH	train	True	True	True
2GIO	train	True	True	True
2GIP	train	True	True	True
2GIS	train	True	True	True
2GRW	train	True	True	True
2GV3	train	True	True	True
2GV4	train	True	True	True
2GVO	train	True	True	True
2HEM	train	True	True	True
2HNS	train	True	True	True
2HOJ	train	True	True	True
2HOK	train	True	True	True
2HOL	train	True	True	True
2HOM	train	True	True	True
2HOO	train	True	True	True
2HOP	train	True	True	True
2HUA	train	True	True	True
2IXY	train	True	True	True
2IXZ	train	True	True	True
2JJA	train	True	True	True
2JR4	train	True	True	True
2JRG	train	True	True	True
2JRQ	train	True	True	True
2JSE	train	True	True	True
2JSG	train	True	True	True
2JTP	train	True	True	True
2JUK	train	True	True	True
2JWV	train	True	True	True
2JXV	train	True	True	True
2JYM	train	True	True	True
2K4C	train	True	True	True
2K5Z	train	True	True	True
2K66	train	True	True	True
2K95	train	True	True	True
2K96	train	True	True	True
2KD8	train	True	True	True
2KE6	train	True	True	True
2KEZ	train	True	True	True
2KF0	train	True	True	True
2KGP	train	True	True	True
2KHY	train	True	True	True
2KOC	train	True	True	True
2KPC	train	True	True	True
2KPD	train	True	True	True
2KPV	train	True	True	True
2KRL	train	True	True	True
2KRP	train	True	True	True
2KRQ	train	True	True	True
2KRV	train	True	True	True
2KRW	train	True	True	True
2KRY	train	True	True	True
2KRZ	train	True	True	True
2KTZ	train	True	True	True
2KU0	train	True	True	True
2KUR	train	True	True	True
2KUU	train	True	True	True
2KUV	train	True	True	True
2KUW	train	True	True	True
2KVN	train	True	True	True
2KX8	train	True	True	True
2KXM	train	True	True	True
2KYE	train	True	True	True
2KZL	train	True	True	True
2L1V	train	True	True	True
2L2J	train	True	True	True
2L3E	train	True	True	True
2L5Z	train	True	True	True
2L6I	train	True	True	True
2L8H	train	True	True	True
2L94	train	True	True	True
2L9E	train	True	True	True
2LA9	train	True	True	True
2LAC	train	True	True	True
2LBJ	train	True	True	True
2LBK	train	True	True	True
2LBL	train	True	True	True
2LBQ	train	True	True	True
2LBR	train	True	True	True
2LC8	train	True	True	True
2LDL	train	True	True	True
2LDT	train	True	True	True
2LDZ	train	True	True	True
2LHP	train	True	True	True
2LI4	train	True	True	True
2LJJ	train	True	True	True
2LK3	train	True	True	True
2LKR	train	True	True	True
2LP9	train	True	True	True
2LPA	train	True	True	True
2LPS	train	True	True	True
2LPT	train	True	True	True
2LQZ	train	True	True	True
2LU0	train	True	True	True
2LUB	train	True	True	True
2LUN	train	True	True	True
2LV0	train	True	True	True
2LWK	train	True	True	True
2M12	train	True	True	True
2M21	train	True	True	True
2M22	train	True	True	True
2M24	train	True	True	True
2M4Q	train	True	True	True
2M4W	train	True	True	True
2M57	train	True	True	True
2M58	train	True	True	True
2M5U	train	True	True	True
2M8K	train	True	True	True
2MEQ	train	True	True	True
2MER	train	True	True	True
2MFD	train	True	True	True
2MHI	train	True	True	True
2MIS	train	True	True	True
2MIY	train	True	True	True
2MN0	train	True	True	True
2MNC	train	True	True	True
2MQT	train	True	True	True
2MTJ	train	True	True	True
2MTK	train	True	True	True
2MXJ	train	True	True	True
2MXL	train	True	True	True
2MXS	train	True	True	True
2N0J	train	True	True	True
2N0R	train	True	True	True
2N1Q	train	True	True	True
2N2O	train	True	True	True
2N2P	train	True	True	True
2N3Q	train	True	True	True
2N3R	train	True	True	True
2N4L	train	True	True	True
2N6S	train	True	True	True
2N6T	train	True	True	True
2N6W	train	True	True	True
2N6X	train	True	True	True
2N7M	train	True	True	True
2N7X	train	True	True	True
2N8V	train	True	True	True
2NBX	train	True	True	True
2NBY	train	True	True	True
2NBZ	train	True	True	True
2NC0	train	True	True	True
2NC1	train	True	True	True
2NCI	train	True	True	True
2O32	train	True	True	True
2O33	train	True	True	True
2O43	train	True	True	True
2O44	train	True	True	True
2O45	train	True	True	True
2OJ7	train	True	True	True
2OJ8	train	True	True	True
2PCV	train	True	True	True
2Q1R	train	True	True	True
2QBZ	train	True	True	True
2QH2	train	True	True	True
2QH3	train	True	True	True
2QH4	train	True	True	True
2RLU	train	True	True	True
2RO2	train	True	True	True
2RP0	train	True	True	True
2RP1	train	True	True	True
2RPK	train	True	True	True
2RPT	train	True	True	True
2RRC	train	True	True	True
2RVO	train	True	True	True
2TOB	train	True	True	True
2TPK	train	True	True	True
2TRA	train	True	True	True
2U2A	train	True	True	True
2WNA	train	True	True	True
2XC6	train	True	True	True
2XNW	train	True	True	True
2XNZ	train	True	True	True
2XO0	train	True	True	True
2XO1	train	True	True	True
2Y95	train	True	True	True
2YDH	train	True	True	True
2YGH	train	True	True	True
2Z9Q	train	True	True	True
2ZY6	train	True	True	True
30SC	test	True	True	True
333D	train	True	True	True
387D	train	True	True	True
3A3A	train	True	True	True
3BBV	train	True	True	True
3BNT	train	True	True	True
3BWP	train	True	True	True
3CW5	train	True	True	True
3CW6	train	True	True	True
3CZW	train	True	True	True
3D0M	train	True	True	True
3D0U	train	True	True	True
3D0X	train	True	True	True
3DHS	train	True	True	True
3DIG	train	True	True	True
3DIL	train	True	True	True
3DIM	train	True	True	True
3DIO	train	True	True	True
3DIQ	train	True	True	True
3DIR	train	True	True	True
3DIS	train	True	True	True
3DIX	train	True	True	True
3DIY	train	True	True	True
3DIZ	train	True	True	True
3DJ0	train	True	True	True
3DJ2	train	True	True	True
3DVZ	train	True	True	True
3DW4	train	True	True	True
3DW5	train	True	True	True
3DW6	train	True	True	True
3DW7	train	True	True	True
3E5C	train	True	True	True
3E5E	train	True	True	True
3E5F	train	True	True	True
3F2Q	train	True	True	True
3F2T	train	True	True	True
3F2W	train	True	True	True
3F2X	train	True	True	True
3F2Y	train	True	True	True
3F30	train	True	True	True
3FO4	train	True	True	True
3FO6	train	True	True	True
3G4M	train	True	True	True
3GAO	train	True	True	True
3GCA	train	True	True	True
3GER	train	True	True	True
3GES	train	True	True	True
3GOG	train	True	True	True
3GOT	train	True	True	True
3GX2	train	True	True	True
3GX3	train	True	True	True
3GX5	train	True	True	True
3GX6	train	True	True	True
3GX7	train	True	True	True
3HGA	train	True	True	True
3IQN	train	True	True	True
3IQP	train	True	True	True
3IQR	train	True	True	True
3IZD	train	True	True	True
3J28	train	True	False	False
3J29	train	True	False	False
3J2A	train	True	False	False
3J2B	train	True	False	False
3J2D	train	True	False	False
3J2E	train	True	False	False
3J2F	train	True	False	False
3J2G	train	True	False	False
3J2H	train	True	False	False
3K1V	train	True	True	True
3L0U	train	True	True	True
3LA5	train	True	True	True
3MIJ	train	True	True	True
3ND3	train	True	True	True
3ND4	train	True	True	True
3NJ6	train	True	True	True
3NPN	train	True	True	True
3PHP	train	True	True	True
3Q50	train	True	True	True
3Q51	train	True	True	True
3R4F	train	True	True	True
3S7C	train	True	True	True
3S8U	train	True	True	True
3SD3	train	True	True	True
3SUH	train	True	True	True
3SUX	train	True	True	True
3SUY	train	True	True	True
3T4B	train	True	True	True
3TRA	train	True	True	True
3VRS	train	True	True	True
413D	train	True	True	True
430D	train	True	True	True
437D	train	True	True	True
480D	train	True	True	True
483D	train	True	True	True
4A4R	train	True	True	True
4A4S	train	True	True	True
4A4T	train	True	True	True
4A4U	train	True	True	True
4AOB	train	True	True	True
4B5R	train	True	True	True
4C40	train	True	True	True
4C4Q	train	True	True	True
4CS1	train	True	True	True
4DS6	train	True	True	True
4E8M	train	True	True	True
4E8N	train	True	True	True
4E8P	train	True	True	True
4E8Q	train	True	True	True
4E8R	train	True	True	True
4E8V	train	True	True	True
4EN5	train	True	True	True
4ENA	train	True	True	True
4ENB	train	True	True	True
4ENC	train	True	True	True
4ERJ	train	True	True	True
4ERL	train	True	True	True
4FAQ	train	True	True	True
4FAU	train	True	True	True
4FAX	train	True	True	True
4FB0	train	True	True	True
4FE5	train	True	True	True
4FEJ	train	True	True	True
4FEL	train	True	True	True
4FEN	train	True	True	True
4FEO	train	True	True	True
4FEP	train	True	True	True
4FNJ	train	True	True	True
4GMA	train	True	True	True
4GXY	train	True	True	True
4JF2	train	True	True	True
4JIY	train	True	True	True
4K27	train	True	True	True
4KQY	train	True	True	True
4L81	train	True	True	True
4LVV	train	True	True	True
4LVW	train	True	True	True
4LVX	train	True	True	True
4LVY	train	True	True	True
4LVZ	train	True	True	True
4LW0	train	True	True	True
4LX5	train	True	True	True
4LX6	train	True	True	True
4MS9	train	True	True	True
4NLF	train	True	True	True
4NMG	train	True	True	True
4NXH	train	True	True	True
4NYB	train	True	True	True
4NYC	train	True	True	True
4NYD	train	True	True	True
4NYG	train	True	True	True
4OJI	train	True	True	True
4OQU	train	True	True	True
4P5J	train	True	True	True
4P8Z	train	True	True	True
4P9R	train	True	True	True
4PCJ	train	True	True	True
4PQV	train	True	True	True
4QK8	train	True	True	True
4QK9	train	True	True	True
4QKA	train	True	True	True
4QLM	train	True	True	True
4QLN	train	True	True	True
4R4P	train	True	True	True
4R4V	train	True	True	True
4RBQ	train	True	True	True
4RBY	train	True	True	True
4RBZ	train	True	True	True
4RC0	train	True	True	True
4RUM	train	True	True	True
4RZD	train	True	True	True
4TNA	train	True	True	True
4TRA	train	True	True	True
4TZX	train	True	True	True
4TZY	train	True	True	True
4WFL	train	True	True	True
4XNR	train	True	True	True
4XW1	train	True	True	True
4XW7	train	True	True	True
4XWF	train	True	True	True
4Y27	train	True	True	True
5A17	train	True	True	True
5A18	train	True	True	True
5C5W	train	True	True	True
5C7U	train	True	True	True
5C7W	train	True	True	True
5D99	train	True	True	True
5DA6	train	True	True	True
5DO5	train	True	True	True
5DUN	train	True	True	True
5FJC	train	True	True	True
5FK1	train	True	True	True
5FK2	train	True	True	True
5FK3	train	True	True	True
5FK4	train	True	True	True
5FK5	train	True	True	True
5FK6	train	True	True	True
5FKD	train	True	True	True
5FKE	train	True	True	True
5FKF	train	True	True	True
5FKG	train	True	True	True
5FKH	train	True	True	True
5G2Y	train	True	True	True
5HBY	train	True	True	True
5IEM	train	True	True	True
5J01	train	True	True	True
5K8H	train	True	True	True
5KH8	train	True	True	True
5KMZ	train	True	True	True
5KPY	train	True	True	True
5KQE	train	True	True	True
5L4O	train	True	True	True
5LSN	train	True	True	True
5LWJ	train	True	True	True
5M0H	train	True	True	True
5MRX	train	True	True	True
5MWI	train	True	True	True
5N5C	train	True	True	True
5NEF	train	True	True	True
5NEO	train	True	True	True
5NEP	train	True	True	True
5NEQ	train	True	True	True
5NEX	train	True	True	True
5NOM	train	True	True	True
5NQI	train	True	True	True
5NXT	train	True	True	True
5NZ6	train	True	True	True
5OB3	train	True	True	True
5SWE	train	True	True	True
5T83	train	True	True	True
5TPY	train	True	True	True
5U3G	train	True	True	True
5UF3	train	True	True	True
5UZA	train	True	True	True
5UZT	train	True	True	True
5V0K	train	True	True	True
5V16	train	True	True	True
5V17	train	True	True	True
5V3I	train	True	True	True
5WQ1	train	True	True	True
5XWG	train	True	True	True
5Z1I	train	True	True	True
6AAS	train	True	True	True
6AAU	train	True	True	True
6BY4	train	True	True	True
6BY5	train	True	True	True
6CU1	train	True	True	True
6D3P	train	True	True	True
6DLQ	train	True	True	True
6DLR	train	True	True	True
6DLS	train	True	True	True
6DLT	train	True	True	True
6DME	train	True	True	True
6DNR	train	True	True	True
6DVK	train	True	True	True
6E1S	train	True	True	True
6E1T	train	True	True	True
6E1U	train	True	True	True
6E1V	train	True	True	True
6E1W	train	True	True	True
6E7L	train	True	True	True
6E80	train	True	True	True
6E81	train	True	True	True
6E82	train	True	True	True
6E84	train	True	True	True
6E8U	train	True	True	True
6EZ0	train	True	True	True
6FZ0	train	True	True	True
6GYV	train	True	True	True
6GZK	train	True	True	True
6GZR	train	True	True	True
6HAG	train	True	True	True
6HBT	train	True	True	True
6HBX	train	True	True	True
6HC5	train	True	True	True
6HYK	train	True	True	True
6IZP	train	True	True	True
6JJH	train	True	True	True
6JJI	train	True	True	True
6JQ6	train	True	True	True
6JXM	train	True	True	True
6K84	train	True	True	True
6MCI	train	True	True	True
6MXQ	train	True	True	True
6N5K	train	True	True	True
6N5N	train	True	True	True
6N5O	train	True	True	True
6N5P	train	True	True	True
6N5Q	train	True	True	True
6N5S	train	True	True	True
6N5T	train	True	True	True
6NOA	train	True	True	True
6OL3	train	True	True	True
6P2H	train	True	True	True
6PK9	train	True	True	True
6PQ7	train	True	True	True
6Q57	train	True	True	True
6Q8V	train	True	True	True
6QIV	train	True	True	True
6T3N	train	True	True	True
6T3S	train	True	True	True
6TB7	train	True	True	True
6TF0	train	True	True	True
6TF1	train	True	True	True
6TF2	train	True	True	True
6TF3	train	True	True	True
6TFE	train	True	True	True
6TFF	train	True	True	True
6TFG	train	True	True	True
6TFH	train	True	True	True
6TNA	train	True	True	True
6U79	train	True	True	True
6UBU	train	True	True	True
6UC7	train	True	True	True
6UC8	train	True	True	True
6UC9	train	True	True	True
6UES	train	True	True	True
6UET	train	True	True	True
6UGI	train	True	True	True
6UGJ	train	True	True	True
6VAR	train	True	True	True
6VMY	train	True	True	True
6VU1	train	True	True	True
6VUH	train	True	True	True
6VUI	train	True	True	True
6VVJ	train	True	True	True
6VZC	train	True	True	True
6W3M	train	True	True	True
6WJR	train	True	True	True
6WJS	train	True	True	True
6WLJ	train	True	True	True
6WLK	train	True	True	True
6WLL	train	True	True	True
6WLM	train	True	True	True
6WLN	train	True	True	True
6WLO	train	True	True	True
6WLQ	train	True	True	True
6WLR	train	True	True	True
6WLS	train	True	True	True
6WLT	train	True	True	True
6WLU	train	True	True	True
6WTL	train	True	True	True
6WTR	train	True	True	True
6XB7	train	True	True	True
6XKN	val	True	True	True
6XKO	val	True	True	True
6XRZ	train	True	True	True
6XUR	train	True	True	True
6XUS	train	True	True	True
6XWJ	train	True	True	True
6XWW	train	True	True	True
6XXA	train	True	True	True
6XXB	train	True	True	True
6Y0Y	train	True	True	True
6Y3G	train	True	True	True
6ZYB	train	True	True	True
7D12	train	True	True	True
7D7W	train	True	True	True
7D7X	train	True	True	True
7D7Y	train	True	True	True
7D7Z	train	True	True	True
7D81	train	True	True	True
7D82	train	True	True	True
7DD4	train	True	True	True
7E9E	val	True	True	True
7E9I	val	True	True	True
7EAF	train	True	True	True
7EDN	val	True	True	True
7EEM	val	True	True	True
7EFG	val	True	True	True
7EFH	val	True	True	True
7EOG	val	True	True	True
7EOH	val	True	True	True
7EOI	val	True	True	True
7EOJ	val	True	True	True
7EOK	val	True	True	True
7EOL	val	True	True	True
7EOM	val	True	True	True
7EON	val	True	True	True
7EOO	val	True	True	True
7EOP	val	True	True	True
7EXY	val	True	True	True
7EZ0	train	True	True	True
7FHI	val	True	True	True
7FJ0	val	True	True	True
7JJD	train	True	True	True
7JJE	train	True	True	True
7JJF	train	True	True	True
7JRR	train	True	True	True
7JU1	train	True	True	True
7K16	train	True	True	True
7K4L	train	True	True	True
7KD1	train	True	True	True
7KJU	train	True	True	True
7KUB	val	True	True	True
7KUC	val	True	True	True
7KUD	val	True	True	True
7KVT	val	True	True	True
7KVU	val	True	True	True
7KVV	val	True	True	True
7L0Z	train	True	True	True
7L3R	train	True	True	True
7LVA	train	True	True	True
7LYF	train	True	True	True
7LYG	train	True	True	True
7LYJ	train	True	True	True
7M3V	val	True	True	True
7MKT	val	True	True	True
7MKY	train	True	True	True
7MLW	val	True	True	True
7POF	val	True	True	True
7PS8	val	True	True	True
7PTK	val	True	True	True
7PTL	val	True	True	True
7PTQ	val	True	True	True
7PTS	val	True	True	True
7Q48	val	True	True	True
7Q6L	val	True	True	True
7QA2	val	True	True	True
7QDU	val	True	True	True
7QP2	val	True	True	True
7QSH	val	True	True	True
7QUA	val	True	True	True
7R6N	val	True	True	True
7RWR	val	True	True	True
7SAM	val	True	True	True
7SHX	val	True	True	True
7SXP	val	True	True	True
7TD7	val	True	True	True
7TDA	val	True	True	True
7TDB	val	True	True	True
7TDC	val	True	True	True
7TZT	val	True	True	True
7TZU	val	True	True	True
7U4A	val	True	True	True
7UCR	val	True	True	True
7UGA	val	True	True	True
7UMC	val	True	True	True
7UMD	val	True	True	True
7UME	val	True	True	True
7UQ6	val	True	True	True
7URI	val	True	True	True
7URM	val	True	True	True
7UVT	val	True	True	True
7UZ0	val	True	True	True
7V06	val	True	True	True
7V9E	val	True	True	True
7VFT	val	True	True	True
7WI9	val	True	True	True
7WIA	val	True	True	True
7WIB	val	True	True	True
7WIE	val	True	True	True
7WIF	val	True	True	True
7WII	val	True	True	True
7XD3	val	True	True	True
7XD4	val	True	True	True
7XD7	val	True	True	True
7XSK	val	True	True	True
7XSL	val	True	True	True
7XSM	val	True	True	True
7XSN	val	True	True	True
7Y2B	val	True	True	True
7YC8	val	True	True	True
7ZFW	val	True	False	False
7ZJ4	val	True	True	True
7ZJ5	val	True	True	True
8BTZ	val	True	True	True
8BU8	test	True	True	True
8BWT	val	True	True	True
8CLR	val	True	True	True
8CQ1	val	True	True	True
8FCS	val	True	True	True
8FW4	val	True	True	True
8HB8	val	True	True	True
8HD6	val	True	True	True
8HD7	val	True	True	True
8I43	val	True	True	True
8I44	val	True	True	True
8I45	val	True	True	True
8I46	val	True	True	True
8I7N	val	True	True	True
8ITS	test	True	True	True
8JHP	test	True	True	True
8K15	test	True	True	True
8K7W	test	True	True	True
8Q4O	test	True	True	True
8Q6N	test	True	True	True
8QO2	test	True	True	True
8QO3	test	True	True	True
8S95	val	True	True	True
8SCF	val	True	True	True
8SCH	val	True	True	True
8SP9	val	True	True	True
8T5O	test	True	True	True
8THV	val	True	True	True
8TJQ	val	True	True	True
8TJV	val	True	True	True
8TJX	val	True	True	True
8TNS	val	True	True	True
8TVZ	test	True	True	True
8U3M	val	True	True	True
8UPT	test	True	True	True
8UPY	test	True	True	True
8UYE	val	True	True	True
8UYG	val	True	True	True
8UYJ	val	True	True	True
8UYK	val	True	True	True
8UYL	val	True	True	True
8UYM	val	True	True	True
8UYP	val	True	True	True
8UYS	val	True	True	True
8V1H	test	True	True	True
8VCI	test	True	True	True
8VT5	test	True	True	True
8XTS	test	True	True	True
8XZO	test	True	True	True
8ZNQ	test	True	True	True
9BCI	test	True	True	True
9BLM	test	True	True	True
9BZC	test	True	True	True
9C6J	test	True	True	True
9CXF	test	True	True	True
9DE7	test	True	True	True
9E74	test	True	True	True
9E75	test	True	True	True
9ECQ	test	True	True	True
9ELY	test	True	True	True
9EOW	test	True	True	True
9EWW	test	True	True	True
9FM4	test	True	True	True
9FO8	test	True	True	True
9FO9	test	True	True	True
9G4I	test	True	True	True
9G4R	test	True	True	True
9G7C	test	True	True	True
9HRF	test	True	True	True
9HRO	test	True	True	True
9IOS	test	True	True	True
9ISV	test	True	True	True
9J4N	test	True	True	True
9J4O	test	True	True	True
9K9G	test	True	True	True
9K9K	test	True	True	True
9KGG	test	True	True	True
9L8F	test	True	True	True
9LEC	test	True	True	True
9LEL	test	True	True	True
9LHK	test	True	True	True
9LKE	test	True	True	True
9M79	test	True	True	True
9MFH	test	True	True	True
9MQT	test	True	True	True
9NAM	test	True	True	True
9NBC	test	True	True	True
9NDV	test	True	True	True
9OBM	test	True	True	True
9OD4	test	True	True	True
9QTJ	test	True	True	True
9QZJ	test	True	True	True
9R7Q	test	True	True	True
9R7W	test	True	True	True
9R82	test	True	True	True
9SY8	test	True	True	True
9UUG	test	True	True	True
9UW0	test	True	True	True
9W1L	test	True	True	True
9X6B	test	True	True	True
9Z6I	test	True	True	True
9ZC9	test	True	True	True
