SEVERITY	CODE	PDB_ID	DETAIL
ERROR	MISSING_SPLIT	10ZU	splits=[]
ERROR	MISSING_SPLIT	11AG	splits=[]
ERROR	MISSING_SPLIT	11EH	splits=[]
ERROR	OVER_MAX_LENGTH	1C2W	chain=B; length=2904; max=1022
ERROR	NON_ACGU_SEQUENCE	1G2J	chain=A; symbols=N
ERROR	NON_ACGU_SEQUENCE	1H0Q	chain=A; symbols=N
ERROR	OVER_MAX_LENGTH	1NJN	chain=0; length=2880; max=1022
ERROR	OVER_MAX_LENGTH	1NJO	chain=0; length=2880; max=1022
ERROR	OVER_MAX_LENGTH	1P9X	chain=0; length=2880; max=1022
ERROR	NON_ACGU_SEQUENCE	1SAQ	chain=A; symbols=I
ERROR	NON_ACGU_SEQUENCE	1SAQ	chain=B; symbols=I
ERROR	NON_ACGU_SEQUENCE	1SAQ	chain=C; symbols=I
ERROR	NON_ACGU_SEQUENCE	1SAQ	chain=D; symbols=I
ERROR	NON_ACGU_SEQUENCE	1SAQ	chain=E; symbols=I
ERROR	OVER_MAX_LENGTH	1Z58	chain=2; length=2880; max=1022
ERROR	NON_ACGU_SEQUENCE	1ZFT	chain=B; symbols=I
ERROR	MISSING_SPLIT	21CC	splits=[]
ERROR	MISSING_SPLIT	21ET	splits=[]
ERROR	NON_ACGU_SEQUENCE	21ET	chain=A; symbols=X
ERROR	NON_ACGU_SEQUENCE	21ET	chain=B; symbols=X
ERROR	NON_ACGU_SEQUENCE	21ET	chain=C; symbols=X
ERROR	NON_ACGU_SEQUENCE	21ET	chain=D; symbols=X
ERROR	NON_ACGU_SEQUENCE	21ET	chain=E; symbols=X
ERROR	NON_ACGU_SEQUENCE	21ET	chain=F; symbols=X
ERROR	MISSING_SPLIT	23JZ	splits=[]
ERROR	MISSING_SPLIT	25SM	splits=[]
ERROR	NON_ACGU_SEQUENCE	25SM	chain=S; symbols=X
ERROR	NON_ACGU_SEQUENCE	25SM	chain=A; symbols=X
ERROR	NON_ACGU_SEQUENCE	2BCZ	chain=B; symbols=I
ERROR	NON_ACGU_SEQUENCE	2D2L	chain=D; symbols=X
ERROR	NON_ACGU_SEQUENCE	2G92	chain=A; symbols=N
ERROR	NON_ACGU_SEQUENCE	2G92	chain=B; symbols=N
ERROR	NON_ACGU_SEQUENCE	2GBH	chain=A; symbols=X
ERROR	NON_ACGU_SEQUENCE	2GCS	chain=A; symbols=X
ERROR	NON_ACGU_SEQUENCE	2GRB	chain=A; symbols=I
ERROR	NON_ACGU_SEQUENCE	2GRB	chain=B; symbols=I
ERROR	NON_ACGU_SEQUENCE	2GRB	chain=C; symbols=I
ERROR	NON_ACGU_SEQUENCE	2GRB	chain=D; symbols=I
ERROR	NON_ACGU_SEQUENCE	2GRB	chain=E; symbols=I
ERROR	NON_ACGU_SEQUENCE	2GRB	chain=F; symbols=I
ERROR	NON_ACGU_SEQUENCE	2GRB	chain=G; symbols=I
ERROR	NON_ACGU_SEQUENCE	2GRB	chain=H; symbols=I
ERROR	NON_ACGU_SEQUENCE	2H0X	chain=A; symbols=X
ERROR	NON_ACGU_SEQUENCE	2JJA	chain=A; symbols=NX
ERROR	NON_ACGU_SEQUENCE	2JRG	chain=A; symbols=N
ERROR	NON_ACGU_SEQUENCE	2JRQ	chain=A; symbols=N
ERROR	NON_ACGU_SEQUENCE	2KRQ	chain=A; symbols=I
ERROR	NON_ACGU_SEQUENCE	2KRV	chain=A; symbols=I
ERROR	NON_ACGU_SEQUENCE	2KRY	chain=A; symbols=X
ERROR	NON_ACGU_SEQUENCE	2KWG	chain=A; symbols=X
ERROR	NON_ACGU_SEQUENCE	2KWG	chain=B; symbols=X
ERROR	NON_ACGU_SEQUENCE	2LVY	chain=A; symbols=TX
ERROR	NON_ACGU_SEQUENCE	2LVY	chain=B; symbols=T
ERROR	NON_ACGU_SEQUENCE	2M39	chain=A; symbols=TX
ERROR	NON_ACGU_SEQUENCE	2M39	chain=B; symbols=TX
ERROR	NON_ACGU_SEQUENCE	2N4J	chain=A; symbols=X
ERROR	NON_ACGU_SEQUENCE	2N4J	chain=B; symbols=X
ERROR	OVER_MAX_LENGTH	2O43	chain=A; length=2880; max=1022
ERROR	OVER_MAX_LENGTH	2O44	chain=A; length=2880; max=1022
ERROR	OVER_MAX_LENGTH	2O45	chain=A; length=2880; max=1022
ERROR	NON_ACGU_SEQUENCE	2Q1O	chain=A; symbols=N
ERROR	NON_ACGU_SEQUENCE	2Q1O	chain=B; symbols=N
ERROR	NON_ACGU_SEQUENCE	2Q1O	chain=C; symbols=N
ERROR	NON_ACGU_SEQUENCE	2Q1O	chain=D; symbols=N
ERROR	NON_ACGU_SEQUENCE	2X2Q	chain=A; symbols=N
ERROR	NON_ACGU_SEQUENCE	2X2Q	chain=C; symbols=N
ERROR	NON_ACGU_SEQUENCE	2XC6	chain=A; symbols=X
ERROR	NON_ACGU_SEQUENCE	30SC	chain=A; symbols=I
ERROR	NON_ACGU_SEQUENCE	333D	chain=A; symbols=I
ERROR	MISSING_SPLIT	36LC	splits=[]
ERROR	NON_ACGU_SEQUENCE	36LC	chain=A; symbols=N
ERROR	NON_ACGU_SEQUENCE	36LC	chain=B; symbols=N
ERROR	MISSING_SPLIT	36LE	splits=[]
ERROR	NON_ACGU_SEQUENCE	36LE	chain=A; symbols=N
ERROR	NON_ACGU_SEQUENCE	36LE	chain=B; symbols=N
ERROR	NON_ACGU_SEQUENCE	36LE	chain=C; symbols=N
ERROR	NON_ACGU_SEQUENCE	36LE	chain=D; symbols=N
ERROR	MISSING_SPLIT	36LM	splits=[]
ERROR	NON_ACGU_SEQUENCE	36LM	chain=A; symbols=N
ERROR	NON_ACGU_SEQUENCE	36LM	chain=B; symbols=N
ERROR	NON_ACGU_SEQUENCE	3B58	chain=B; symbols=X
ERROR	NON_ACGU_SEQUENCE	3B5A	chain=B; symbols=X
ERROR	NON_ACGU_SEQUENCE	3B5F	chain=B; symbols=X
ERROR	NON_ACGU_SEQUENCE	3B5S	chain=B; symbols=X
ERROR	NON_ACGU_SEQUENCE	3B91	chain=B; symbols=X
ERROR	NON_ACGU_SEQUENCE	3BBI	chain=B; symbols=X
ERROR	NON_ACGU_SEQUENCE	3BBK	chain=B; symbols=X
ERROR	NON_ACGU_SEQUENCE	3BBM	chain=B; symbols=X
ERROR	OVER_MAX_LENGTH	3DG0	chain=A; length=1542; max=1022
ERROR	OVER_MAX_LENGTH	3DG0	chain=B; length=2904; max=1022
ERROR	OVER_MAX_LENGTH	3DG2	chain=A; length=1542; max=1022
ERROR	OVER_MAX_LENGTH	3DG2	chain=B; length=2904; max=1022
ERROR	OVER_MAX_LENGTH	3DG4	chain=A; length=1542; max=1022
ERROR	OVER_MAX_LENGTH	3DG4	chain=B; length=2904; max=1022
ERROR	OVER_MAX_LENGTH	3DG5	chain=A; length=1542; max=1022
ERROR	OVER_MAX_LENGTH	3DG5	chain=B; length=2904; max=1022
ERROR	OVER_MAX_LENGTH	3FWO	chain=A; length=2880; max=1022
ERROR	NON_ACGU_SEQUENCE	3IVN	chain=A; symbols=X
ERROR	NON_ACGU_SEQUENCE	3IVN	chain=B; symbols=X
ERROR	OVER_MAX_LENGTH	3J28	chain=N; length=1533; max=1022
ERROR	OVER_MAX_LENGTH	3J29	chain=N; length=1533; max=1022
ERROR	OVER_MAX_LENGTH	3J2A	chain=N; length=1533; max=1022
ERROR	OVER_MAX_LENGTH	3J2B	chain=N; length=1533; max=1022
ERROR	OVER_MAX_LENGTH	3J2D	chain=N; length=1533; max=1022
ERROR	OVER_MAX_LENGTH	3J2E	chain=N; length=1533; max=1022
ERROR	OVER_MAX_LENGTH	3J2F	chain=N; length=1533; max=1022
ERROR	OVER_MAX_LENGTH	3J2G	chain=N; length=1533; max=1022
ERROR	OVER_MAX_LENGTH	3J2H	chain=N; length=1533; max=1022
ERROR	OVER_MAX_LENGTH	3JQ4	chain=A; length=2880; max=1022
ERROR	NON_ACGU_SEQUENCE	3JXQ	chain=A; symbols=X
ERROR	NON_ACGU_SEQUENCE	3JXQ	chain=B; symbols=X
ERROR	NON_ACGU_SEQUENCE	3JXQ	chain=K; symbols=X
ERROR	NON_ACGU_SEQUENCE	3JXQ	chain=L; symbols=X
ERROR	NON_ACGU_SEQUENCE	3JXR	chain=A; symbols=X
ERROR	NON_ACGU_SEQUENCE	3JXR	chain=B; symbols=X
ERROR	NON_ACGU_SEQUENCE	3JXR	chain=K; symbols=X
ERROR	NON_ACGU_SEQUENCE	3P4A	chain=A; symbols=X
ERROR	NON_ACGU_SEQUENCE	3P4A	chain=B; symbols=X
ERROR	NON_ACGU_SEQUENCE	3P4A	chain=C; symbols=X
ERROR	NON_ACGU_SEQUENCE	3P4A	chain=D; symbols=X
ERROR	NON_ACGU_SEQUENCE	3P4A	chain=E; symbols=X
ERROR	NON_ACGU_SEQUENCE	3P4A	chain=F; symbols=X
ERROR	NON_ACGU_SEQUENCE	3P4B	chain=A; symbols=X
ERROR	NON_ACGU_SEQUENCE	3P4B	chain=B; symbols=X
ERROR	NON_ACGU_SEQUENCE	3P4B	chain=C; symbols=X
ERROR	NON_ACGU_SEQUENCE	3P4B	chain=D; symbols=X
ERROR	NON_ACGU_SEQUENCE	3P4B	chain=E; symbols=X
ERROR	NON_ACGU_SEQUENCE	3P4B	chain=F; symbols=X
ERROR	NON_ACGU_SEQUENCE	3P4C	chain=A; symbols=X
ERROR	NON_ACGU_SEQUENCE	3P4C	chain=B; symbols=X
ERROR	NON_ACGU_SEQUENCE	3P4D	chain=A; symbols=X
ERROR	NON_ACGU_SEQUENCE	3P4D	chain=B; symbols=X
ERROR	NON_ACGU_SEQUENCE	3R1D	chain=A; symbols=X
ERROR	NON_ACGU_SEQUENCE	3R1D	chain=B; symbols=X
ERROR	NON_ACGU_SEQUENCE	3R1D	chain=C; symbols=X
ERROR	NON_ACGU_SEQUENCE	3R1D	chain=D; symbols=X
ERROR	NON_ACGU_SEQUENCE	3R1D	chain=E; symbols=X
ERROR	NON_ACGU_SEQUENCE	3R1E	chain=A; symbols=X
ERROR	NON_ACGU_SEQUENCE	3R1E	chain=B; symbols=X
ERROR	NON_ACGU_SEQUENCE	3S49	chain=A; symbols=X
ERROR	NON_ACGU_SEQUENCE	3S49	chain=B; symbols=X
ERROR	NON_ACGU_SEQUENCE	3S49	chain=C; symbols=X
ERROR	NON_ACGU_SEQUENCE	3S49	chain=D; symbols=X
ERROR	NON_ACGU_SEQUENCE	3S49	chain=E; symbols=X
ERROR	NON_ACGU_SEQUENCE	3S49	chain=F; symbols=X
ERROR	NON_ACGU_SEQUENCE	3S49	chain=G; symbols=X
ERROR	NON_ACGU_SEQUENCE	3S7C	chain=A; symbols=X
ERROR	NON_ACGU_SEQUENCE	3S8U	chain=A; symbols=X
ERROR	NON_ACGU_SEQUENCE	409D	chain=A; symbols=I
ERROR	NON_ACGU_SEQUENCE	409D	chain=B; symbols=I
ERROR	NON_ACGU_SEQUENCE	409D	chain=C; symbols=I
ERROR	NON_ACGU_SEQUENCE	409D	chain=D; symbols=I
ERROR	NON_ACGU_SEQUENCE	409D	chain=E; symbols=I
ERROR	NON_ACGU_SEQUENCE	409D	chain=F; symbols=I
ERROR	NON_ACGU_SEQUENCE	4A4R	chain=A; symbols=X
ERROR	NON_ACGU_SEQUENCE	4G6P	chain=B; symbols=X
ERROR	NON_ACGU_SEQUENCE	4G6R	chain=B; symbols=I
ERROR	NON_ACGU_SEQUENCE	4G6S	chain=B; symbols=X
ERROR	NON_ACGU_SEQUENCE	4JAH	chain=A; symbols=X
ERROR	NON_ACGU_SEQUENCE	4JAH	chain=B; symbols=X
ERROR	NON_ACGU_SEQUENCE	4JAH	chain=D; symbols=X
ERROR	NON_ACGU_SEQUENCE	4JAH	chain=E; symbols=X
ERROR	NON_ACGU_SEQUENCE	4JAH	chain=C; symbols=X
ERROR	NON_ACGU_SEQUENCE	4JAH	chain=F; symbols=X
ERROR	NON_ACGU_SEQUENCE	4NLF	chain=A; symbols=X
ERROR	NON_ACGU_SEQUENCE	4NMG	chain=A; symbols=X
ERROR	NON_ACGU_SEQUENCE	4NXH	chain=A; symbols=X
ERROR	NON_ACGU_SEQUENCE	4O41	chain=A; symbols=X
ERROR	NON_ACGU_SEQUENCE	4O41	chain=B; symbols=X
ERROR	NON_ACGU_SEQUENCE	4O41	chain=C; symbols=X
ERROR	NON_ACGU_SEQUENCE	4O41	chain=D; symbols=X
ERROR	NON_ACGU_SEQUENCE	4QK8	chain=A; symbols=X
ERROR	NON_ACGU_SEQUENCE	4QK9	chain=A; symbols=X
ERROR	NON_ACGU_SEQUENCE	4QKA	chain=A; symbols=X
ERROR	NON_ACGU_SEQUENCE	4RBY	chain=A; symbols=X
ERROR	NON_ACGU_SEQUENCE	4RBZ	chain=A; symbols=X
ERROR	NON_ACGU_SEQUENCE	4RC0	chain=A; symbols=X
ERROR	NON_ACGU_SEQUENCE	5C7W	chain=C; symbols=X
ERROR	NON_ACGU_SEQUENCE	5D8T	chain=A; symbols=X
ERROR	NON_ACGU_SEQUENCE	5D8T	chain=B; symbols=X
ERROR	NON_ACGU_SEQUENCE	5DER	chain=A; symbols=X
ERROR	NON_ACGU_SEQUENCE	5DER	chain=B; symbols=X
ERROR	NON_ACGU_SEQUENCE	5DER	chain=C; symbols=X
ERROR	NON_ACGU_SEQUENCE	5DER	chain=D; symbols=X
ERROR	NON_ACGU_SEQUENCE	5DHB	chain=A; symbols=N
ERROR	NON_ACGU_SEQUENCE	5DHB	chain=B; symbols=N
ERROR	NON_ACGU_SEQUENCE	5DHB	chain=C; symbols=N
ERROR	NON_ACGU_SEQUENCE	5DHB	chain=D; symbols=N
ERROR	NON_ACGU_SEQUENCE	5DHC	chain=A; symbols=N
ERROR	NON_ACGU_SEQUENCE	5DHC	chain=B; symbols=N
ERROR	NON_ACGU_SEQUENCE	5DHC	chain=C; symbols=N
ERROR	NON_ACGU_SEQUENCE	5DHC	chain=D; symbols=N
ERROR	NON_ACGU_SEQUENCE	5DO5	chain=A; symbols=X
ERROR	NON_ACGU_SEQUENCE	5EAO	chain=B; symbols=X
ERROR	NON_ACGU_SEQUENCE	5EAQ	chain=B; symbols=X
ERROR	NON_ACGU_SEQUENCE	5HBW	chain=A; symbols=N
ERROR	NON_ACGU_SEQUENCE	5HBW	chain=B; symbols=N
ERROR	NON_ACGU_SEQUENCE	5HBX	chain=A; symbols=N
ERROR	NON_ACGU_SEQUENCE	5HBX	chain=B; symbols=N
ERROR	NON_ACGU_SEQUENCE	5HBX	chain=C; symbols=N
ERROR	NON_ACGU_SEQUENCE	5HBX	chain=D; symbols=N
ERROR	NON_ACGU_SEQUENCE	5HBY	chain=A; symbols=N
ERROR	NON_ACGU_SEQUENCE	5HN2	chain=A; symbols=X
ERROR	NON_ACGU_SEQUENCE	5HN2	chain=B; symbols=X
ERROR	NON_ACGU_SEQUENCE	5HN2	chain=C; symbols=X
ERROR	NON_ACGU_SEQUENCE	5HN2	chain=D; symbols=X
ERROR	NON_ACGU_SEQUENCE	5HN2	chain=E; symbols=X
ERROR	NON_ACGU_SEQUENCE	5HN2	chain=F; symbols=X
ERROR	NON_ACGU_SEQUENCE	5HNJ	chain=A; symbols=X
ERROR	NON_ACGU_SEQUENCE	5HNJ	chain=B; symbols=X
ERROR	NON_ACGU_SEQUENCE	5HNJ	chain=C; symbols=X
ERROR	NON_ACGU_SEQUENCE	5HNJ	chain=D; symbols=X
ERROR	NON_ACGU_SEQUENCE	5HNJ	chain=E; symbols=X
ERROR	NON_ACGU_SEQUENCE	5HNJ	chain=F; symbols=X
ERROR	NON_ACGU_SEQUENCE	5HNQ	chain=A; symbols=X
ERROR	NON_ACGU_SEQUENCE	5HNQ	chain=B; symbols=X
ERROR	NON_ACGU_SEQUENCE	5HNQ	chain=C; symbols=X
ERROR	NON_ACGU_SEQUENCE	5HNQ	chain=D; symbols=X
ERROR	NON_ACGU_SEQUENCE	5HNQ	chain=E; symbols=X
ERROR	NON_ACGU_SEQUENCE	5HNQ	chain=F; symbols=X
ERROR	NON_ACGU_SEQUENCE	5HNQ	chain=G; symbols=X
ERROR	NON_ACGU_SEQUENCE	5HNQ	chain=H; symbols=X
ERROR	NON_ACGU_SEQUENCE	5HNQ	chain=I; symbols=X
ERROR	NON_ACGU_SEQUENCE	5HNQ	chain=J; symbols=X
ERROR	NON_ACGU_SEQUENCE	5HNQ	chain=K; symbols=X
ERROR	NON_ACGU_SEQUENCE	5HNQ	chain=L; symbols=X
ERROR	NON_ACGU_SEQUENCE	5HNQ	chain=M; symbols=X
ERROR	NON_ACGU_SEQUENCE	5J02	chain=B; symbols=X
ERROR	NON_ACGU_SEQUENCE	5KRG	chain=A; symbols=N
ERROR	NON_ACGU_SEQUENCE	5KRG	chain=B; symbols=N
ERROR	NON_ACGU_SEQUENCE	5KRG	chain=C; symbols=N
ERROR	NON_ACGU_SEQUENCE	5KRG	chain=D; symbols=N
ERROR	NON_ACGU_SEQUENCE	5KTJ	chain=A; symbols=X
ERROR	NON_ACGU_SEQUENCE	5KTJ	chain=C; symbols=X
ERROR	NON_ACGU_SEQUENCE	5L00	chain=A; symbols=N
ERROR	NON_ACGU_SEQUENCE	5L00	chain=B; symbols=N
ERROR	NON_ACGU_SEQUENCE	5L00	chain=C; symbols=N
ERROR	NON_ACGU_SEQUENCE	5L00	chain=D; symbols=N
ERROR	NON_ACGU_SEQUENCE	5MRX	chain=A; symbols=X
ERROR	NON_ACGU_SEQUENCE	5NQI	chain=A; symbols=X
ERROR	NON_ACGU_SEQUENCE	5T3K	chain=B; symbols=X
ERROR	NON_ACGU_SEQUENCE	5T3K	chain=D; symbols=X
ERROR	NON_ACGU_SEQUENCE	5TGP	chain=A; symbols=T
ERROR	NON_ACGU_SEQUENCE	5TGP	chain=C; symbols=T
ERROR	NON_ACGU_SEQUENCE	5UED	chain=A; symbols=N
ERROR	NON_ACGU_SEQUENCE	5UED	chain=B; symbols=N
ERROR	NON_ACGU_SEQUENCE	5UEE	chain=A; symbols=N
ERROR	NON_ACGU_SEQUENCE	5UEE	chain=B; symbols=N
ERROR	NON_ACGU_SEQUENCE	5UEF	chain=A; symbols=N
ERROR	NON_ACGU_SEQUENCE	5UEF	chain=B; symbols=N
ERROR	NON_ACGU_SEQUENCE	5UEG	chain=A; symbols=N
ERROR	NON_ACGU_SEQUENCE	5UEG	chain=B; symbols=N
ERROR	NON_ACGU_SEQUENCE	5UEG	chain=C; symbols=N
ERROR	NON_ACGU_SEQUENCE	5UEG	chain=D; symbols=N
ERROR	NON_ACGU_SEQUENCE	5UX3	chain=A; symbols=N
ERROR	NON_ACGU_SEQUENCE	5UX3	chain=B; symbols=X
ERROR	NON_ACGU_SEQUENCE	5UZ6	chain=A; symbols=N
ERROR	NON_ACGU_SEQUENCE	5UZ6	chain=C; symbols=N
ERROR	NON_ACGU_SEQUENCE	5UZ6	chain=E; symbols=N
ERROR	NON_ACGU_SEQUENCE	5UZ6	chain=B; symbols=X
ERROR	NON_ACGU_SEQUENCE	5UZ6	chain=D; symbols=X
ERROR	NON_ACGU_SEQUENCE	5UZ6	chain=F; symbols=X
ERROR	NON_ACGU_SEQUENCE	5V0H	chain=A; symbols=N
ERROR	NON_ACGU_SEQUENCE	5V0H	chain=B; symbols=N
ERROR	NON_ACGU_SEQUENCE	5V0J	chain=A; symbols=N
ERROR	NON_ACGU_SEQUENCE	5V0J	chain=B; symbols=N
ERROR	NON_ACGU_SEQUENCE	5V0K	chain=A; symbols=N
ERROR	NON_ACGU_SEQUENCE	5V0O	chain=A; symbols=N
ERROR	NON_ACGU_SEQUENCE	5V1K	chain=A; symbols=X
ERROR	NON_ACGU_SEQUENCE	5V1K	chain=B; symbols=X
ERROR	NON_ACGU_SEQUENCE	5V1L	chain=A; symbols=X
ERROR	NON_ACGU_SEQUENCE	5V1L	chain=B; symbols=X
ERROR	NON_ACGU_SEQUENCE	5V1L	chain=C; symbols=X
ERROR	NON_ACGU_SEQUENCE	5V1L	chain=D; symbols=X
ERROR	NON_ACGU_SEQUENCE	5V2H	chain=A; symbols=X
ERROR	NON_ACGU_SEQUENCE	5V2H	chain=B; symbols=X
ERROR	NON_ACGU_SEQUENCE	5V2H	chain=C; symbols=X
ERROR	NON_ACGU_SEQUENCE	5V2H	chain=D; symbols=X
ERROR	NON_ACGU_SEQUENCE	5V9Z	chain=A; symbols=N
ERROR	NON_ACGU_SEQUENCE	5VR4	chain=A; symbols=X
ERROR	NON_ACGU_SEQUENCE	5VR4	chain=B; symbols=X
ERROR	NON_ACGU_SEQUENCE	5VR4	chain=C; symbols=X
ERROR	NON_ACGU_SEQUENCE	5VR4	chain=D; symbols=X
ERROR	NON_ACGU_SEQUENCE	6BGB	chain=A; symbols=X
ERROR	NON_ACGU_SEQUENCE	6BGB	chain=B; symbols=X
ERROR	NON_ACGU_SEQUENCE	6BGB	chain=C; symbols=X
ERROR	NON_ACGU_SEQUENCE	6BMD	chain=A; symbols=N
ERROR	NON_ACGU_SEQUENCE	6BMD	chain=C; symbols=N
ERROR	NON_ACGU_SEQUENCE	6BMD	chain=E; symbols=N
ERROR	NON_ACGU_SEQUENCE	6BMD	chain=B; symbols=X
ERROR	NON_ACGU_SEQUENCE	6BMD	chain=D; symbols=X
ERROR	NON_ACGU_SEQUENCE	6BMD	chain=F; symbols=X
ERROR	NON_ACGU_SEQUENCE	6C8D	chain=A; symbols=N
ERROR	NON_ACGU_SEQUENCE	6C8D	chain=B; symbols=N
ERROR	NON_ACGU_SEQUENCE	6C8E	chain=A; symbols=N
ERROR	NON_ACGU_SEQUENCE	6C8E	chain=B; symbols=N
ERROR	NON_ACGU_SEQUENCE	6C8I	chain=A; symbols=N
ERROR	NON_ACGU_SEQUENCE	6C8I	chain=B; symbols=N
ERROR	NON_ACGU_SEQUENCE	6C8J	chain=A; symbols=N
ERROR	NON_ACGU_SEQUENCE	6C8J	chain=B; symbols=N
ERROR	NON_ACGU_SEQUENCE	6C8K	chain=A; symbols=N
ERROR	NON_ACGU_SEQUENCE	6C8K	chain=B; symbols=N
ERROR	NON_ACGU_SEQUENCE	6C8L	chain=A; symbols=N
ERROR	NON_ACGU_SEQUENCE	6C8L	chain=B; symbols=N
ERROR	NON_ACGU_SEQUENCE	6C8M	chain=A; symbols=N
ERROR	NON_ACGU_SEQUENCE	6C8M	chain=B; symbols=N
ERROR	NON_ACGU_SEQUENCE	6C8N	chain=A; symbols=N
ERROR	NON_ACGU_SEQUENCE	6C8N	chain=B; symbols=N
ERROR	NON_ACGU_SEQUENCE	6C8O	chain=A; symbols=N
ERROR	NON_ACGU_SEQUENCE	6C8O	chain=B; symbols=N
ERROR	NON_ACGU_SEQUENCE	6CAB	chain=A; symbols=N
ERROR	NON_ACGU_SEQUENCE	6CAB	chain=B; symbols=N
ERROR	NON_ACGU_SEQUENCE	6CXZ	chain=A; symbols=X
ERROR	NON_ACGU_SEQUENCE	6CXZ	chain=B; symbols=X
ERROR	NON_ACGU_SEQUENCE	6CY0	chain=A; symbols=X
ERROR	NON_ACGU_SEQUENCE	6CY0	chain=B; symbols=X
ERROR	NON_ACGU_SEQUENCE	6CY0	chain=C; symbols=X
ERROR	NON_ACGU_SEQUENCE	6CY0	chain=D; symbols=X
ERROR	NON_ACGU_SEQUENCE	6CY0	chain=E; symbols=X
ERROR	NON_ACGU_SEQUENCE	6CY0	chain=F; symbols=X
ERROR	NON_ACGU_SEQUENCE	6CY0	chain=G; symbols=X
ERROR	NON_ACGU_SEQUENCE	6CY0	chain=H; symbols=X
ERROR	NON_ACGU_SEQUENCE	6CY2	chain=A; symbols=X
ERROR	NON_ACGU_SEQUENCE	6CY2	chain=B; symbols=X
ERROR	NON_ACGU_SEQUENCE	6CY4	chain=A; symbols=X
ERROR	NON_ACGU_SEQUENCE	6CY4	chain=B; symbols=X
ERROR	NON_ACGU_SEQUENCE	6CY4	chain=C; symbols=X
ERROR	NON_ACGU_SEQUENCE	6CY4	chain=D; symbols=X
ERROR	NON_ACGU_SEQUENCE	6CY4	chain=E; symbols=X
ERROR	NON_ACGU_SEQUENCE	6CY4	chain=F; symbols=X
ERROR	NON_ACGU_SEQUENCE	6CY4	chain=G; symbols=X
ERROR	NON_ACGU_SEQUENCE	6CY4	chain=H; symbols=X
ERROR	NON_ACGU_SEQUENCE	6E1S	chain=A; symbols=N
ERROR	NON_ACGU_SEQUENCE	6E1T	chain=A; symbols=N
ERROR	NON_ACGU_SEQUENCE	6E1U	chain=A; symbols=N
ERROR	NON_ACGU_SEQUENCE	6E1V	chain=A; symbols=N
ERROR	NON_ACGU_SEQUENCE	6E1W	chain=A; symbols=N
ERROR	NON_ACGU_SEQUENCE	6MCI	chain=A; symbols=X
ERROR	NON_ACGU_SEQUENCE	6OWL	chain=A; symbols=N
ERROR	NON_ACGU_SEQUENCE	6U6J	chain=A; symbols=N
ERROR	NON_ACGU_SEQUENCE	6U6J	chain=B; symbols=N
ERROR	NON_ACGU_SEQUENCE	6U7Y	chain=A; symbols=X
ERROR	NON_ACGU_SEQUENCE	6U7Z	chain=A; symbols=X
ERROR	NON_ACGU_SEQUENCE	6U89	chain=A; symbols=N
ERROR	NON_ACGU_SEQUENCE	6U89	chain=B; symbols=N
ERROR	NON_ACGU_SEQUENCE	6U8U	chain=A; symbols=N
ERROR	NON_ACGU_SEQUENCE	6U8U	chain=B; symbols=N
ERROR	NON_ACGU_SEQUENCE	6UEY	chain=B; symbols=X
ERROR	NON_ACGU_SEQUENCE	6UEY	chain=D; symbols=X
ERROR	NON_ACGU_SEQUENCE	6UF1	chain=B; symbols=X
ERROR	NON_ACGU_SEQUENCE	6UF1	chain=D; symbols=X
ERROR	NON_ACGU_SEQUENCE	6UFJ	chain=B; symbols=X
ERROR	NON_ACGU_SEQUENCE	6UFJ	chain=D; symbols=X
ERROR	NON_ACGU_SEQUENCE	6UFK	chain=B; symbols=X
ERROR	NON_ACGU_SEQUENCE	6UFK	chain=D; symbols=X
ERROR	NON_ACGU_SEQUENCE	6VEM	chain=A; symbols=X
ERROR	NON_ACGU_SEQUENCE	6VEM	chain=B; symbols=X
ERROR	NON_ACGU_SEQUENCE	6VU1	chain=A; symbols=X
ERROR	NON_ACGU_SEQUENCE	6VVJ	chain=A; symbols=X
ERROR	NON_ACGU_SEQUENCE	6Y3G	chain=F; symbols=X
ERROR	NON_ACGU_SEQUENCE	6ZYB	chain=A; symbols=X
ERROR	NON_ACGU_SEQUENCE	7E9E	chain=A; symbols=N
ERROR	NON_ACGU_SEQUENCE	7JJE	chain=A; symbols=X
ERROR	NON_ACGU_SEQUENCE	7JJF	chain=A; symbols=X
ERROR	NON_ACGU_SEQUENCE	7KUK	chain=A; symbols=N
ERROR	NON_ACGU_SEQUENCE	7KUK	chain=B; symbols=N
ERROR	NON_ACGU_SEQUENCE	7KUM	chain=A; symbols=N
ERROR	NON_ACGU_SEQUENCE	7KUM	chain=B; symbols=N
ERROR	NON_ACGU_SEQUENCE	7KUN	chain=A; symbols=NX
ERROR	NON_ACGU_SEQUENCE	7KUN	chain=B; symbols=NX
ERROR	NON_ACGU_SEQUENCE	7KUO	chain=A; symbols=N
ERROR	NON_ACGU_SEQUENCE	7KUO	chain=B; symbols=N
ERROR	NON_ACGU_SEQUENCE	7KUP	chain=A; symbols=N
ERROR	NON_ACGU_SEQUENCE	7KUP	chain=B; symbols=N
ERROR	NON_ACGU_SEQUENCE	7L3R	chain=A; symbols=X
ERROR	NON_ACGU_SEQUENCE	7Q7Z	chain=A; symbols=X
ERROR	NON_ACGU_SEQUENCE	7Q7Z	chain=D; symbols=X
ERROR	NON_ACGU_SEQUENCE	7QSH	chain=A; symbols=X
ERROR	NON_ACGU_SEQUENCE	7QTN	chain=A; symbols=X
ERROR	NON_ACGU_SEQUENCE	7QTN	chain=B; symbols=X
ERROR	NON_ACGU_SEQUENCE	7QUA	chain=A; symbols=X
ERROR	NON_ACGU_SEQUENCE	7U87	chain=A; symbols=N
ERROR	NON_ACGU_SEQUENCE	7U87	chain=B; symbols=N
ERROR	NON_ACGU_SEQUENCE	7U88	chain=A; symbols=N
ERROR	NON_ACGU_SEQUENCE	7U88	chain=B; symbols=N
ERROR	NON_ACGU_SEQUENCE	7U89	chain=A; symbols=N
ERROR	NON_ACGU_SEQUENCE	7U89	chain=B; symbols=N
ERROR	NON_ACGU_SEQUENCE	7U8A	chain=A; symbols=N
ERROR	NON_ACGU_SEQUENCE	7U8A	chain=B; symbols=N
ERROR	NON_ACGU_SEQUENCE	7U8B	chain=A; symbols=N
ERROR	NON_ACGU_SEQUENCE	7U8B	chain=B; symbols=N
ERROR	NON_ACGU_SEQUENCE	7VNV	chain=A; symbols=NX
ERROR	NON_ACGU_SEQUENCE	7VNV	chain=B; symbols=NX
ERROR	NON_ACGU_SEQUENCE	7VNW	chain=A; symbols=NX
ERROR	NON_ACGU_SEQUENCE	7VNW	chain=B; symbols=NX
ERROR	NON_ACGU_SEQUENCE	7Y8P	chain=A; symbols=X
ERROR	NON_ACGU_SEQUENCE	7Y8P	chain=B; symbols=X
ERROR	OVER_MAX_LENGTH	7ZFW	chain=L5; length=3774; max=1022
ERROR	NON_ACGU_SEQUENCE	8F24	chain=C; symbols=X
ERROR	NON_ACGU_SEQUENCE	8F24	chain=A; symbols=X
ERROR	NON_ACGU_SEQUENCE	8F24	chain=E; symbols=X
ERROR	NON_ACGU_SEQUENCE	8F24	chain=D; symbols=X
ERROR	NON_ACGU_SEQUENCE	8F24	chain=B; symbols=X
ERROR	NON_ACGU_SEQUENCE	8F24	chain=F; symbols=X
ERROR	MISSING_SPLIT	8K0Y	splits=[]
ERROR	MISSING_SPLIT	8K1E	splits=[]
ERROR	MISSING_SPLIT	8K2Z	splits=[]
ERROR	MISSING_SPLIT	8K30	splits=[]
ERROR	MISSING_SPLIT	8KEB	splits=[]
ERROR	MISSING_SPLIT	8KED	splits=[]
ERROR	MISSING_SPLIT	8KHH	splits=[]
ERROR	NON_ACGU_SEQUENCE	8SKQ	chain=A; symbols=T
ERROR	NON_ACGU_SEQUENCE	8SWG	chain=A; symbols=N
ERROR	NON_ACGU_SEQUENCE	8SWG	chain=B; symbols=N
ERROR	NON_ACGU_SEQUENCE	8SWO	chain=A; symbols=N
ERROR	NON_ACGU_SEQUENCE	8SWO	chain=B; symbols=N
ERROR	NON_ACGU_SEQUENCE	8SX5	chain=A; symbols=N
ERROR	NON_ACGU_SEQUENCE	8SX5	chain=B; symbols=N
ERROR	NON_ACGU_SEQUENCE	8SX6	chain=A; symbols=N
ERROR	NON_ACGU_SEQUENCE	8SX6	chain=B; symbols=N
ERROR	NON_ACGU_SEQUENCE	8SY1	chain=A; symbols=N
ERROR	NON_ACGU_SEQUENCE	8SY1	chain=B; symbols=N
ERROR	NON_ACGU_SEQUENCE	8SY1	chain=C; symbols=N
ERROR	NON_ACGU_SEQUENCE	8SY1	chain=D; symbols=N
ERROR	MISSING_SPLIT	8SYK	splits=[]
ERROR	MISSING_SPLIT	8TKJ	splits=[]
ERROR	MISSING_SPLIT	8TKK	splits=[]
ERROR	NON_ACGU_SEQUENCE	8VAW	chain=A; symbols=N
ERROR	NON_ACGU_SEQUENCE	8VAW	chain=B; symbols=N
ERROR	NON_ACGU_SEQUENCE	8VAX	chain=AAA; symbols=N
ERROR	NON_ACGU_SEQUENCE	8VAX	chain=BBB; symbols=N
ERROR	MISSING_SPLIT	8VQV	splits=[]
ERROR	MISSING_SPLIT	8VVJ	splits=[]
ERROR	MISSING_SPLIT	8VXX	splits=[]
ERROR	MISSING_SPLIT	8VXZ	splits=[]
ERROR	MISSING_SPLIT	8VY0	splits=[]
ERROR	MISSING_SPLIT	8VY1	splits=[]
ERROR	MISSING_SPLIT	8X9K	splits=[]
ERROR	MISSING_SPLIT	8X9L	splits=[]
ERROR	MISSING_SPLIT	8X9M	splits=[]
ERROR	MISSING_SPLIT	8X9N	splits=[]
ERROR	MISSING_SPLIT	8X9O	splits=[]
ERROR	MISSING_SPLIT	8X9Q	splits=[]
ERROR	MISSING_SPLIT	8XTQ	splits=[]
ERROR	NON_ACGU_SEQUENCE	8YAM	chain=A; symbols=N
ERROR	NON_ACGU_SEQUENCE	8YAN	chain=A; symbols=N
ERROR	NON_ACGU_SEQUENCE	8YNO	chain=A; symbols=X
ERROR	NON_ACGU_SEQUENCE	8YNO	chain=B; symbols=X
ERROR	MISSING_SPLIT	8YNP	splits=[]
ERROR	NON_ACGU_SEQUENCE	8YNP	chain=A; symbols=X
ERROR	NON_ACGU_SEQUENCE	8YNP	chain=B; symbols=X
ERROR	MISSING_SPLIT	8YZL	splits=[]
ERROR	MISSING_SPLIT	8Z8Q	splits=[]
ERROR	MISSING_SPLIT	8Z9K	splits=[]
ERROR	MISSING_SPLIT	8ZAU	splits=[]
ERROR	MISSING_SPLIT	8ZMH	splits=[]
ERROR	MISSING_SPLIT	9BXE	splits=[]
ERROR	NON_ACGU_SEQUENCE	9CSQ	chain=A; symbols=I
ERROR	NON_ACGU_SEQUENCE	9CSR	chain=A; symbols=I
ERROR	MISSING_SPLIT	9DE6	splits=[]
ERROR	MISSING_SPLIT	9DE8	splits=[]
ERROR	MISSING_SPLIT	9DID	splits=[]
ERROR	MISSING_SPLIT	9DIG	splits=[]
ERROR	MISSING_SPLIT	9DII	splits=[]
ERROR	MISSING_SPLIT	9DKG	splits=[]
ERROR	MISSING_SPLIT	9DLM	splits=[]
ERROR	MISSING_SPLIT	9DLN	splits=[]
ERROR	MISSING_SPLIT	9DP9	splits=[]
ERROR	MISSING_SPLIT	9E5H	splits=[]
ERROR	MISSING_SPLIT	9E5I	splits=[]
ERROR	MISSING_SPLIT	9E5J	splits=[]
ERROR	MISSING_SPLIT	9E5K	splits=[]
ERROR	MISSING_SPLIT	9E5L	splits=[]
ERROR	MISSING_SPLIT	9E5M	splits=[]
ERROR	MISSING_SPLIT	9E5O	splits=[]
ERROR	MISSING_SPLIT	9E5P	splits=[]
ERROR	MISSING_SPLIT	9E5Q	splits=[]
ERROR	MISSING_SPLIT	9E5R	splits=[]
ERROR	MISSING_SPLIT	9E5S	splits=[]
ERROR	MISSING_SPLIT	9E5T	splits=[]
ERROR	MISSING_SPLIT	9E73	splits=[]
ERROR	MISSING_SPLIT	9E9O	splits=[]
ERROR	MISSING_SPLIT	9E9Q	splits=[]
ERROR	MISSING_SPLIT	9EBP	splits=[]
ERROR	MISSING_SPLIT	9EC4	splits=[]
ERROR	MISSING_SPLIT	9ELR	splits=[]
ERROR	NON_ACGU_SEQUENCE	9FN2	chain=A; symbols=X
ERROR	NON_ACGU_SEQUENCE	9FN2	chain=B; symbols=X
ERROR	MISSING_SPLIT	9FN3	splits=[]
ERROR	NON_ACGU_SEQUENCE	9FN3	chain=A; symbols=X
ERROR	NON_ACGU_SEQUENCE	9FN3	chain=B; symbols=X
ERROR	MISSING_SPLIT	9G4I	splits=[]
ERROR	MISSING_SPLIT	9G4J	splits=[]
ERROR	MISSING_SPLIT	9G4L	splits=[]
ERROR	MISSING_SPLIT	9G4V	splits=[]
ERROR	MISSING_SPLIT	9G54	splits=[]
ERROR	MISSING_SPLIT	9G56	splits=[]
ERROR	MISSING_SPLIT	9HRD	splits=[]
ERROR	MISSING_SPLIT	9HRG	splits=[]
ERROR	MISSING_SPLIT	9IF0	splits=[]
ERROR	MISSING_SPLIT	9IF1	splits=[]
ERROR	MISSING_SPLIT	9ISV	splits=[]
ERROR	MISSING_SPLIT	9IWG	splits=[]
ERROR	MISSING_SPLIT	9J3R	splits=[]
ERROR	MISSING_SPLIT	9J3T	splits=[]
ERROR	MISSING_SPLIT	9J6Y	splits=[]
ERROR	MISSING_SPLIT	9J9X	splits=[]
ERROR	MISSING_SPLIT	9JA7	splits=[]
ERROR	MISSING_SPLIT	9JA9	splits=[]
ERROR	MISSING_SPLIT	9JC8	splits=[]
ERROR	MISSING_SPLIT	9K9H	splits=[]
ERROR	MISSING_SPLIT	9K9J	splits=[]
ERROR	MISSING_SPLIT	9KGH	splits=[]
ERROR	MISSING_SPLIT	9KPO	splits=[]
ERROR	MISSING_SPLIT	9L0R	splits=[]
ERROR	MISSING_SPLIT	9LE3	splits=[]
ERROR	MISSING_SPLIT	9LE5	splits=[]
ERROR	MISSING_SPLIT	9LE6	splits=[]
ERROR	MISSING_SPLIT	9LEE	splits=[]
ERROR	MISSING_SPLIT	9LEM	splits=[]
ERROR	MISSING_SPLIT	9LHL	splits=[]
ERROR	MISSING_SPLIT	9LJN	splits=[]
ERROR	MISSING_SPLIT	9LKC	splits=[]
ERROR	MISSING_SPLIT	9LKE	splits=[]
ERROR	MISSING_SPLIT	9LKF	splits=[]
ERROR	MISSING_SPLIT	9LKU	splits=[]
ERROR	MISSING_SPLIT	9LKV	splits=[]
ERROR	MISSING_SPLIT	9LKW	splits=[]
ERROR	MISSING_SPLIT	9LMC	splits=[]
ERROR	MISSING_SPLIT	9M78	splits=[]
ERROR	NON_ACGU_SEQUENCE	9MDS	chain=A; symbols=NX
ERROR	NON_ACGU_SEQUENCE	9MDS	chain=B; symbols=NX
ERROR	NON_ACGU_SEQUENCE	9MDS	chain=C; symbols=NX
ERROR	NON_ACGU_SEQUENCE	9MDS	chain=D; symbols=NX
ERROR	NON_ACGU_SEQUENCE	9MDS	chain=E; symbols=NX
ERROR	NON_ACGU_SEQUENCE	9MDS	chain=F; symbols=NX
ERROR	NON_ACGU_SEQUENCE	9MDS	chain=G; symbols=NX
ERROR	NON_ACGU_SEQUENCE	9MDS	chain=H; symbols=NX
ERROR	MISSING_SPLIT	9MEE	splits=[]
ERROR	MISSING_SPLIT	9MFH	splits=[]
ERROR	MISSING_SPLIT	9MMG	splits=[]
ERROR	MISSING_SPLIT	9MQS	splits=[]
ERROR	MISSING_SPLIT	9MQU	splits=[]
ERROR	MISSING_SPLIT	9NA1	splits=[]
ERROR	MISSING_SPLIT	9NA7	splits=[]
ERROR	MISSING_SPLIT	9NAP	splits=[]
ERROR	MISSING_SPLIT	9NAS	splits=[]
ERROR	MISSING_SPLIT	9NBC	splits=[]
ERROR	MISSING_SPLIT	9NDD	splits=[]
ERROR	MISSING_SPLIT	9NDV	splits=[]
ERROR	MISSING_SPLIT	9NDX	splits=[]
ERROR	MISSING_SPLIT	9O47	splits=[]
ERROR	NON_ACGU_SEQUENCE	9O47	chain=A; symbols=X
ERROR	NON_ACGU_SEQUENCE	9O47	chain=B; symbols=X
ERROR	MISSING_SPLIT	9OD5	splits=[]
ERROR	MISSING_SPLIT	9OL2	splits=[]
ERROR	NON_ACGU_SEQUENCE	9OL2	chain=A; symbols=N
ERROR	NON_ACGU_SEQUENCE	9OL2	chain=B; symbols=N
ERROR	MISSING_SPLIT	9OL3	splits=[]
ERROR	NON_ACGU_SEQUENCE	9OL3	chain=A; symbols=N
ERROR	NON_ACGU_SEQUENCE	9OL3	chain=B; symbols=N
ERROR	MISSING_SPLIT	9OV3	splits=[]
ERROR	MISSING_SPLIT	9OV6	splits=[]
ERROR	MISSING_SPLIT	9OV7	splits=[]
ERROR	MISSING_SPLIT	9OV8	splits=[]
ERROR	MISSING_SPLIT	9OVB	splits=[]
ERROR	MISSING_SPLIT	9OVC	splits=[]
ERROR	MISSING_SPLIT	9OWJ	splits=[]
ERROR	MISSING_SPLIT	9OWK	splits=[]
ERROR	MISSING_SPLIT	9OWL	splits=[]
ERROR	MISSING_SPLIT	9OWM	splits=[]
ERROR	MISSING_SPLIT	9OWN	splits=[]
ERROR	MISSING_SPLIT	9OWO	splits=[]
ERROR	MISSING_SPLIT	9OWP	splits=[]
ERROR	MISSING_SPLIT	9OY2	splits=[]
ERROR	MISSING_SPLIT	9OY3	splits=[]
ERROR	MISSING_SPLIT	9OY4	splits=[]
ERROR	MISSING_SPLIT	9PDF	splits=[]
ERROR	MISSING_SPLIT	9PDG	splits=[]
ERROR	NON_ACGU_SEQUENCE	9Q0I	chain=A; symbols=X
ERROR	NON_ACGU_SEQUENCE	9Q0I	chain=B; symbols=X
ERROR	NON_ACGU_SEQUENCE	9Q0I	chain=C; symbols=X
ERROR	NON_ACGU_SEQUENCE	9Q0I	chain=D; symbols=X
ERROR	NON_ACGU_SEQUENCE	9Q0I	chain=E; symbols=X
ERROR	NON_ACGU_SEQUENCE	9Q0I	chain=F; symbols=X
ERROR	NON_ACGU_SEQUENCE	9Q0J	chain=A; symbols=X
ERROR	NON_ACGU_SEQUENCE	9Q0J	chain=B; symbols=X
ERROR	NON_ACGU_SEQUENCE	9Q0J	chain=C; symbols=X
ERROR	NON_ACGU_SEQUENCE	9Q3C	chain=A; symbols=X
ERROR	NON_ACGU_SEQUENCE	9Q3C	chain=B; symbols=X
ERROR	NON_ACGU_SEQUENCE	9Q3C	chain=C; symbols=X
ERROR	NON_ACGU_SEQUENCE	9Q3C	chain=D; symbols=X
ERROR	NON_ACGU_SEQUENCE	9Q3C	chain=E; symbols=X
ERROR	NON_ACGU_SEQUENCE	9Q3C	chain=F; symbols=X
ERROR	NON_ACGU_SEQUENCE	9Q3C	chain=G; symbols=X
ERROR	NON_ACGU_SEQUENCE	9Q3C	chain=H; symbols=X
ERROR	NON_ACGU_SEQUENCE	9Q3C	chain=I; symbols=X
ERROR	NON_ACGU_SEQUENCE	9Q3C	chain=J; symbols=X
ERROR	NON_ACGU_SEQUENCE	9Q3C	chain=K; symbols=X
ERROR	NON_ACGU_SEQUENCE	9Q3C	chain=L; symbols=X
ERROR	NON_ACGU_SEQUENCE	9Q3C	chain=M; symbols=X
ERROR	NON_ACGU_SEQUENCE	9Q3C	chain=N; symbols=X
ERROR	MISSING_SPLIT	9QU6	splits=[]
ERROR	MISSING_SPLIT	9QU7	splits=[]
ERROR	NON_ACGU_SEQUENCE	9R7Q	chain=A; symbols=X
ERROR	NON_ACGU_SEQUENCE	9R7W	chain=A; symbols=X
ERROR	NON_ACGU_SEQUENCE	9R82	chain=A; symbols=X
ERROR	MISSING_SPLIT	9RB4	splits=[]
ERROR	NON_ACGU_SEQUENCE	9RB4	chain=A; symbols=X
ERROR	MISSING_SPLIT	9S1D	splits=[]
ERROR	NON_ACGU_SEQUENCE	9SD9	chain=A; symbols=X
ERROR	NON_ACGU_SEQUENCE	9SD9	chain=B; symbols=X
ERROR	MISSING_SPLIT	9SXV	splits=[]
ERROR	MISSING_SPLIT	9SY4	splits=[]
ERROR	MISSING_SPLIT	9SY8	splits=[]
ERROR	MISSING_SPLIT	9SYC	splits=[]
ERROR	MISSING_SPLIT	9SYD	splits=[]
ERROR	MISSING_SPLIT	9SYE	splits=[]
ERROR	MISSING_SPLIT	9SYF	splits=[]
ERROR	MISSING_SPLIT	9TCG	splits=[]
ERROR	MISSING_SPLIT	9V4U	splits=[]
ERROR	MISSING_SPLIT	9V4V	splits=[]
ERROR	MISSING_SPLIT	9V4X	splits=[]
ERROR	MISSING_SPLIT	9V4Y	splits=[]
ERROR	MISSING_SPLIT	9V4Z	splits=[]
ERROR	MISSING_SPLIT	9V50	splits=[]
ERROR	MISSING_SPLIT	9V51	splits=[]
ERROR	MISSING_SPLIT	9V7N	splits=[]
ERROR	MISSING_SPLIT	9V7P	splits=[]
ERROR	MISSING_SPLIT	9V7Q	splits=[]
ERROR	MISSING_SPLIT	9VMZ	splits=[]
ERROR	MISSING_SPLIT	9YD3	splits=[]
ERROR	NON_ACGU_SEQUENCE	9YD3	chain=A; symbols=N
ERROR	NON_ACGU_SEQUENCE	9YD3	chain=B; symbols=N
ERROR	MISSING_SPLIT	9ZBQ	splits=[]
ERROR	MISSING_SPLIT	9ZBR	splits=[]
ERROR	MISSING_SPLIT	9ZC6	splits=[]
ERROR	MISSING_SPLIT	9ZC7	splits=[]
ERROR	MISSING_SPLIT	9ZC8	splits=[]
ERROR	MISSING_SPLIT	9ZCA	splits=[]
ERROR	MISSING_SPLIT	9ZCB	splits=[]
ERROR	MISSING_SPLIT	9ZCC	splits=[]
ERROR	MISSING_SPLIT	9ZDV	splits=[]
ERROR	MISSING_SPLIT	9ZF2	splits=[]
ERROR	MISSING_SPLIT	9ZF3	splits=[]
ERROR	MISSING_SPLIT	9ZF5	splits=[]
ERROR	MISSING_SPLIT	9ZF9	splits=[]
ERROR	MISSING_SPLIT	9ZFC	splits=[]
ERROR	MISSING_SPLIT	9ZFD	splits=[]
ERROR	MISSING_SPLIT	9ZGM	splits=[]
ERROR	MISSING_SPLIT	9ZGN	splits=[]
ERROR	MISSING_SPLIT	9ZGO	splits=[]
ERROR	MISSING_SPLIT	9ZGP	splits=[]
ERROR	MISSING_SPLIT	9ZGQ	splits=[]
ERROR	MISSING_SPLIT	9ZGR	splits=[]
ERROR	MISSING_SPLIT	9ZGS	splits=[]
ERROR	MISSING_SPLIT	9ZGT	splits=[]
ERROR	MISSING_SPLIT	9ZGU	splits=[]
ERROR	MISSING_SPLIT	9ZGV	splits=[]
ERROR	MISSING_SPLIT	9ZGW	splits=[]
ERROR	MISSING_SPLIT	9ZGX	splits=[]
ERROR	MISSING_SPLIT	9ZGY	splits=[]
ERROR	MISSING_SPLIT	9ZGZ	splits=[]
ERROR	MISSING_SPLIT	9ZH0	splits=[]
ERROR	MISSING_SPLIT	9ZH1	splits=[]
ERROR	MISSING_SPLIT	9ZH2	splits=[]
ERROR	MISSING_SPLIT	9ZH5	splits=[]
ERROR	MISSING_SPLIT	9ZH7	splits=[]
ERROR	MISSING_SPLIT	9ZH9	splits=[]
ERROR	MISSING_SPLIT	9ZHA	splits=[]
ERROR	MISSING_SPLIT	9ZHB	splits=[]
ERROR	MISSING_SPLIT	9ZHC	splits=[]
ERROR	MISSING_SPLIT	9ZHD	splits=[]
ERROR	MISSING_SPLIT	9ZHE	splits=[]
ERROR	MISSING_SPLIT	9ZHF	splits=[]
ERROR	MISSING_SPLIT	9ZHG	splits=[]
ERROR	MISSING_SPLIT	9ZHI	splits=[]
ERROR	MISSING_SPLIT	9ZHJ	splits=[]
ERROR	MISSING_SPLIT	9ZHK	splits=[]
ERROR	MISSING_SPLIT	9ZHL	splits=[]
ERROR	MISSING_SPLIT	9ZHO	splits=[]
ERROR	MISSING_SPLIT	9ZHP	splits=[]
ERROR	MISSING_SPLIT	9ZHR	splits=[]
ERROR	MISSING_SPLIT	9ZHS	splits=[]
ERROR	MISSING_SPLIT	9ZHT	splits=[]
ERROR	MISSING_SPLIT	9ZHU	splits=[]
ERROR	MISSING_SPLIT	9ZHV	splits=[]
ERROR	MISSING_SPLIT	9ZHW	splits=[]
ERROR	MISSING_SPLIT	9ZHX	splits=[]
ERROR	MISSING_SPLIT	9ZHZ	splits=[]
ERROR	MISSING_SPLIT	9ZI0	splits=[]
ERROR	MISSING_SPLIT	9ZI2	splits=[]
ERROR	MISSING_SPLIT	9ZI3	splits=[]
ERROR	MISSING_SPLIT	9ZI4	splits=[]
ERROR	MISSING_SPLIT	9ZI5	splits=[]
ERROR	MISSING_SPLIT	9ZI6	splits=[]
ERROR	MISSING_SPLIT	9ZI7	splits=[]
