split	pdb_id	candidates	rmsd_gt_threshold	score_median_bad	score_median_good
test	23JZ	200	0		0.8326601386070251
test	8BU8	200	12	0.09410291537642479	0.0950099304318428
test	8ITS	200	0		0.5332583785057068
test	8JHP	200	0		0.12386386469006538
test	8K15	200	22	0.321504607796669	0.34191298484802246
test	8K7W	200	0		0.8939605951309204
test	8Q4O	200	0		0.05284327268600464
test	8Q6N	200	0		0.9095424115657806
test	8QO2	200	156	0.09429126605391502	0.09737883135676384
test	8QO3	200	0		0.08867917954921722
test	8T5O	200	0		0.7086793482303619
test	8TVZ	200	200	0.09063038229942322	
test	8UPT	200	0		0.12394113093614578
test	8UPY	200	0		0.13034232705831528
test	8V1H	200	0		0.6540697813034058
test	8VCI	200	0		0.10384608060121536
test	8VT5	200	0		0.15868370234966278
test	8XTS	200	200	0.2436343878507614	
test	8XZO	200	0		0.8405648171901703
test	8ZNQ	200	0		0.8314616978168488
test	9BCI	200	0		0.15803052484989166
test	9BLM	200	0		0.13777846843004227
test	9BZC	200	0		0.8079037070274353
test	9C6J	200	0		0.44991621375083923
test	9DE7	200	0		0.13256271183490753
test	9E74	200	75	0.06781347095966339	0.06715205311775208
test	9E75	200	13	0.08705094456672668	0.08588572591543198
test	9ECQ	200	0		0.032570309937000275
test	9ELY	200	36	0.07439566403627396	0.07736201211810112
test	9EOW	200	0		0.1093493402004242
test	9EWW	200	0		0.08332502841949463
test	9FM4	200	0		0.10633455961942673
test	9FO8	200	0		0.12492183595895767
test	9FO9	200	0		0.1252569481730461
test	9G4I	200	0		0.1563710942864418
test	9G4R	200	0		0.41553476452827454
test	9G7C	200	62	0.06963211297988892	0.06952803954482079
test	9HRF	200	0		0.5810749232769012
test	9HRO	200	0		0.8233142495155334
test	9IOS	200	0		0.8473249077796936
test	9ISV	200	180	0.06455892324447632	0.06283227354288101
test	9J4N	200	0		0.1496204286813736
test	9J4O	200	0		0.7836918532848358
test	9K9G	200	24	0.37890008091926575	0.42738713324069977
test	9K9K	200	0		0.5114594101905823
test	9KGG	200	0		0.47239330410957336
test	9L8F	200	0		0.777094155550003
test	9LEC	200	113	0.0826263576745987	0.0837695300579071
test	9LEL	200	198	0.07501881197094917	0.0834960900247097
test	9LHK	200	200	0.07821565493941307	
test	9LKE	200	0		0.800550252199173
test	9M79	200	199	0.06479888409376144	0.05823656544089317
test	9MFH	200	0		0.4758104383945465
test	9MQT	200	0		0.6177275478839874
test	9NAM	200	0		0.37107740342617035
test	9OBM	200	0		0.11931686475872993
test	9OD4	200	0		0.10092812031507492
test	9QTJ	200	0		0.15052480250597
test	9QZJ	200	0		0.03139026276767254
test	9SY8	200	0		0.0058733499608933926
test	9UUG	200	0		0.5548450946807861
test	9UW0	200	0		0.8379446268081665
test	9W1L	200	0		0.10065915063023567
test	9X6B	200	0		0.5290379524230957
test	9Z6I	200	0		0.14965777099132538
test	9ZC9	200	200	0.08614107966423035	
train	17RA	200	0		0.07451250776648521
train	1A51	200	0		0.14781086146831512
train	1A60	200	0		0.1270187944173813
train	1A9L	200	0		0.09681248664855957
train	1AFX	200	0		0.00659985514357686
train	1AJF	200	0		0.6224157512187958
train	1AJU	200	0		0.4876297563314438
train	1AKX	200	0		0.4871490001678467
train	1ANR	200	0		0.11647946387529373
train	1AQO	200	0		0.11580237001180649
train	1ARJ	200	0		0.5040921270847321
train	1ATO	200	0		0.029679245315492153
train	1ATV	200	0		0.031986577436327934
train	1ATW	200	0		0.005362118128687143
train	1B36	200	0		0.14244072139263153
train	1BGZ	200	0		0.11034619435667992
train	1BN0	200	0		0.06775956600904465
train	1BVJ	200	0		0.1038290411233902
train	1BYJ	200	0		0.9186426103115082
train	1BZ2	200	0		0.030947377905249596
train	1BZ3	200	0		0.030931980349123478
train	1BZT	200	0		0.1650964841246605
train	1BZU	200	0		0.16508570313453674
train	1C0O	200	0		0.31343813240528107
train	1C2W	200	200	0.1756376028060913	
train	1C2X	200	0		0.15768440812826157
train	1CQ5	200	0		0.1534755900502205
train	1CQL	200	0		0.1534339338541031
train	1D0T	200	0		0.17176424711942673
train	1D0U	200	0		0.0832986868917942
train	1DUH	200	200	0.6976856589317322	
train	1E4P	200	0		0.12366380542516708
train	1E95	200	0		0.13219505548477173
train	1EBQ	200	0		0.12638664990663528
train	1EBR	200	0		0.1254550665616989
train	1EBS	200	0		0.12637688219547272
train	1EHT	200	0		0.684787929058075
train	1EHZ	200	0		0.679865151643753
train	1EI2	200	0		0.834254801273346
train	1ESH	200	0		0.008038162253797054
train	1ESY	200	0		0.027282007038593292
train	1EVV	200	0		0.7424183487892151
train	1F1T	200	0		0.8722091615200043
train	1F6X	200	0		0.12524966895580292
train	1F6Z	200	0		0.12744098156690598
train	1F78	200	0		0.5722070336341858
train	1F79	200	0		0.6078228056430817
train	1F7F	200	0		0.12525828927755356
train	1F7G	200	0		0.12747320532798767
train	1F7H	200	0		0.5719747841358185
train	1F7I	200	0		0.6076726913452148
train	1F84	200	0		0.12531960010528564
train	1F85	200	0		0.005817839642986655
train	1F9L	200	0		0.08977027237415314
train	1FEQ	200	0		0.17426572740077972
train	1FHK	200	0		0.005422508809715509
train	1FIR	200	0		0.7087418138980865
train	1FL8	200	0		0.18050864338874817
train	1FMN	200	0		0.7813879251480103
train	1FQZ	200	0		0.12035874277353287
train	1FYO	200	0		0.1173044815659523
train	1FYP	200	0		0.910271018743515
train	1HLX	200	0		0.07001093775033951
train	1HS1	200	0		0.006879510823637247
train	1HS2	200	0		0.005602051038295031
train	1HS3	200	0		0.0062008334789425135
train	1HS4	200	0		0.0049495522398501635
train	1HS8	200	0		0.007443232694640756
train	1HWQ	200	0		0.13506876677274704
train	1I3X	200	0		0.028162901289761066
train	1I3Y	200	0		0.166019968688488
train	1I46	200	0		0.0072781299240887165
train	1I4B	200	0		0.009361753705888987
train	1I4C	200	0		0.009419850539416075
train	1I9V	200	0		0.7840276956558228
train	1IDV	200	0		0.013022981584072113
train	1IE1	200	0		0.08824416249990463
train	1IE2	200	0		0.08825632929801941
train	1IK1	200	0		0.00560545502230525
train	1IKD	200	0		0.095487579703331
train	1J4Y	200	0		0.02730934787541628
train	1JO7	200	0		0.1283951848745346
train	1JOX	200	0		0.0859120823442936
train	1JP0	200	0		0.08590566739439964
train	1JTJ	200	0		0.09802068397402763
train	1JTW	200	0		0.3736053705215454
train	1JU7	200	0		0.09661668539047241
train	1JUR	200	0		0.08582823351025581
train	1JWC	200	0		0.09657744318246841
train	1JZC	200	0		0.007736561819911003
train	1K2G	200	0		0.08927193284034729
train	1K4A	200	0		0.005571420071646571
train	1K4B	200	0		0.0068473005667328835
train	1K5I	200	0		0.10417114943265915
train	1K6G	200	0		0.09872501343488693
train	1K6H	200	0		0.09814871102571487
train	1KAJ	200	0		0.129659503698349
train	1KFO	200	0		0.16057442128658295
train	1KH6	200	0		0.14480184018611908
train	1KKA	200	0		0.027275302447378635
train	1KKS	200	0		0.10220049694180489
train	1KOS	200	0		0.1781817078590393
train	1KP7	200	0		0.10363105684518814
train	1KPD	200	0		0.1315552070736885
train	1KPY	200	0		0.15308257192373276
train	1KPZ	200	0		0.1530764028429985
train	1KXK	200	0		0.48044587671756744
train	1L1W	200	0		0.12081645056605339
train	1L2X	200	0		0.5913837850093842
train	1L3D	200	0		0.1496751457452774
train	1LC6	200	0		0.106254443526268
train	1LDZ	200	0		0.12283119931817055
train	1LU3	200	0		0.16843804717063904
train	1LUU	200	0		0.18780577927827835
train	1LUX	200	0		0.18480373919010162
train	1LVJ	200	0		0.7393494546413422
train	1M5L	200	0		0.12758683413267136
train	1M82	200	0		0.1123497374355793
train	1MDG	200	0		0.5785273015499115
train	1ME1	200	0		0.009605157189071178
train	1MFJ	200	0		0.0660608597099781
train	1MFK	200	0		0.10302098095417023
train	1MFY	200	0		0.11299259215593338
train	1MNX	200	0		0.13934439420700073
train	1MSY	200	0		0.131864532828331
train	1MT4	200	0		0.10939913615584373
train	1N66	200	0		0.09529439732432365
train	1N8X	200	0		0.1267245188355446
train	1NA2	200	0		0.1139812171459198
train	1NBK	200	0		0.6946958899497986
train	1NBR	200	0		0.11577239632606506
train	1NC0	200	0		0.11287859082221985
train	1NEM	200	0		0.8279948830604553
train	1NZ1	200	0		0.15001396089792252
train	1O15	200	0		0.6857089400291443
train	1OQ0	200	0		0.0057498549576848745
train	1OSU	200	0		0.02069042343646288
train	1OSW	200	0		0.0881715938448906
train	1OW9	200	0		0.11724714934825897
train	1P5M	200	0		0.11815114691853523
train	1P5N	200	0		0.1403568983078003
train	1P5O	200	0		0.13191358000040054
train	1P5P	200	0		0.1319197118282318
train	1P79	200	0		0.046747755259275436
train	1PBR	200	0		0.9210826754570007
train	1PJY	200	0		0.09386914595961571
train	1Q75	200	0		0.0059924679808318615
train	1Q8N	200	0		0.8317539989948273
train	1Q9A	200	0		0.1318211704492569
train	1QC8	200	0		0.10995012149214745
train	1QD3	200	0		0.895697832107544
train	1QWA	200	0		0.058480218052864075
train	1QWB	200	0		0.11898136883974075
train	1R2P	200	0		0.13268838077783585
train	1R4H	200	0		0.011105194222182035
train	1R7W	200	0		0.10842008143663406
train	1R7Z	200	0		0.0926990918815136
train	1RAW	200	0		0.7577232122421265
train	1RFR	200	0		0.12700632959604263
train	1RHT	200	0		0.11129314824938774
train	1RMN	200	0		0.15030274540185928
train	1RNG	200	0		0.007786385482177138
train	1RNK	200	0		0.12887625396251678
train	1ROQ	200	0		0.006245284341275692
train	1RXA	200	0		0.01287856325507164
train	1S2F	200	0		0.07918250933289528
train	1S34	200	0		0.07919717580080032
train	1S9S	200	0		0.08784803003072739
train	1SCL	200	0		0.13862312585115433
train	1SLO	200	0		0.028512287884950638
train	1SLP	200	0		0.028507495298981667
train	1SY4	200	0		0.10626990720629692
train	1SYZ	200	0		0.10623499751091003
train	1SZY	200	0		0.09172110259532928
train	1T28	200	0		0.12414578348398209
train	1TBK	200	0		0.029078153893351555
train	1TFN	200	0		0.11129458621144295
train	1TJZ	200	0		0.10462987050414085
train	1TLR	200	0		0.11475338414311409
train	1TN1	200	0		0.7440465986728668
train	1TN2	200	0		0.7441792190074921
train	1TOB	200	0		0.8592275977134705
train	1TRA	200	0		0.6808965504169464
train	1TXS	200	0		0.12442471459507942
train	1U2A	200	0		0.0663655512034893
train	1U3K	200	0		0.09682400524616241
train	1U9S	200	0		0.4487483501434326
train	1UTS	200	0		0.7782368063926697
train	1UUD	200	0		0.7670532166957855
train	1UUI	200	0		0.7929846942424774
train	1UUU	200	0		0.03324648179113865
train	1VOP	200	0		0.006516514113172889
train	1VTQ	200	0		0.1732262670993805
train	1WKS	200	0		0.0341220386326313
train	1WTS	200	0		0.1739601045846939
train	1WTT	200	0		0.1739787757396698
train	1XHP	200	0		0.12834735214710236
train	1XJR	200	0		0.5058545768260956
train	1XSG	200	0		0.12629973888397217
train	1XSH	200	0		0.12326865270733833
train	1XST	200	0		0.5822790861129761
train	1XSU	200	0		0.5802031457424164
train	1XV6	200	0		0.16526468843221664
train	1XWP	200	0		0.006111782277002931
train	1XWU	200	0		0.004352324176579714
train	1Y26	200	0		0.8187230825424194
train	1Y27	200	0		0.9604359567165375
train	1YFG	200	0		0.18365205824375153
train	1YG3	200	0		0.16942743957042694
train	1YG4	200	0		0.1694483458995819
train	1YLG	200	0		0.11225968226790428
train	1YMO	200	0		0.14532970637083054
train	1YN1	200	0		0.029085793532431126
train	1YN2	200	0		0.2486785501241684
train	1YNC	200	0		0.1122942827641964
train	1YNE	200	0		0.1117388904094696
train	1YNG	200	0		0.11119012534618378
train	1YSV	200	0		0.12129175290465355
train	1Z2J	200	0		0.12249145284295082
train	1Z30	200	0		0.03172021359205246
train	1Z31	200	0		0.11551392450928688
train	1Z43	200	0		0.1622370183467865
train	1ZC5	200	0		0.12275262176990509
train	1ZIF	200	0		0.008391857612878084
train	1ZIG	200	0		0.008913062047213316
train	1ZIH	200	0		0.010814744047820568
train	255D	200	0		0.009661830496042967
train	283D	200	0		0.0639893151819706
train	28SP	200	0		0.1384074166417122
train	28SR	200	0		0.1383930817246437
train	2A2E	200	0		0.46842196583747864
train	2A43	200	0		0.5688999593257904
train	2A64	200	0		0.14527851343154907
train	2A9L	200	0		0.09681360423564911
train	2AHT	200	0		0.11729668453335762
train	2AP0	200	0		0.17075051367282867
train	2AP5	200	0		0.17072776705026627
train	2AU4	200	0		0.6392945647239685
train	2AWQ	200	0		0.16820860654115677
train	2B57	200	0		0.8483295142650604
train	2B7G	200	0		0.029581699520349503
train	2CD1	200	0		0.12524760514497757
train	2CD3	200	0		0.1274317130446434
train	2CD5	200	0		0.5710804462432861
train	2CD6	200	0		0.607992023229599
train	2EES	200	0		0.8332665264606476
train	2EET	200	0		0.8323243260383606
train	2EEU	200	0		0.8343599438667297
train	2EEV	200	0		0.8347214758396149
train	2EEW	200	0		0.8408582210540771
train	2ES5	200	0		0.10018741711974144
train	2EUY	200	0		0.13240697234869003
train	2EVY	200	0		0.006352929165586829
train	2F87	200	0		0.006792853120714426
train	2F88	200	0		0.11254444345831871
train	2FDT	200	0		0.12905213236808777
train	2FEY	200	0		0.10930444300174713
train	2G1G	200	0		0.17657150328159332
train	2G1W	200	0		0.08845406025648117
train	2G9C	200	0		0.8362818956375122
train	2GIO	200	0		0.10884277895092964
train	2GIP	200	0		0.13160506635904312
train	2GIS	200	0		0.8480841219425201
train	2GRW	200	0		0.09584061801433563
train	2GV3	200	0		0.0942879468202591
train	2GV4	200	0		0.0990561805665493
train	2GVO	200	0		0.024902144446969032
train	2HEM	200	0		0.11031132563948631
train	2HNS	200	0		0.09076576679944992
train	2HOJ	200	0		0.8419845700263977
train	2HOK	200	0		0.8599284291267395
train	2HOL	200	0		0.8343335092067719
train	2HOM	200	0		0.8701600730419159
train	2HOO	200	0		0.8698476850986481
train	2HOP	200	0		0.8867932558059692
train	2HUA	200	0		0.1173151358962059
train	2IXY	200	0		0.10874412581324577
train	2IXZ	200	0		0.011621827725321054
train	2JR4	200	0		0.03302500396966934
train	2JSE	200	0		0.0863618291914463
train	2JSG	200	0		0.171473927795887
train	2JTP	200	0		0.139386385679245
train	2JUK	200	0		0.7523942589759827
train	2JWV	200	0		0.11606746166944504
train	2JXV	200	0		0.12250270321965218
train	2JYM	200	0		0.0916617140173912
train	2K4C	200	0		0.15439213812351227
train	2K5Z	200	0		0.09245052188634872
train	2K66	200	0		0.10616302490234375
train	2K95	200	0		0.1478336974978447
train	2K96	200	0		0.1452965885400772
train	2KD8	200	0		0.09288643673062325
train	2KE6	200	0		0.12895207852125168
train	2KEZ	200	0		0.10627054423093796
train	2KF0	200	0		0.10622086003422737
train	2KGP	200	0		0.8199000060558319
train	2KHY	200	0		0.1291646808385849
train	2KOC	200	0		0.008344977628439665
train	2KPC	200	0		0.026493757963180542
train	2KPD	200	0		0.022327876649796963
train	2KPV	200	0		0.12989593297243118
train	2KRL	200	0		0.09830739721655846
train	2KRP	200	0		0.03131825849413872
train	2KRW	200	0		0.16555384546518326
train	2KRZ	200	0		0.16412420570850372
train	2KTZ	200	0		0.8904337584972382
train	2KU0	200	0		0.8904716074466705
train	2KUR	200	0		0.1316225230693817
train	2KUU	200	0		0.13052291423082352
train	2KUV	200	0		0.12875282764434814
train	2KUW	200	0		0.1290188878774643
train	2KVN	200	0		0.03329325094819069
train	2KX8	200	0		0.5234730839729309
train	2KXM	200	0		0.8364832401275635
train	2KYE	200	0		0.18055487424135208
train	2KZL	200	0		0.12636086344718933
train	2L1V	200	0		0.9077945947647095
train	2L2J	200	0		0.13732945173978806
train	2L3E	200	0		0.11389745026826859
train	2L5Z	200	0		0.1116558387875557
train	2L6I	200	0		0.004941629944369197
train	2L8H	200	0		0.7740713953971863
train	2L94	200	0		0.8546737730503082
train	2L9E	200	0		0.1797083541750908
train	2LA9	200	0		0.16091609746217728
train	2LAC	200	0		0.027433259412646294
train	2LBJ	200	0		0.029899053275585175
train	2LBK	200	0		0.031108836643397808
train	2LBL	200	0		0.032609427347779274
train	2LBQ	200	0		0.1725573092699051
train	2LBR	200	0		0.18189286440610886
train	2LC8	200	0		0.09868256002664566
train	2LDL	200	0		0.11127554252743721
train	2LDT	200	0		0.12571042031049728
train	2LDZ	200	0		0.12285801768302917
train	2LHP	200	0		0.12272244319319725
train	2LI4	200	0		0.1434675082564354
train	2LJJ	200	0		0.10488259419798851
train	2LK3	200	0		0.09964648634195328
train	2LKR	200	4	0.10101292282342911	0.10086804255843163
train	2LP9	200	0		0.004868118558079004
train	2LPA	200	0		0.0061928387731313705
train	2LPS	200	0		0.1327691450715065
train	2LPT	200	0		0.11256374791264534
train	2LQZ	200	0		0.11653861030936241
train	2LU0	200	0		0.1468140333890915
train	2LUB	200	0		0.12872842699289322
train	2LUN	200	0		0.11732859164476395
train	2LV0	200	0		0.08623451739549637
train	2LWK	200	0		0.85878986120224
train	2M12	200	0		0.09199094027280807
train	2M21	200	0		0.08065666630864143
train	2M22	200	0		0.0959198884665966
train	2M24	200	0		0.1096162386238575
train	2M4Q	200	0		0.916395902633667
train	2M4W	200	0		0.03224879130721092
train	2M57	200	0		0.1330532729625702
train	2M58	200	0		0.12149586901068687
train	2M5U	200	0		0.09201580286026001
train	2M8K	200	0		0.1261572390794754
train	2MEQ	200	0		0.028875299729406834
train	2MER	200	0		0.17353516817092896
train	2MFD	200	0		0.03098940383642912
train	2MHI	200	0		0.1128547452390194
train	2MIS	200	0		0.4609159231185913
train	2MIY	200	0		0.9108408987522125
train	2MN0	200	0		0.16020716726779938
train	2MNC	200	0		0.11565737426280975
train	2MQT	200	0		0.10396242141723633
train	2MTJ	200	0		0.1251935511827469
train	2MTK	200	0		0.4327283501625061
train	2MXJ	200	0		0.007966266945004463
train	2MXL	200	0		0.0907888412475586
train	2MXS	200	0		0.8420460224151611
train	2N0J	200	0		0.8365632593631744
train	2N0R	200	0		0.13396724313497543
train	2N1Q	200	26	0.0947655737400055	0.09427598491311073
train	2N2O	200	0		0.0901755690574646
train	2N2P	200	0		0.09459083527326584
train	2N3Q	200	0		0.1283288598060608
train	2N3R	200	0		0.4166756719350815
train	2N4L	200	0		0.114718709141016
train	2N6S	200	0		0.14806586503982544
train	2N6T	200	0		0.13962701708078384
train	2N6W	200	0		0.12803338468074799
train	2N6X	200	0		0.13826467096805573
train	2N7M	200	0		0.11299742013216019
train	2N7X	200	0		0.09022172167897224
train	2N8V	200	0		0.1036711260676384
train	2NBX	200	0		0.11448734998703003
train	2NBY	200	0		0.1251600906252861
train	2NBZ	200	0		0.12262548506259918
train	2NC0	200	0		0.12953563034534454
train	2NC1	200	0		0.12501248717308044
train	2NCI	200	0		0.09040521457791328
train	2O32	200	0		0.1847141832113266
train	2O33	200	0		0.060236113145947456
train	2OJ7	200	0		0.012773393653333187
train	2OJ8	200	0		0.012803488876670599
train	2PCV	200	0		0.12386225163936615
train	2Q1R	200	0		0.02197319082915783
train	2QBZ	200	0		0.43469464778900146
train	2QH2	200	0		0.09528188034892082
train	2QH3	200	0		0.09879352152347565
train	2QH4	200	0		0.029824646189808846
train	2RLU	200	0		0.02867237012833357
train	2RO2	200	0		0.09717560559511185
train	2RP0	200	0		0.15508154779672623
train	2RP1	200	0		0.15506767481565475
train	2RPK	200	0		0.05456692911684513
train	2RPT	200	0		0.05849326774477959
train	2RRC	200	0		0.16955532878637314
train	2RVO	200	0		0.1004670150578022
train	2TOB	200	0		0.8123041689395905
train	2TPK	200	0		0.13551803678274155
train	2TRA	200	0		0.7633815407752991
train	2U2A	200	0		0.06631845608353615
train	2WNA	200	0		0.6346054673194885
train	2XNW	200	0		0.85398069024086
train	2XNZ	200	0		0.8290987610816956
train	2XO0	200	0		0.830760657787323
train	2XO1	200	0		0.8473899960517883
train	2Y95	200	0		0.0074710422195494175
train	2YDH	200	0		0.9069513082504272
train	2YGH	200	0		0.9011906087398529
train	2ZY6	200	0		0.36660750210285187
train	387D	200	0		0.0999111495912075
train	3A3A	200	0		0.11797670647501945
train	3BBV	200	0		0.1777709573507309
train	3BNT	200	0		0.6717170178890228
train	3BWP	200	0		0.45025381445884705
train	3CW5	200	0		0.17219094187021255
train	3CW6	200	0		0.17218247801065445
train	3CZW	200	0		0.004984314786270261
train	3D0M	200	0		0.004962311824783683
train	3D0U	200	0		0.7151890695095062
train	3D0X	200	0		0.16502006351947784
train	3DHS	200	0		0.3695249855518341
train	3DIG	200	0		0.7000010907649994
train	3DIL	200	0		0.5486935973167419
train	3DIM	200	0		0.5996547043323517
train	3DIO	200	0		0.721349835395813
train	3DIQ	200	0		0.6844297051429749
train	3DIR	200	0		0.7425272166728973
train	3DIS	200	0		0.5680823922157288
train	3DIX	200	0		0.5617119669914246
train	3DIY	200	0		0.5369393825531006
train	3DIZ	200	0		0.5335812270641327
train	3DJ0	200	0		0.6675480306148529
train	3DJ2	200	0		0.5943355858325958
train	3DVZ	200	0		0.13183646649122238
train	3DW4	200	0		0.17311550676822662
train	3DW5	200	0		0.16641958057880402
train	3DW6	200	0		0.1733412817120552
train	3DW7	200	0		0.16529304534196854
train	3E5C	200	0		0.8043165802955627
train	3E5E	200	0		0.8226152062416077
train	3E5F	200	0		0.8035475611686707
train	3F2Q	200	0		0.8335821628570557
train	3F2T	200	0		0.836269199848175
train	3F2W	200	0		0.8148784339427948
train	3F2X	200	0		0.8273219168186188
train	3F2Y	200	0		0.8289408683776855
train	3F30	200	0		0.8379696011543274
train	3FO4	200	0		0.837684154510498
train	3FO6	200	0		0.848639965057373
train	3G4M	200	0		0.8365407586097717
train	3GAO	200	0		0.8383597135543823
train	3GCA	200	0		0.921225517988205
train	3GER	200	0		0.838958203792572
train	3GES	200	0		0.8481189608573914
train	3GOG	200	0		0.845130980014801
train	3GOT	200	0		0.8428820967674255
train	3GX2	200	0		0.8876852095127106
train	3GX3	200	0		0.8661016821861267
train	3GX5	200	0		0.8762864768505096
train	3GX6	200	0		0.9103717803955078
train	3GX7	200	0		0.8962100744247437
train	3HGA	200	0		0.14423569291830063
train	3IQN	200	0		0.8507957458496094
train	3IQP	200	0		0.6060083210468292
train	3IQR	200	0		0.8798078000545502
train	3IZD	200	0		0.10199302062392235
train	3K1V	200	0		0.8412387073040009
train	3L0U	200	0		0.6077108383178711
train	3LA5	200	0		0.7594324052333832
train	3MIJ	200	0		0.694574624300003
train	3ND3	200	0		0.10069748014211655
train	3ND4	200	0		0.10395371913909912
train	3NJ6	200	0		0.010531940963119268
train	3NPN	200	0		0.8768019676208496
train	3PHP	200	0		0.09954740107059479
train	3Q50	200	0		0.9212316274642944
train	3Q51	200	0		0.6113651096820831
train	3R4F	200	0		0.3828687071800232
train	3SD3	200	0		0.8528344631195068
train	3SUH	200	0		0.8484177589416504
train	3SUX	200	0		0.8578923940658569
train	3SUY	200	0		0.13559488207101822
train	3T4B	200	0		0.536773294210434
train	3TRA	200	0		0.7413157224655151
train	3VRS	200	0		0.5368483364582062
train	413D	200	0		0.012038240674883127
train	430D	200	0		0.6058537364006042
train	437D	200	0		0.7395558953285217
train	480D	200	0		0.13185832649469376
train	483D	200	0		0.13183514028787613
train	4A4S	200	0		0.09403960034251213
train	4A4T	200	0		0.09452741965651512
train	4A4U	200	0		0.09361360967159271
train	4AOB	200	0		0.8283680975437164
train	4B5R	200	0		0.8411511480808258
train	4C40	200	0		0.03434923104941845
train	4C4Q	200	190	0.08329272642731667	0.08130938187241554
train	4CS1	200	0		0.33240659534931183
train	4DS6	200	0		0.45899003744125366
train	4E8M	200	0		0.4317411929368973
train	4E8N	200	0		0.4661056846380234
train	4E8P	200	0		0.4541174918413162
train	4E8Q	200	0		0.46707186102867126
train	4E8R	200	0		0.46543771028518677
train	4E8V	200	0		0.509826272726059
train	4EN5	200	0		0.49970346689224243
train	4ENA	200	0		0.5465743243694305
train	4ENB	200	0		0.7133352756500244
train	4ENC	200	0		0.5488141179084778
train	4ERJ	200	0		0.9138542711734772
train	4ERL	200	0		0.89202681183815
train	4FAQ	200	0		0.436261922121048
train	4FAU	200	0		0.44916361570358276
train	4FAX	200	0		0.4486202746629715
train	4FB0	200	0		0.4483018219470978
train	4FE5	200	0		0.8616504967212677
train	4FEJ	200	0		0.8551570475101471
train	4FEL	200	0		0.842359721660614
train	4FEN	200	0		0.856622725725174
train	4FEO	200	0		0.8432868719100952
train	4FEP	200	0		0.8458175659179688
train	4FNJ	200	0		0.6066735684871674
train	4GMA	200	0		0.9417622685432434
train	4GXY	200	0		0.7994085848331451
train	4JF2	200	0		0.7688791155815125
train	4JIY	200	0		0.583345353603363
train	4K27	200	0		0.48377564549446106
train	4KQY	200	0		0.9320529997348785
train	4L81	200	0		0.8299857378005981
train	4LVV	200	0		0.8828497231006622
train	4LVW	200	0		0.9103100895881653
train	4LVX	200	0		0.905788391828537
train	4LVY	200	0		0.8823121786117554
train	4LVZ	200	0		0.9260706901550293
train	4LW0	200	0		0.9255585670471191
train	4LX5	200	0		0.8529721796512604
train	4LX6	200	0		0.8372124135494232
train	4MS9	200	0		0.019483502954244614
train	4NYB	200	0		0.7873701453208923
train	4NYC	200	0		0.7328961789608002
train	4NYD	200	0		0.7779994308948517
train	4NYG	200	0		0.8573850691318512
train	4OJI	200	0		0.5856107473373413
train	4OQU	200	0		0.8878653645515442
train	4P5J	200	0		0.7243912816047668
train	4P8Z	200	0		0.13294224441051483
train	4P9R	200	0		0.6109833717346191
train	4PCJ	200	0		0.6930933594703674
train	4PQV	200	0		0.35103723406791687
train	4QLM	200	0		0.9485451579093933
train	4QLN	200	0		0.9485823214054108
train	4R4P	200	0		0.3980078846216202
train	4R4V	200	0		0.3574460595846176
train	4RBQ	200	0		0.37596479058265686
train	4RUM	200	0		0.3986609876155853
train	4RZD	200	0		0.9063669443130493
train	4TNA	200	0		0.68509241938591
train	4TRA	200	0		0.6850597858428955
train	4TZX	200	0		0.7818955183029175
train	4TZY	200	0		0.7865946590900421
train	4WFL	200	0		0.7690820395946503
train	4XNR	200	0		0.806125670671463
train	4XW1	200	0		0.16069189459085464
train	4XW7	200	0		0.6773309409618378
train	4XWF	200	0		0.7380788028240204
train	4Y27	200	0		0.1726987063884735
train	5A17	200	0		0.12387869507074356
train	5A18	200	0		0.12383142858743668
train	5C5W	200	0		0.025403566658496857
train	5C7U	200	0		0.8542210161685944
train	5D99	200	0		0.17312803864479065
train	5DA6	200	0		0.6063847243785858
train	5DUN	200	0		0.6113463044166565
train	5FJC	200	0		0.8600693047046661
train	5FK1	200	0		0.8518391847610474
train	5FK2	200	0		0.8688047230243683
train	5FK3	200	0		0.8449420928955078
train	5FK4	200	0		0.8457607328891754
train	5FK5	200	0		0.8547680974006653
train	5FK6	200	0		0.8509253561496735
train	5FKD	200	0		0.8555227220058441
train	5FKE	200	0		0.8478092849254608
train	5FKF	200	0		0.8513700067996979
train	5FKG	200	0		0.8462041318416595
train	5FKH	200	0		0.8545051217079163
train	5G2Y	200	160	0.07979252934455872	0.06939215213060379
train	5IEM	200	0		0.12333474308252335
train	5J01	200	0		0.4891529679298401
train	5KH8	200	0		0.11264235526323318
train	5KMZ	200	0		0.1317264586687088
train	5KPY	200	0		0.7312486171722412
train	5KQE	200	0		0.13506510853767395
train	5L4O	200	0		0.7580363154411316
train	5LSN	200	0		0.12142946943640709
train	5LWJ	200	0		0.6283535659313202
train	5M0H	200	0		0.14136438071727753
train	5MWI	200	0		0.10960906744003296
train	5N5C	200	0		0.03089381381869316
train	5NEF	200	0		0.7303836345672607
train	5NEO	200	0		0.704447865486145
train	5NEP	200	0		0.786264955997467
train	5NEQ	200	0		0.7321461737155914
train	5NEX	200	0		0.7715725302696228
train	5NOM	200	0		0.8190912902355194
train	5NXT	200	0		0.03199241869151592
train	5NZ6	200	0		0.9333345890045166
train	5OB3	200	0		0.8687808513641357
train	5SWE	200	0		0.9347440600395203
train	5T83	200	0		0.7330642640590668
train	5TPY	200	0		0.7445178329944611
train	5U3G	200	0		0.5913060903549194
train	5UF3	200	0		0.08718585595488548
train	5UZA	200	0		0.8933444917201996
train	5UZT	200	0		0.1097363717854023
train	5V16	200	0		0.07679272443056107
train	5V17	200	0		0.12799667567014694
train	5V3I	200	0		0.12337785214185715
train	5WQ1	200	0		0.10127231106162071
train	5XWG	200	0		0.5930517613887787
train	5Z1I	200	0		0.8859977722167969
train	6AAS	200	0		0.12344403564929962
train	6AAU	200	0		0.17214451730251312
train	6BY4	200	0		0.008280483074486256
train	6BY5	200	0		0.008311864454299212
train	6CU1	200	0		0.6576190292835236
train	6D3P	200	0		0.6608884632587433
train	6DLQ	200	0		0.7646754384040833
train	6DLR	200	0		0.7723897695541382
train	6DLS	200	0		0.8675350248813629
train	6DLT	200	0		0.8354478776454926
train	6DME	200	0		0.8030378222465515
train	6DNR	200	0		0.577598512172699
train	6DVK	200	0		0.5184046030044556
train	6E7L	200	0		0.10032669454813004
train	6E80	200	0		0.6077887117862701
train	6E81	200	0		0.7930253744125366
train	6E82	200	0		0.7887033820152283
train	6E84	200	0		0.8005666136741638
train	6E8U	200	0		0.7459549605846405
train	6EZ0	200	0		0.17831788212060928
train	6FZ0	200	0		0.8786229491233826
train	6GYV	200	0		0.500533252954483
train	6GZK	200	0		0.7681655883789062
train	6GZR	200	0		0.7684397101402283
train	6HAG	200	0		0.8868302404880524
train	6HBT	200	0		0.8777350187301636
train	6HBX	200	0		0.8434448838233948
train	6HC5	200	0		0.8501745164394379
train	6HYK	200	0		0.14129359275102615
train	6IZP	200	0		0.7697248458862305
train	6JJH	200	0		0.6573508381843567
train	6JJI	200	0		0.7745410203933716
train	6JQ6	200	0		0.8146021962165833
train	6JXM	200	0		0.4943147152662277
train	6K84	200	0		0.07029204070568085
train	6MXQ	200	0		0.06531046330928802
train	6N5K	200	0		0.9515289664268494
train	6N5N	200	0		0.9493206441402435
train	6N5O	200	0		0.946104496717453
train	6N5P	200	0		0.9462423324584961
train	6N5Q	200	0		0.9461915791034698
train	6N5S	200	0		0.8792685866355896
train	6N5T	200	0		0.9463839530944824
train	6NOA	200	0		0.11188356578350067
train	6OL3	200	0		0.33486831188201904
train	6P2H	200	0		0.875440776348114
train	6PK9	200	0		0.06111276522278786
train	6PQ7	200	0		0.7726069092750549
train	6Q57	200	0		0.9071364998817444
train	6Q8V	200	0		0.16946348547935486
train	6QIV	200	0		0.8349687457084656
train	6T3N	200	0		0.45002281665802
train	6T3S	200	0		0.448937326669693
train	6TB7	200	0		0.8303529322147369
train	6TF0	200	0		0.8621751368045807
train	6TF1	200	0		0.8730345368385315
train	6TF2	200	0		0.8906683325767517
train	6TF3	200	0		0.8800972998142242
train	6TFE	200	0		0.8347017765045166
train	6TFF	200	0		0.8712502419948578
train	6TFG	200	0		0.8557462096214294
train	6TFH	200	0		0.8669658005237579
train	6TNA	200	0		0.684838205575943
train	6U79	200	0		0.12875691801309586
train	6UBU	200	0		0.8564060032367706
train	6UC7	200	0		0.8566290140151978
train	6UC8	200	0		0.8455940783023834
train	6UC9	200	0		0.8767067790031433
train	6UES	200	0		0.1502995640039444
train	6UET	200	0		0.9322881698608398
train	6UGI	200	0		0.14078395813703537
train	6UGJ	200	0		0.7202017605304718
train	6VAR	200	0		0.10520735010504723
train	6VMY	200	0		0.8401027917861938
train	6VUH	200	0		0.5425289869308472
train	6VUI	200	0		0.8516871929168701
train	6VZC	200	0		0.12409316003322601
train	6W3M	200	0		0.12387198582291603
train	6WJR	200	0		0.6863291561603546
train	6WJS	200	0		0.16858171671628952
train	6WLJ	200	0		0.1313130408525467
train	6WLK	200	0		0.13123182207345963
train	6WLL	200	0		0.16285185515880585
train	6WLM	200	0		0.162831112742424
train	6WLN	200	200	0.10991908982396126	
train	6WLO	200	200	0.12356775999069214	
train	6WLQ	200	0		0.15024533867835999
train	6WLR	200	0		0.1502974033355713
train	6WLS	200	0		0.15955010801553726
train	6WLT	200	0		0.15530870109796524
train	6WLU	200	0		0.15530060231685638
train	6WTL	200	0		0.9467084109783173
train	6WTR	200	0		0.9488619565963745
train	6XB7	200	0		0.809739887714386
train	6XRZ	200	0		0.11055657267570496
train	6XUR	200	0		0.6049918830394745
train	6XUS	200	0		0.61396723985672
train	6XWJ	200	0		0.0856206975877285
train	6XWW	200	0		0.032607780769467354
train	6XXA	200	0		0.0856095515191555
train	6XXB	200	0		0.032611992210149765
train	6Y0Y	200	0		0.5439806580543518
train	7D12	200	0		0.6986078321933746
train	7D7W	200	0		0.8772571086883545
train	7D7X	200	0		0.8845676183700562
train	7D7Y	200	0		0.8892509639263153
train	7D7Z	200	0		0.849708616733551
train	7D81	200	0		0.8783276379108429
train	7D82	200	0		0.836981475353241
train	7DD4	200	0		0.12757201492786407
train	7EAF	200	0		0.8904837369918823
train	7EZ0	200	0		0.5028510391712189
train	7JJD	200	0		0.16586074978113174
train	7JRR	200	0		0.5676695108413696
train	7JU1	200	0		0.11644317582249641
train	7K16	200	0		0.4571673721075058
train	7K4L	200	0		0.12674402445554733
train	7KD1	200	0		0.6920287013053894
train	7KJU	200	0		0.15297364443540573
train	7L0Z	200	0		0.8108270764350891
train	7LVA	200	0		0.08216508850455284
train	7LYF	200	0		0.5305495858192444
train	7LYG	200	0		0.12179472297430038
train	7LYJ	200	0		0.5289696156978607
train	7MKY	200	0		0.4997846186161041
val	6XKN	200	0		0.9060333967208862
val	6XKO	200	0		0.904871255159378
val	7E9I	200	0		0.9136515855789185
val	7EDN	200	0		0.3620317578315735
val	7EEM	200	0		0.47881312668323517
val	7EFG	200	0		0.034347809851169586
val	7EFH	200	0		0.034359853714704514
val	7EOG	200	0		0.8189262449741364
val	7EOH	200	0		0.7651083469390869
val	7EOI	200	0		0.6770033538341522
val	7EOJ	200	0		0.68236443400383
val	7EOK	200	0		0.7907757461071014
val	7EOL	200	0		0.8033849596977234
val	7EOM	200	0		0.8135461807250977
val	7EON	200	0		0.8135295510292053
val	7EOO	200	0		0.8421999514102936
val	7EOP	200	0		0.8038242757320404
val	7EXY	200	0		0.004926703404635191
val	7FHI	200	0		0.8550614714622498
val	7FJ0	200	0		0.8808603882789612
val	7KUB	200	0		0.10496502742171288
val	7KUC	200	0		0.005559452343732119
val	7KUD	200	0		0.006347372895106673
val	7KVT	200	0		0.5914760529994965
val	7KVU	200	0		0.5544593036174774
val	7KVV	200	0		0.5715041160583496
val	7M3V	200	0		0.6310759484767914
val	7MKT	200	0		0.7401692569255829
val	7MLW	200	0		0.5487937331199646
val	7POF	200	0		0.16740690916776657
val	7PS8	200	0		0.5885408222675323
val	7PTK	200	192	0.07693421468138695	0.07529253512620926
val	7PTL	200	200	0.07582111656665802	
val	7PTQ	200	199	0.07625206559896469	0.08140433579683304
val	7PTS	200	197	0.06678780913352966	0.08166158944368362
val	7Q48	200	0		0.03753801994025707
val	7Q6L	200	0		0.07620517164468765
val	7QA2	200	0		0.06342029199004173
val	7QDU	200	192	0.09483252838253975	0.07897594571113586
val	7QP2	200	0		0.1665733903646469
val	7R6N	200	0		0.4821760654449463
val	7RWR	200	0		0.6730458438396454
val	7SAM	200	0		0.10316714271903038
val	7SHX	200	0		0.09099198877811432
val	7SXP	200	0		0.4957847595214844
val	7TD7	200	0		0.8941279947757721
val	7TDA	200	0		0.8310375511646271
val	7TDB	200	0		0.8653620481491089
val	7TDC	200	0		0.8975893259048462
val	7TZT	200	0		0.8955502212047577
val	7TZU	200	0		0.8739363253116608
val	7U4A	200	0		0.5584269165992737
val	7UCR	200	0		0.13179569691419601
val	7UGA	200	0		0.10911334678530693
val	7UMC	200	0		0.10683522373437881
val	7UMD	200	0		0.1253226399421692
val	7UME	200	0		0.12238320335745811
val	7UQ6	200	0		0.4742625951766968
val	7URI	200	0		0.1214623674750328
val	7URM	200	0		0.12148617953062057
val	7UVT	200	0		0.15941114723682404
val	7UZ0	200	0		0.4936395585536957
val	7V06	200	0		0.09303610771894455
val	7V9E	200	0		0.5562573075294495
val	7VFT	200	0		0.08627819642424583
val	7WI9	200	0		0.807415634393692
val	7WIA	200	0		0.14032582938671112
val	7WIB	200	0		0.8494310975074768
val	7WIE	200	0		0.9015923142433167
val	7WIF	200	0		0.9030943214893341
val	7WII	200	0		0.9037729501724243
val	7XD3	200	0		0.5038228631019592
val	7XD4	200	0		0.5033822357654572
val	7XD7	200	0		0.5153968930244446
val	7XSK	200	0		0.15955746918916702
val	7XSL	200	0		0.15954042971134186
val	7XSM	200	0		0.1595510169863701
val	7XSN	200	0		0.15955699980258942
val	7Y2B	200	0		0.0067494085524231195
val	7YC8	200	0		0.6714096665382385
val	7ZJ4	200	200	0.7375141680240631	
val	7ZJ5	200	200	0.8089675903320312	
val	8BTZ	200	0		0.10559187084436417
val	8BWT	200	0		0.12484186142683029
val	8CLR	200	0		0.008718442171812057
val	8CQ1	200	0		0.12360679358243942
val	8FCS	200	0		0.1244332604110241
val	8FW4	200	0		0.6170957684516907
val	8HB8	200	0		0.6220327913761139
val	8HD6	200	0		0.5207120776176453
val	8HD7	200	0		0.5229117274284363
val	8I43	200	0		0.812248557806015
val	8I44	200	0		0.8097536265850067
val	8I45	200	0		0.8004987835884094
val	8I46	200	0		0.8912059366703033
val	8I7N	200	0		0.6003808081150055
val	8S95	200	0		0.12001984193921089
val	8SCF	200	0		0.12521427124738693
val	8SCH	200	0		0.11962223425507545
val	8SP9	200	0		0.11865139752626419
val	8THV	200	0		0.11644227057695389
val	8TJQ	200	0		0.45283301174640656
val	8TJV	200	0		0.47412101924419403
val	8TJX	200	0		0.45176273584365845
val	8TNS	200	0		0.09807730838656425
val	8U3M	200	0		0.11276089772582054
val	8UYE	200	53	0.10903803259134293	0.11514798551797867
val	8UYG	200	45	0.11015254259109497	0.11393401771783829
val	8UYJ	200	0		0.11292694881558418
val	8UYK	200	0		0.1097356267273426
val	8UYL	200	0		0.10993247106671333
val	8UYM	200	0		0.10939013585448265
val	8UYP	200	0		0.08959832787513733
val	8UYS	200	0		0.08222412690520287
