QUERY_PDB_ID	QUERY_ENTITY_ID	TARGET_PDB_ID	TARGET_ENTITY_ID	IDENTITY	QUERY_COVERAGE	TARGET_COVERAGE	ALIGNMENT_LENGTH	EVALUE	BITS	ALIGNMENT_SOURCE
8OLS	1	3BWP	1	1.000000	0.990000	0.947000	390	7.566E-217	700	MMSEQS2
8OLS	1	4DS6	1	0.994000	0.992000	0.927000	391	3.682E-214	693	MMSEQS2
8OLS	1	4E8M	1	1.000000	1.000000	1.000000	394	1.525E-219	707	MMSEQS2
8OLS	1	4E8N	1	1.000000	0.997000	1.000000	393	7.211E-219	706	MMSEQS2
8OLS	1	4E8P	1	1.000000	0.997000	1.000000	393	7.211E-219	706	MMSEQS2
8OLS	1	4E8Q	1	1.000000	0.997000	1.000000	393	7.211E-219	706	MMSEQS2
8OLS	1	4E8R	1	1.000000	0.997000	1.000000	393	7.211E-219	706	MMSEQS2
8OLS	1	4E8V	1	1.000000	0.997000	1.000000	393	7.211E-219	706	MMSEQS2
8OLS	1	4FAQ	1	0.997000	0.995000	0.990000	392	1.641E-216	699	MMSEQS2
8OLS	1	4FAU	1	0.997000	0.992000	0.982000	391	7.719E-216	698	MMSEQS2
8OLS	1	4FAX	1	1.000000	0.997000	0.997000	393	7.211E-219	706	MMSEQS2
8OLS	1	4FB0	1	0.997000	0.997000	1.000000	393	3.486E-217	701	MMSEQS2
8OLS	1	5J01	1	0.979000	0.992000	0.933000	391	7.736E-203	663	MMSEQS2
8OLS	1	6T3N	1	0.989000	0.992000	0.982000	391	8.187E-211	684	MMSEQS2
8OLS	1	6T3S	1	0.989000	0.992000	0.982000	391	8.187E-211	684	MMSEQS2
8OLV	1	3BWP	1	1.000000	0.990000	0.947000	390	7.566E-217	700	MMSEQS2
8OLV	1	4DS6	1	0.994000	0.992000	0.927000	391	3.682E-214	693	MMSEQS2
8OLV	1	4E8M	1	1.000000	1.000000	1.000000	394	1.525E-219	707	MMSEQS2
8OLV	1	4E8N	1	1.000000	0.997000	1.000000	393	7.211E-219	706	MMSEQS2
8OLV	1	4E8P	1	1.000000	0.997000	1.000000	393	7.211E-219	706	MMSEQS2
8OLV	1	4E8Q	1	1.000000	0.997000	1.000000	393	7.211E-219	706	MMSEQS2
8OLV	1	4E8R	1	1.000000	0.997000	1.000000	393	7.211E-219	706	MMSEQS2
8OLV	1	4E8V	1	1.000000	0.997000	1.000000	393	7.211E-219	706	MMSEQS2
8OLV	1	4FAQ	1	0.997000	0.995000	0.990000	392	1.641E-216	699	MMSEQS2
8OLV	1	4FAU	1	0.997000	0.992000	0.982000	391	7.719E-216	698	MMSEQS2
8OLV	1	4FAX	1	1.000000	0.997000	0.997000	393	7.211E-219	706	MMSEQS2
8OLV	1	4FB0	1	0.997000	0.997000	1.000000	393	3.486E-217	701	MMSEQS2
8OLV	1	5J01	1	0.979000	0.992000	0.933000	391	7.736E-203	663	MMSEQS2
8OLV	1	6T3N	1	0.989000	0.992000	0.982000	391	8.187E-211	684	MMSEQS2
8OLV	1	6T3S	1	0.989000	0.992000	0.982000	391	8.187E-211	684	MMSEQS2
8OLW	1	3BWP	1	1.000000	0.985000	0.947000	390	1.237E-216	700	MMSEQS2
8OLW	1	4DS6	1	0.997000	0.997000	0.936000	395	2.577E-218	705	MMSEQS2
8OLW	1	4E8M	1	0.997000	0.990000	0.995000	392	2.680E-216	699	MMSEQS2
8OLW	1	4E8N	1	0.997000	0.987000	0.995000	391	1.257E-215	698	MMSEQS2
8OLW	1	4E8P	1	0.997000	0.987000	0.995000	391	1.257E-215	698	MMSEQS2
8OLW	1	4E8Q	1	0.997000	0.987000	0.995000	391	1.257E-215	698	MMSEQS2
8OLW	1	4E8R	1	0.997000	0.987000	0.995000	391	1.257E-215	698	MMSEQS2
8OLW	1	4E8V	1	0.997000	0.987000	0.995000	391	1.257E-215	698	MMSEQS2
8OLW	1	4FAQ	1	1.000000	1.000000	1.000000	396	1.128E-220	711	MMSEQS2
8OLW	1	4FAU	1	1.000000	0.997000	0.992000	395	5.330E-220	709	MMSEQS2
8OLW	1	4FAX	1	0.997000	0.987000	0.992000	391	1.257E-215	698	MMSEQS2
8OLW	1	4FB0	1	0.994000	0.987000	0.995000	391	5.960E-214	693	MMSEQS2
8OLW	1	5J01	1	0.979000	0.987000	0.933000	391	1.199E-202	663	MMSEQS2
8OLW	1	6T3N	1	0.992000	0.997000	0.992000	395	5.890E-215	696	MMSEQS2
8OLW	1	6T3S	1	0.992000	0.997000	0.992000	395	5.890E-215	696	MMSEQS2
8OM0	1	3BWP	1	1.000000	0.990000	0.947000	390	7.566E-217	700	MMSEQS2
8OM0	1	4DS6	1	0.994000	0.992000	0.927000	391	3.682E-214	693	MMSEQS2
8OM0	1	4E8M	1	1.000000	1.000000	1.000000	394	1.525E-219	707	MMSEQS2
8OM0	1	4E8N	1	1.000000	0.997000	1.000000	393	7.211E-219	706	MMSEQS2
8OM0	1	4E8P	1	1.000000	0.997000	1.000000	393	7.211E-219	706	MMSEQS2
8OM0	1	4E8Q	1	1.000000	0.997000	1.000000	393	7.211E-219	706	MMSEQS2
8OM0	1	4E8R	1	1.000000	0.997000	1.000000	393	7.211E-219	706	MMSEQS2
8OM0	1	4E8V	1	1.000000	0.997000	1.000000	393	7.211E-219	706	MMSEQS2
8OM0	1	4FAQ	1	0.997000	0.995000	0.990000	392	1.641E-216	699	MMSEQS2
8OM0	1	4FAU	1	0.997000	0.992000	0.982000	391	7.719E-216	698	MMSEQS2
8OM0	1	4FAX	1	1.000000	0.997000	0.997000	393	7.211E-219	706	MMSEQS2
8OM0	1	4FB0	1	0.997000	0.997000	1.000000	393	3.486E-217	701	MMSEQS2
8OM0	1	5J01	1	0.979000	0.992000	0.933000	391	7.736E-203	663	MMSEQS2
8OM0	1	6T3N	1	0.989000	0.992000	0.982000	391	8.187E-211	684	MMSEQS2
8OM0	1	6T3S	1	0.989000	0.992000	0.982000	391	8.187E-211	684	MMSEQS2
8PFK	1	1XV6	1	0.916667	1.000000	1.000000	12			SHORT_GLOBAL_FALLBACK
8PFK	1	2Q1R	1	1.000000	1.000000	1.000000	12			SHORT_GLOBAL_FALLBACK
8PFK	1	4RBY	1	0.916667	1.000000	1.000000	12			SHORT_GLOBAL_FALLBACK
8PFK	1	4RBZ	1	0.916667	1.000000	1.000000	12			SHORT_GLOBAL_FALLBACK
8PFK	1	4RC0	1	0.916667	1.000000	1.000000	12			SHORT_GLOBAL_FALLBACK
8PFK	1	5DO5	1	0.833333	1.000000	1.000000	12			SHORT_GLOBAL_FALLBACK
8PFK	1	6XUR	1	1.000000	1.000000	1.000000	12			SHORT_GLOBAL_FALLBACK
8PFK	1	6XUS	1	1.000000	1.000000	1.000000	12			SHORT_GLOBAL_FALLBACK
8PFK	1	7QUA	1	0.916667	1.000000	1.000000	12			SHORT_GLOBAL_FALLBACK
8QO4	1	8UYE	1	0.843000	0.859000	0.993000	134	1.069E-38	148	MMSEQS2
8QO4	1	8UYG	1	0.843000	0.859000	0.993000	134	1.069E-38	148	MMSEQS2
8QO4	1	8UYJ	1	0.843000	0.859000	0.993000	134	1.069E-38	148	MMSEQS2
8QO4	1	8UYK	1	0.992000	0.859000	0.993000	134	1.370E-68	237	MMSEQS2
8QO4	1	8UYL	1	0.992000	0.859000	0.993000	134	1.370E-68	237	MMSEQS2
8QO4	1	8UYM	1	0.992000	0.859000	0.993000	134	1.370E-68	237	MMSEQS2
8QO5	1	8UYP	1	0.915000	0.979000	0.993000	142	5.701E-57	202	MMSEQS2
8QO5	1	8UYS	1	1.000000	0.855000	1.000000	124	1.223E-64	224	MMSEQS2
8RUI	1	3BWP	1	1.000000	0.997000	0.947000	390	3.588E-217	700	MMSEQS2
8RUI	1	4DS6	1	0.997000	0.997000	0.924000	390	1.735E-215	696	MMSEQS2
8RUI	1	4E8M	1	1.000000	1.000000	0.992000	391	7.588E-218	702	MMSEQS2
8RUI	1	4E8N	1	1.000000	0.997000	0.992000	390	3.588E-217	700	MMSEQS2
8RUI	1	4E8P	1	1.000000	0.997000	0.992000	390	3.588E-217	700	MMSEQS2
8RUI	1	4E8Q	1	1.000000	0.997000	0.992000	390	3.588E-217	700	MMSEQS2
8RUI	1	4E8R	1	1.000000	0.997000	0.992000	390	3.588E-217	700	MMSEQS2
8RUI	1	4E8V	1	1.000000	0.997000	0.992000	390	3.588E-217	700	MMSEQS2
8RUI	1	4FAQ	1	1.000000	1.000000	0.987000	391	7.588E-218	702	MMSEQS2
8RUI	1	4FAU	1	1.000000	0.997000	0.980000	390	3.588E-217	700	MMSEQS2
8RUI	1	4FAX	1	1.000000	0.997000	0.990000	390	3.588E-217	700	MMSEQS2
8RUI	1	4FB0	1	0.997000	0.997000	0.992000	390	1.735E-215	696	MMSEQS2
8RUI	1	5J01	1	0.979000	1.000000	0.933000	391	3.973E-203	663	MMSEQS2
8RUI	1	6T3N	1	0.992000	0.997000	0.980000	390	3.966E-212	687	MMSEQS2
8RUI	1	6T3S	1	0.992000	0.997000	0.980000	390	3.966E-212	687	MMSEQS2
8RUJ	1	3BWP	1	1.000000	0.997000	0.947000	390	3.588E-217	700	MMSEQS2
8RUJ	1	4DS6	1	0.997000	0.997000	0.924000	390	1.735E-215	696	MMSEQS2
8RUJ	1	4E8M	1	1.000000	1.000000	0.992000	391	7.588E-218	702	MMSEQS2
8RUJ	1	4E8N	1	1.000000	0.997000	0.992000	390	3.588E-217	700	MMSEQS2
8RUJ	1	4E8P	1	1.000000	0.997000	0.992000	390	3.588E-217	700	MMSEQS2
8RUJ	1	4E8Q	1	1.000000	0.997000	0.992000	390	3.588E-217	700	MMSEQS2
8RUJ	1	4E8R	1	1.000000	0.997000	0.992000	390	3.588E-217	700	MMSEQS2
8RUJ	1	4E8V	1	1.000000	0.997000	0.992000	390	3.588E-217	700	MMSEQS2
8RUJ	1	4FAQ	1	1.000000	1.000000	0.987000	391	7.588E-218	702	MMSEQS2
8RUJ	1	4FAU	1	1.000000	0.997000	0.980000	390	3.588E-217	700	MMSEQS2
8RUJ	1	4FAX	1	1.000000	0.997000	0.990000	390	3.588E-217	700	MMSEQS2
8RUJ	1	4FB0	1	0.997000	0.997000	0.992000	390	1.735E-215	696	MMSEQS2
8RUJ	1	5J01	1	0.979000	1.000000	0.933000	391	3.973E-203	663	MMSEQS2
8RUJ	1	6T3N	1	0.992000	0.997000	0.980000	390	3.966E-212	687	MMSEQS2
8RUJ	1	6T3S	1	0.992000	0.997000	0.980000	390	3.966E-212	687	MMSEQS2
8RUK	1	3BWP	1	1.000000	0.990000	0.947000	390	7.566E-217	700	MMSEQS2
8RUK	1	4DS6	1	0.994000	0.992000	0.927000	391	3.682E-214	693	MMSEQS2
8RUK	1	4E8M	1	1.000000	1.000000	1.000000	394	1.525E-219	707	MMSEQS2
8RUK	1	4E8N	1	1.000000	0.997000	1.000000	393	7.211E-219	706	MMSEQS2
8RUK	1	4E8P	1	1.000000	0.997000	1.000000	393	7.211E-219	706	MMSEQS2
8RUK	1	4E8Q	1	1.000000	0.997000	1.000000	393	7.211E-219	706	MMSEQS2
8RUK	1	4E8R	1	1.000000	0.997000	1.000000	393	7.211E-219	706	MMSEQS2
8RUK	1	4E8V	1	1.000000	0.997000	1.000000	393	7.211E-219	706	MMSEQS2
8RUK	1	4FAQ	1	0.997000	0.995000	0.990000	392	1.641E-216	699	MMSEQS2
8RUK	1	4FAU	1	0.997000	0.992000	0.982000	391	7.719E-216	698	MMSEQS2
8RUK	1	4FAX	1	1.000000	0.997000	0.997000	393	7.211E-219	706	MMSEQS2
8RUK	1	4FB0	1	0.997000	0.997000	1.000000	393	3.486E-217	701	MMSEQS2
8RUK	1	5J01	1	0.979000	0.992000	0.933000	391	7.736E-203	663	MMSEQS2
8RUK	1	6T3N	1	0.989000	0.992000	0.982000	391	8.187E-211	684	MMSEQS2
8RUK	1	6T3S	1	0.989000	0.992000	0.982000	391	8.187E-211	684	MMSEQS2
8RUL	1	3BWP	1	1.000000	0.990000	0.947000	390	7.566E-217	700	MMSEQS2
8RUL	1	4DS6	1	0.994000	0.992000	0.927000	391	3.682E-214	693	MMSEQS2
8RUL	1	4E8M	1	1.000000	1.000000	1.000000	394	1.525E-219	707	MMSEQS2
8RUL	1	4E8N	1	1.000000	0.997000	1.000000	393	7.211E-219	706	MMSEQS2
8RUL	1	4E8P	1	1.000000	0.997000	1.000000	393	7.211E-219	706	MMSEQS2
8RUL	1	4E8Q	1	1.000000	0.997000	1.000000	393	7.211E-219	706	MMSEQS2
8RUL	1	4E8R	1	1.000000	0.997000	1.000000	393	7.211E-219	706	MMSEQS2
8RUL	1	4E8V	1	1.000000	0.997000	1.000000	393	7.211E-219	706	MMSEQS2
8RUL	1	4FAQ	1	0.997000	0.995000	0.990000	392	1.641E-216	699	MMSEQS2
8RUL	1	4FAU	1	0.997000	0.992000	0.982000	391	7.719E-216	698	MMSEQS2
8RUL	1	4FAX	1	1.000000	0.997000	0.997000	393	7.211E-219	706	MMSEQS2
8RUL	1	4FB0	1	0.997000	0.997000	1.000000	393	3.486E-217	701	MMSEQS2
8RUL	1	5J01	1	0.979000	0.992000	0.933000	391	7.736E-203	663	MMSEQS2
8RUL	1	6T3N	1	0.989000	0.992000	0.982000	391	8.187E-211	684	MMSEQS2
8RUL	1	6T3S	1	0.989000	0.992000	0.982000	391	8.187E-211	684	MMSEQS2
8RUM	1	3BWP	1	1.000000	0.990000	0.947000	390	7.566E-217	700	MMSEQS2
8RUM	1	4DS6	1	0.994000	0.992000	0.927000	391	3.682E-214	693	MMSEQS2
8RUM	1	4E8M	1	1.000000	1.000000	1.000000	394	1.525E-219	707	MMSEQS2
8RUM	1	4E8N	1	1.000000	0.997000	1.000000	393	7.211E-219	706	MMSEQS2
8RUM	1	4E8P	1	1.000000	0.997000	1.000000	393	7.211E-219	706	MMSEQS2
8RUM	1	4E8Q	1	1.000000	0.997000	1.000000	393	7.211E-219	706	MMSEQS2
8RUM	1	4E8R	1	1.000000	0.997000	1.000000	393	7.211E-219	706	MMSEQS2
8RUM	1	4E8V	1	1.000000	0.997000	1.000000	393	7.211E-219	706	MMSEQS2
8RUM	1	4FAQ	1	0.997000	0.995000	0.990000	392	1.641E-216	699	MMSEQS2
8RUM	1	4FAU	1	0.997000	0.992000	0.982000	391	7.719E-216	698	MMSEQS2
8RUM	1	4FAX	1	1.000000	0.997000	0.997000	393	7.211E-219	706	MMSEQS2
8RUM	1	4FB0	1	0.997000	0.997000	1.000000	393	3.486E-217	701	MMSEQS2
8RUM	1	5J01	1	0.979000	0.992000	0.933000	391	7.736E-203	663	MMSEQS2
8RUM	1	6T3N	1	0.989000	0.992000	0.982000	391	8.187E-211	684	MMSEQS2
8RUM	1	6T3S	1	0.989000	0.992000	0.982000	391	8.187E-211	684	MMSEQS2
8RUN	1	3BWP	1	1.000000	0.990000	0.947000	390	7.566E-217	700	MMSEQS2
8RUN	1	4DS6	1	0.994000	0.992000	0.927000	391	3.682E-214	693	MMSEQS2
8RUN	1	4E8M	1	1.000000	1.000000	1.000000	394	1.525E-219	707	MMSEQS2
8RUN	1	4E8N	1	1.000000	0.997000	1.000000	393	7.211E-219	706	MMSEQS2
8RUN	1	4E8P	1	1.000000	0.997000	1.000000	393	7.211E-219	706	MMSEQS2
8RUN	1	4E8Q	1	1.000000	0.997000	1.000000	393	7.211E-219	706	MMSEQS2
8RUN	1	4E8R	1	1.000000	0.997000	1.000000	393	7.211E-219	706	MMSEQS2
8RUN	1	4E8V	1	1.000000	0.997000	1.000000	393	7.211E-219	706	MMSEQS2
8RUN	1	4FAQ	1	0.997000	0.995000	0.990000	392	1.641E-216	699	MMSEQS2
8RUN	1	4FAU	1	0.997000	0.992000	0.982000	391	7.719E-216	698	MMSEQS2
8RUN	1	4FAX	1	1.000000	0.997000	0.997000	393	7.211E-219	706	MMSEQS2
8RUN	1	4FB0	1	0.997000	0.997000	1.000000	393	3.486E-217	701	MMSEQS2
8RUN	1	5J01	1	0.979000	0.992000	0.933000	391	7.736E-203	663	MMSEQS2
8RUN	1	6T3N	1	0.989000	0.992000	0.982000	391	8.187E-211	684	MMSEQS2
8RUN	1	6T3S	1	0.989000	0.992000	0.982000	391	8.187E-211	684	MMSEQS2
8TOZ	1	4RZD	1	0.980000	1.000000	1.000000	101	2.554E-50	174	MMSEQS2
8TOZ	1	6XKN	1	0.970000	1.000000	1.000000	101	1.243E-48	169	MMSEQS2
8TOZ	1	6XKO	1	0.970000	1.000000	1.000000	101	1.243E-48	169	MMSEQS2
8U5J	1	6E8U	1	0.918000	1.000000	1.000000	37	5.076E-11	51	MMSEQS2
8U5J	1	6PQ7	1	0.918000	1.000000	1.000000	37	5.076E-11	51	MMSEQS2
8VPV	1	4RZD	1	0.990000	1.000000	1.000000	101	9.037E-51	174	MMSEQS2
8VPV	1	6XKN	1	0.980000	1.000000	1.000000	101	4.474E-49	170	MMSEQS2
8VPV	1	6XKO	1	0.990000	1.000000	1.000000	101	9.037E-51	174	MMSEQS2
8VQV	1	4XW7	1	1.000000	1.000000	1.000000	64	9.303E-33	116	MMSEQS2
8VQV	1	4XWF	1	1.000000	1.000000	1.000000	64	9.303E-33	116	MMSEQS2
8VVJ	1	4XW7	1	1.000000	1.000000	1.000000	64	9.303E-33	116	MMSEQS2
8VVJ	1	4XWF	1	1.000000	1.000000	1.000000	64	9.303E-33	116	MMSEQS2
8ZAU	1	7V9E	1	0.970000	0.986000	1.000000	68	1.753E-31	114	MMSEQS2
8ZMH	1	7SAM	1	1.000000	1.000000	0.988000	169	3.078E-92	304	MMSEQS2
9C6I	1	3BWP	1	0.997000	0.988000	1.000000	412	1.663E-227	735	MMSEQS2
9C6I	1	4DS6	1	1.000000	1.000000	0.988000	417	1.495E-232	749	MMSEQS2
9C6I	1	4E8M	1	0.994000	0.938000	0.992000	391	6.956E-212	693	MMSEQS2
9C6I	1	4E8N	1	0.994000	0.938000	0.995000	391	6.956E-212	693	MMSEQS2
9C6I	1	4E8P	1	0.994000	0.938000	0.995000	391	6.956E-212	693	MMSEQS2
9C6I	1	4E8Q	1	0.994000	0.938000	0.995000	391	6.956E-212	693	MMSEQS2
9C6I	1	4E8R	1	0.994000	0.938000	0.995000	391	6.956E-212	693	MMSEQS2
9C6I	1	4E8V	1	0.994000	0.938000	0.995000	391	6.956E-212	693	MMSEQS2
9C6I	1	4FAQ	1	0.997000	0.947000	0.997000	395	3.565E-216	705	MMSEQS2
9C6I	1	4FAU	1	0.997000	0.947000	0.992000	395	3.565E-216	705	MMSEQS2
9C6I	1	4FAX	1	0.994000	0.938000	0.992000	391	6.956E-212	693	MMSEQS2
9C6I	1	4FB0	1	0.992000	0.938000	0.995000	391	3.061E-210	689	MMSEQS2
9C6I	1	5J01	1	0.976000	0.935000	0.931000	390	1.601E-198	656	MMSEQS2
9C6I	1	6T3N	1	0.989000	0.947000	0.992000	395	3.164E-211	691	MMSEQS2
9C6I	1	6T3S	1	0.989000	0.947000	0.992000	395	3.164E-211	691	MMSEQS2
9CBU	1	6WLS	1	1.000000	1.000000	0.997000	387	1.389E-215	695	MMSEQS2
9CBU	1	7EZ0	1	1.000000	1.000000	1.000000	387	1.389E-215	695	MMSEQS2
9CBU	1	7R6N	1	0.961000	1.000000	0.982000	387	1.034E-188	622	MMSEQS2
9CBU	1	7UVT	1	1.000000	1.000000	1.000000	387	1.389E-215	695	MMSEQS2
9CBU	1	7XD3	1	1.000000	1.000000	0.908000	387	1.389E-215	695	MMSEQS2
9CBU	1	7XD4	1	1.000000	1.000000	0.915000	387	1.389E-215	695	MMSEQS2
9CBU	1	7XD7	1	1.000000	1.000000	0.956000	387	1.389E-215	695	MMSEQS2
9CBU	1	7XSK	1	1.000000	1.000000	0.997000	387	1.389E-215	695	MMSEQS2
9CBU	1	7XSL	1	1.000000	1.000000	0.997000	387	1.389E-215	695	MMSEQS2
9CBU	1	7XSM	1	1.000000	1.000000	0.997000	387	1.389E-215	695	MMSEQS2
9CBU	1	7XSN	1	1.000000	1.000000	0.997000	387	1.389E-215	695	MMSEQS2
9CBU	1	7YC8	1	1.000000	1.000000	0.985000	387	1.389E-215	695	MMSEQS2
9CBU	1	8HD6	1	0.997000	1.000000	0.924000	387	6.736E-214	690	MMSEQS2
9CBU	1	8HD7	1	0.997000	1.000000	0.924000	387	6.736E-214	690	MMSEQS2
9CBU	1	8I7N	1	0.997000	1.000000	0.926000	387	6.736E-214	690	MMSEQS2
9CBW	1	6WLS	1	1.000000	1.000000	0.997000	387	1.389E-215	695	MMSEQS2
9CBW	1	7EZ0	1	1.000000	1.000000	1.000000	387	1.389E-215	695	MMSEQS2
9CBW	1	7R6N	1	0.961000	1.000000	0.982000	387	1.034E-188	622	MMSEQS2
9CBW	1	7UVT	1	1.000000	1.000000	1.000000	387	1.389E-215	695	MMSEQS2
9CBW	1	7XD3	1	1.000000	1.000000	0.908000	387	1.389E-215	695	MMSEQS2
9CBW	1	7XD4	1	1.000000	1.000000	0.915000	387	1.389E-215	695	MMSEQS2
9CBW	1	7XD7	1	1.000000	1.000000	0.956000	387	1.389E-215	695	MMSEQS2
9CBW	1	7XSK	1	1.000000	1.000000	0.997000	387	1.389E-215	695	MMSEQS2
9CBW	1	7XSL	1	1.000000	1.000000	0.997000	387	1.389E-215	695	MMSEQS2
9CBW	1	7XSM	1	1.000000	1.000000	0.997000	387	1.389E-215	695	MMSEQS2
9CBW	1	7XSN	1	1.000000	1.000000	0.997000	387	1.389E-215	695	MMSEQS2
9CBW	1	7YC8	1	1.000000	1.000000	0.985000	387	1.389E-215	695	MMSEQS2
9CBW	1	8HD6	1	0.997000	1.000000	0.924000	387	6.736E-214	690	MMSEQS2
9CBW	1	8HD7	1	0.997000	1.000000	0.924000	387	6.736E-214	690	MMSEQS2
9CBW	1	8I7N	1	0.997000	1.000000	0.926000	387	6.736E-214	690	MMSEQS2
9CBX	1	6WLS	1	1.000000	1.000000	0.997000	387	1.389E-215	695	MMSEQS2
9CBX	1	7EZ0	1	1.000000	1.000000	1.000000	387	1.389E-215	695	MMSEQS2
9CBX	1	7R6N	1	0.961000	1.000000	0.982000	387	1.034E-188	622	MMSEQS2
9CBX	1	7UVT	1	1.000000	1.000000	1.000000	387	1.389E-215	695	MMSEQS2
9CBX	1	7XD3	1	1.000000	1.000000	0.908000	387	1.389E-215	695	MMSEQS2
9CBX	1	7XD4	1	1.000000	1.000000	0.915000	387	1.389E-215	695	MMSEQS2
9CBX	1	7XD7	1	1.000000	1.000000	0.956000	387	1.389E-215	695	MMSEQS2
9CBX	1	7XSK	1	1.000000	1.000000	0.997000	387	1.389E-215	695	MMSEQS2
9CBX	1	7XSL	1	1.000000	1.000000	0.997000	387	1.389E-215	695	MMSEQS2
9CBX	1	7XSM	1	1.000000	1.000000	0.997000	387	1.389E-215	695	MMSEQS2
9CBX	1	7XSN	1	1.000000	1.000000	0.997000	387	1.389E-215	695	MMSEQS2
9CBX	1	7YC8	1	1.000000	1.000000	0.985000	387	1.389E-215	695	MMSEQS2
9CBX	1	8HD6	1	0.997000	1.000000	0.924000	387	6.736E-214	690	MMSEQS2
9CBX	1	8HD7	1	0.997000	1.000000	0.924000	387	6.736E-214	690	MMSEQS2
9CBX	1	8I7N	1	0.997000	1.000000	0.926000	387	6.736E-214	690	MMSEQS2
9CBY	1	6WLS	1	1.000000	1.000000	0.997000	387	1.389E-215	695	MMSEQS2
9CBY	1	7EZ0	1	1.000000	1.000000	1.000000	387	1.389E-215	695	MMSEQS2
9CBY	1	7R6N	1	0.961000	1.000000	0.982000	387	1.034E-188	622	MMSEQS2
9CBY	1	7UVT	1	1.000000	1.000000	1.000000	387	1.389E-215	695	MMSEQS2
9CBY	1	7XD3	1	1.000000	1.000000	0.908000	387	1.389E-215	695	MMSEQS2
9CBY	1	7XD4	1	1.000000	1.000000	0.915000	387	1.389E-215	695	MMSEQS2
9CBY	1	7XD7	1	1.000000	1.000000	0.956000	387	1.389E-215	695	MMSEQS2
9CBY	1	7XSK	1	1.000000	1.000000	0.997000	387	1.389E-215	695	MMSEQS2
9CBY	1	7XSL	1	1.000000	1.000000	0.997000	387	1.389E-215	695	MMSEQS2
9CBY	1	7XSM	1	1.000000	1.000000	0.997000	387	1.389E-215	695	MMSEQS2
9CBY	1	7XSN	1	1.000000	1.000000	0.997000	387	1.389E-215	695	MMSEQS2
9CBY	1	7YC8	1	1.000000	1.000000	0.985000	387	1.389E-215	695	MMSEQS2
9CBY	1	8HD6	1	0.997000	1.000000	0.924000	387	6.736E-214	690	MMSEQS2
9CBY	1	8HD7	1	0.997000	1.000000	0.924000	387	6.736E-214	690	MMSEQS2
9CBY	1	8I7N	1	0.997000	1.000000	0.926000	387	6.736E-214	690	MMSEQS2
9DP9	1	8TJQ	1	0.981000	0.836000	0.850000	374	1.800E-191	641	MMSEQS2
9DP9	1	8TJV	1	0.981000	0.827000	0.887000	370	5.581E-189	634	MMSEQS2
9DP9	1	8TJX	1	0.981000	0.836000	0.850000	374	1.800E-191	641	MMSEQS2
9E9O	1	8UYS	1	0.941000	1.000000	0.831000	103	5.621E-44	156	MMSEQS2
9E9Q	1	8UYS	1	0.941000	1.000000	0.831000	103	5.621E-44	156	MMSEQS2
9G4J	1	4E8M	1	0.996000	0.982000	0.832000	328	6.972E-180	585	MMSEQS2
9G4J	1	4E8N	1	0.996000	0.982000	0.835000	328	6.972E-180	585	MMSEQS2
9G4J	1	4E8P	1	0.996000	0.982000	0.835000	328	6.972E-180	585	MMSEQS2
9G4J	1	4E8Q	1	0.996000	0.982000	0.835000	328	6.972E-180	585	MMSEQS2
9G4J	1	4E8R	1	0.996000	0.982000	0.835000	328	6.972E-180	585	MMSEQS2
9G4J	1	4E8V	1	0.996000	0.982000	0.835000	328	6.972E-180	585	MMSEQS2
9G4J	1	4FAQ	1	1.000000	0.994000	0.838000	332	2.964E-184	596	MMSEQS2
9G4J	1	4FAU	1	1.000000	1.000000	0.839000	334	1.324E-185	600	MMSEQS2
9G4J	1	4FAX	1	0.996000	0.982000	0.832000	328	6.972E-180	585	MMSEQS2
9G4J	1	4FB0	1	0.996000	0.982000	0.835000	328	6.972E-180	585	MMSEQS2
9G4J	1	6T3N	1	0.997000	1.000000	0.839000	334	6.444E-184	595	MMSEQS2
9G4J	1	6T3S	1	0.997000	1.000000	0.839000	334	6.444E-184	595	MMSEQS2
9G4L	1	4E8M	1	0.996000	0.982000	0.832000	328	6.972E-180	585	MMSEQS2
9G4L	1	4E8N	1	0.996000	0.982000	0.835000	328	6.972E-180	585	MMSEQS2
9G4L	1	4E8P	1	0.996000	0.982000	0.835000	328	6.972E-180	585	MMSEQS2
9G4L	1	4E8Q	1	0.996000	0.982000	0.835000	328	6.972E-180	585	MMSEQS2
9G4L	1	4E8R	1	0.996000	0.982000	0.835000	328	6.972E-180	585	MMSEQS2
9G4L	1	4E8V	1	0.996000	0.982000	0.835000	328	6.972E-180	585	MMSEQS2
9G4L	1	4FAQ	1	1.000000	0.994000	0.838000	332	2.964E-184	596	MMSEQS2
9G4L	1	4FAU	1	1.000000	1.000000	0.839000	334	1.324E-185	600	MMSEQS2
9G4L	1	4FAX	1	0.996000	0.982000	0.832000	328	6.972E-180	585	MMSEQS2
9G4L	1	4FB0	1	0.996000	0.982000	0.835000	328	6.972E-180	585	MMSEQS2
9G4L	1	6T3N	1	0.997000	1.000000	0.839000	334	6.444E-184	595	MMSEQS2
9G4L	1	6T3S	1	0.997000	1.000000	0.839000	334	6.444E-184	595	MMSEQS2
9G54	1	3BWP	1	1.000000	0.978000	0.859000	354	4.653E-196	636	MMSEQS2
9G54	1	4DS6	1	1.000000	0.997000	0.855000	361	9.084E-201	648	MMSEQS2
9G54	1	4E8M	1	0.997000	0.981000	0.901000	355	4.713E-195	633	MMSEQS2
9G54	1	4E8N	1	0.997000	0.981000	0.903000	355	4.713E-195	633	MMSEQS2
9G54	1	4E8P	1	0.997000	0.981000	0.903000	355	4.713E-195	633	MMSEQS2
9G54	1	4E8Q	1	0.997000	0.981000	0.903000	355	4.713E-195	633	MMSEQS2
9G54	1	4E8R	1	0.997000	0.981000	0.903000	355	4.713E-195	633	MMSEQS2
9G54	1	4E8V	1	0.997000	0.981000	0.903000	355	4.713E-195	633	MMSEQS2
9G54	1	4FAQ	1	1.000000	0.992000	0.907000	359	2.026E-199	645	MMSEQS2
9G54	1	4FAU	1	1.000000	1.000000	0.910000	362	1.920E-201	650	MMSEQS2
9G54	1	4FAX	1	0.997000	0.981000	0.901000	355	4.713E-195	633	MMSEQS2
9G54	1	4FB0	1	0.997000	0.981000	0.903000	355	4.713E-195	633	MMSEQS2
9G54	1	5J01	1	0.977000	0.978000	0.844000	354	1.890E-181	596	MMSEQS2
9G54	1	6T3N	1	0.997000	1.000000	0.910000	362	9.327E-200	646	MMSEQS2
9G54	1	6T3S	1	0.997000	1.000000	0.910000	362	9.327E-200	646	MMSEQS2
9JA7	1	1EHT	1	1.000000	0.939000	0.939000	31	9.237E-14	57	MMSEQS2
9JA7	1	1O15	1	1.000000	0.939000	0.939000	31	9.237E-14	57	MMSEQS2
9JA9	1	1EHT	1	1.000000	0.939000	0.939000	31	9.237E-14	57	MMSEQS2
9JA9	1	1O15	1	1.000000	0.939000	0.939000	31	9.237E-14	57	MMSEQS2
9JC8	1	6WLS	1	1.000000	1.000000	0.985000	382	9.347E-213	686	MMSEQS2
9JC8	1	7EZ0	1	1.000000	1.000000	0.987000	382	9.347E-213	686	MMSEQS2
9JC8	1	7R6N	1	0.960000	1.000000	0.969000	382	6.895E-186	613	MMSEQS2
9JC8	1	7UVT	1	1.000000	1.000000	0.987000	382	9.347E-213	686	MMSEQS2
9JC8	1	7XD3	1	1.000000	1.000000	0.897000	382	9.347E-213	686	MMSEQS2
9JC8	1	7XD4	1	1.000000	1.000000	0.903000	382	9.347E-213	686	MMSEQS2
9JC8	1	7XD7	1	1.000000	1.000000	0.943000	382	9.347E-213	686	MMSEQS2
9JC8	1	7XSK	1	1.000000	1.000000	0.985000	382	9.347E-213	686	MMSEQS2
9JC8	1	7XSL	1	1.000000	1.000000	0.985000	382	9.347E-213	686	MMSEQS2
9JC8	1	7XSM	1	1.000000	1.000000	0.985000	382	9.347E-213	686	MMSEQS2
9JC8	1	7XSN	1	1.000000	1.000000	0.985000	382	9.347E-213	686	MMSEQS2
9JC8	1	7YC8	1	1.000000	1.000000	0.972000	382	9.347E-213	686	MMSEQS2
9JC8	1	8HD6	1	0.997000	1.000000	0.912000	382	4.535E-211	681	MMSEQS2
9JC8	1	8HD7	1	0.997000	1.000000	0.912000	382	4.535E-211	681	MMSEQS2
9JC8	1	8I7N	1	0.997000	1.000000	0.914000	382	4.535E-211	681	MMSEQS2
9OV3	1	2A64	1	1.000000	1.000000	1.000000	417	1.495E-232	749	MMSEQS2
9OV6	1	2A64	1	1.000000	1.000000	1.000000	417	1.495E-232	749	MMSEQS2
9OV7	1	2A64	1	1.000000	1.000000	1.000000	417	1.495E-232	749	MMSEQS2
9OV8	1	2A64	1	1.000000	1.000000	1.000000	417	1.495E-232	749	MMSEQS2
9OVB	1	2A64	1	1.000000	1.000000	1.000000	417	1.495E-232	749	MMSEQS2
9OVC	1	2A64	1	1.000000	1.000000	1.000000	417	1.495E-232	749	MMSEQS2
9OY2	1	2A64	1	0.988000	1.000000	1.000000	417	3.711E-224	726	MMSEQS2
9OY3	1	2A64	1	0.988000	1.000000	1.000000	417	3.711E-224	726	MMSEQS2
9OY4	1	2A64	1	0.990000	1.000000	1.000000	417	7.886E-226	731	MMSEQS2
9PDF	1	1ANR	1	0.965000	1.000000	1.000000	29	3.931E-11	49	MMSEQS2
9PDF	1	1ARJ	1	0.965000	1.000000	1.000000	29	3.931E-11	49	MMSEQS2
9PDF	1	1LVJ	1	0.923000	0.897000	0.839000	26	2.339E-07	39	MMSEQS2
9PDF	1	1QD3	1	0.884000	0.897000	0.897000	26	1.032E-05	35	MMSEQS2
9PDF	1	1UTS	1	0.965000	1.000000	1.000000	29	3.931E-11	49	MMSEQS2
9PDF	1	1UUD	1	0.965000	1.000000	1.000000	29	3.931E-11	49	MMSEQS2
9PDF	1	1UUI	1	0.965000	1.000000	1.000000	29	3.931E-11	49	MMSEQS2
9PDF	1	2L8H	1	0.965000	1.000000	1.000000	29	3.931E-11	49	MMSEQS2
9PDF	1	7JU1	1	0.965000	1.000000	1.000000	29	3.931E-11	49	MMSEQS2
9PDF	1	8THV	1	0.965000	1.000000	1.000000	29	3.931E-11	49	MMSEQS2
9PDG	1	1ANR	1	1.000000	1.000000	1.000000	29	6.678E-13	53	MMSEQS2
9PDG	1	1ARJ	1	1.000000	1.000000	1.000000	29	6.678E-13	53	MMSEQS2
9PDG	1	1LVJ	1	0.961000	0.897000	0.839000	26	4.751E-09	44	MMSEQS2
9PDG	1	1QD3	1	0.923000	0.897000	0.897000	26	2.339E-07	39	MMSEQS2
9PDG	1	1UTS	1	1.000000	1.000000	1.000000	29	6.678E-13	53	MMSEQS2
9PDG	1	1UUD	1	1.000000	1.000000	1.000000	29	6.678E-13	53	MMSEQS2
9PDG	1	1UUI	1	1.000000	1.000000	1.000000	29	6.678E-13	53	MMSEQS2
9PDG	1	2L8H	1	1.000000	1.000000	1.000000	29	6.678E-13	53	MMSEQS2
9PDG	1	7JU1	1	1.000000	1.000000	1.000000	29	6.678E-13	53	MMSEQS2
9PDG	1	8THV	1	1.000000	1.000000	1.000000	29	6.678E-13	53	MMSEQS2
9SXV	1	8CLR	1	1.000000	1.000000	1.000000	14			SHORT_GLOBAL_FALLBACK
9SY4	1	8CLR	1	1.000000	1.000000	1.000000	14			SHORT_GLOBAL_FALLBACK
9ZBQ	1	6WLS	1	1.000000	1.000000	1.000000	388	3.775E-216	697	MMSEQS2
9ZBQ	1	7EZ0	1	1.000000	0.997000	1.000000	387	1.785E-215	695	MMSEQS2
9ZBQ	1	7R6N	1	0.961000	1.000000	0.985000	388	2.815E-189	624	MMSEQS2
9ZBQ	1	7UVT	1	1.000000	0.997000	1.000000	387	1.785E-215	695	MMSEQS2
9ZBQ	1	7XD3	1	1.000000	1.000000	0.911000	388	3.775E-216	697	MMSEQS2
9ZBQ	1	7XD4	1	1.000000	1.000000	0.917000	388	3.775E-216	697	MMSEQS2
9ZBQ	1	7XD7	1	1.000000	1.000000	0.958000	388	3.775E-216	697	MMSEQS2
9ZBQ	1	7XSK	1	1.000000	1.000000	1.000000	388	3.775E-216	697	MMSEQS2
9ZBQ	1	7XSL	1	1.000000	1.000000	1.000000	388	3.775E-216	697	MMSEQS2
9ZBQ	1	7XSM	1	1.000000	1.000000	1.000000	388	3.775E-216	697	MMSEQS2
9ZBQ	1	7XSN	1	1.000000	1.000000	1.000000	388	3.775E-216	697	MMSEQS2
9ZBQ	1	7YC8	1	1.000000	1.000000	0.987000	388	3.775E-216	697	MMSEQS2
9ZBQ	1	8HD6	1	0.997000	1.000000	0.926000	388	1.831E-214	692	MMSEQS2
9ZBQ	1	8HD7	1	0.997000	1.000000	0.926000	388	1.831E-214	692	MMSEQS2
9ZBQ	1	8I7N	1	0.997000	1.000000	0.928000	388	1.831E-214	692	MMSEQS2
9ZBR	1	6WLS	1	1.000000	1.000000	0.997000	387	1.389E-215	695	MMSEQS2
9ZBR	1	7EZ0	1	1.000000	1.000000	1.000000	387	1.389E-215	695	MMSEQS2
9ZBR	1	7R6N	1	0.961000	1.000000	0.982000	387	1.034E-188	622	MMSEQS2
9ZBR	1	7UVT	1	1.000000	1.000000	1.000000	387	1.389E-215	695	MMSEQS2
9ZBR	1	7XD3	1	1.000000	1.000000	0.908000	387	1.389E-215	695	MMSEQS2
9ZBR	1	7XD4	1	1.000000	1.000000	0.915000	387	1.389E-215	695	MMSEQS2
9ZBR	1	7XD7	1	1.000000	1.000000	0.956000	387	1.389E-215	695	MMSEQS2
9ZBR	1	7XSK	1	1.000000	1.000000	0.997000	387	1.389E-215	695	MMSEQS2
9ZBR	1	7XSL	1	1.000000	1.000000	0.997000	387	1.389E-215	695	MMSEQS2
9ZBR	1	7XSM	1	1.000000	1.000000	0.997000	387	1.389E-215	695	MMSEQS2
9ZBR	1	7XSN	1	1.000000	1.000000	0.997000	387	1.389E-215	695	MMSEQS2
9ZBR	1	7YC8	1	1.000000	1.000000	0.985000	387	1.389E-215	695	MMSEQS2
9ZBR	1	8HD6	1	0.997000	1.000000	0.924000	387	6.736E-214	690	MMSEQS2
9ZBR	1	8HD7	1	0.997000	1.000000	0.924000	387	6.736E-214	690	MMSEQS2
9ZBR	1	8I7N	1	0.997000	1.000000	0.926000	387	6.736E-214	690	MMSEQS2
9ZC6	1	6WLS	1	1.000000	1.000000	1.000000	388	3.775E-216	697	MMSEQS2
9ZC6	1	7EZ0	1	1.000000	0.997000	1.000000	387	1.785E-215	695	MMSEQS2
9ZC6	1	7R6N	1	0.961000	1.000000	0.985000	388	2.815E-189	624	MMSEQS2
9ZC6	1	7UVT	1	1.000000	0.997000	1.000000	387	1.785E-215	695	MMSEQS2
9ZC6	1	7XD3	1	1.000000	1.000000	0.911000	388	3.775E-216	697	MMSEQS2
9ZC6	1	7XD4	1	1.000000	1.000000	0.917000	388	3.775E-216	697	MMSEQS2
9ZC6	1	7XD7	1	1.000000	1.000000	0.958000	388	3.775E-216	697	MMSEQS2
9ZC6	1	7XSK	1	1.000000	1.000000	1.000000	388	3.775E-216	697	MMSEQS2
9ZC6	1	7XSL	1	1.000000	1.000000	1.000000	388	3.775E-216	697	MMSEQS2
9ZC6	1	7XSM	1	1.000000	1.000000	1.000000	388	3.775E-216	697	MMSEQS2
9ZC6	1	7XSN	1	1.000000	1.000000	1.000000	388	3.775E-216	697	MMSEQS2
9ZC6	1	7YC8	1	1.000000	1.000000	0.987000	388	3.775E-216	697	MMSEQS2
9ZC6	1	8HD6	1	0.997000	1.000000	0.926000	388	1.831E-214	692	MMSEQS2
9ZC6	1	8HD7	1	0.997000	1.000000	0.926000	388	1.831E-214	692	MMSEQS2
9ZC6	1	8I7N	1	0.997000	1.000000	0.928000	388	1.831E-214	692	MMSEQS2
9ZC7	1	7PTK	1	1.000000	1.000000	1.000000	720	0.000E+00	1291	MMSEQS2
9ZC7	1	7PTL	1	1.000000	1.000000	1.000000	720	0.000E+00	1291	MMSEQS2
9ZDV	1	2A64	1	0.997000	1.000000	1.000000	417	7.242E-231	744	MMSEQS2
9ZF2	1	2A64	1	1.000000	1.000000	1.000000	417	1.495E-232	749	MMSEQS2
9ZF3	1	2A64	1	1.000000	1.000000	1.000000	417	1.495E-232	749	MMSEQS2
9ZF5	1	2A64	1	1.000000	1.000000	1.000000	417	1.495E-232	749	MMSEQS2
9ZF9	1	2A64	1	0.997000	1.000000	1.000000	417	7.242E-231	744	MMSEQS2
9ZFC	1	2A64	1	1.000000	1.000000	1.000000	417	1.495E-232	749	MMSEQS2
9ZFD	1	2A64	1	1.000000	1.000000	1.000000	417	1.495E-232	749	MMSEQS2
9ZGM	1	2A64	1	1.000000	1.000000	1.000000	417	1.495E-232	749	MMSEQS2
9ZGN	1	2A64	1	1.000000	1.000000	1.000000	417	1.495E-232	749	MMSEQS2
9ZGO	1	2A64	1	1.000000	1.000000	1.000000	417	1.495E-232	749	MMSEQS2
9ZGP	1	2A64	1	1.000000	1.000000	1.000000	417	1.495E-232	749	MMSEQS2
9ZGQ	1	2A64	1	0.997000	1.000000	1.000000	417	7.242E-231	744	MMSEQS2
9ZGR	1	2A64	1	1.000000	1.000000	1.000000	417	1.495E-232	749	MMSEQS2
9ZGS	1	2A64	1	1.000000	1.000000	1.000000	417	1.495E-232	749	MMSEQS2
9ZGT	1	2A64	1	0.997000	1.000000	1.000000	417	7.242E-231	744	MMSEQS2
9ZGU	1	2A64	1	1.000000	1.000000	1.000000	417	1.495E-232	749	MMSEQS2
9ZGV	1	2A64	1	1.000000	1.000000	1.000000	417	1.495E-232	749	MMSEQS2
9ZGW	1	2A64	1	1.000000	1.000000	1.000000	417	1.495E-232	749	MMSEQS2
9ZGX	1	2A64	1	0.997000	1.000000	1.000000	417	7.242E-231	744	MMSEQS2
9ZGY	1	2A64	1	1.000000	1.000000	1.000000	417	1.495E-232	749	MMSEQS2
9ZGZ	1	2A64	1	0.997000	1.000000	1.000000	417	7.242E-231	744	MMSEQS2
9ZH0	1	2A64	1	0.997000	1.000000	1.000000	417	7.242E-231	744	MMSEQS2
9ZH1	1	2A64	1	0.997000	1.000000	1.000000	417	7.242E-231	744	MMSEQS2
9ZH2	1	2A64	1	0.997000	1.000000	1.000000	417	7.242E-231	744	MMSEQS2
9ZH5	1	2A64	1	0.997000	1.000000	1.000000	417	7.242E-231	744	MMSEQS2
9ZH7	1	2A64	1	1.000000	1.000000	1.000000	417	1.495E-232	749	MMSEQS2
9ZH9	1	2A64	1	0.997000	1.000000	1.000000	417	7.242E-231	744	MMSEQS2
9ZHA	1	2A64	1	0.997000	1.000000	1.000000	417	7.242E-231	744	MMSEQS2
9ZHB	1	2A64	1	0.997000	1.000000	1.000000	417	7.242E-231	744	MMSEQS2
9ZHC	1	2A64	1	1.000000	1.000000	1.000000	417	1.495E-232	749	MMSEQS2
9ZHD	1	2A64	1	1.000000	1.000000	1.000000	417	1.495E-232	749	MMSEQS2
9ZHE	1	2A64	1	1.000000	1.000000	1.000000	417	1.495E-232	749	MMSEQS2
9ZHF	1	2A64	1	1.000000	1.000000	1.000000	417	1.495E-232	749	MMSEQS2
9ZHG	1	2A64	1	0.997000	1.000000	1.000000	417	7.242E-231	744	MMSEQS2
9ZHI	1	2A64	1	0.997000	1.000000	1.000000	417	7.242E-231	744	MMSEQS2
9ZHJ	1	2A64	1	1.000000	1.000000	1.000000	417	1.495E-232	749	MMSEQS2
9ZHK	1	2A64	1	1.000000	1.000000	1.000000	417	1.495E-232	749	MMSEQS2
9ZHL	1	2A64	1	1.000000	1.000000	1.000000	417	1.495E-232	749	MMSEQS2
9ZHO	1	2A64	1	0.997000	1.000000	1.000000	417	7.242E-231	744	MMSEQS2
9ZHP	1	2A64	1	1.000000	1.000000	1.000000	417	1.495E-232	749	MMSEQS2
9ZHR	1	2A64	1	1.000000	1.000000	1.000000	417	1.495E-232	749	MMSEQS2
9ZHS	1	2A64	1	1.000000	1.000000	1.000000	417	1.495E-232	749	MMSEQS2
9ZHT	1	2A64	1	1.000000	1.000000	1.000000	417	1.495E-232	749	MMSEQS2
9ZHU	1	2A64	1	1.000000	1.000000	1.000000	417	1.495E-232	749	MMSEQS2
9ZHV	1	2A64	1	0.997000	1.000000	1.000000	417	7.242E-231	744	MMSEQS2
9ZHW	1	2A64	1	0.997000	1.000000	1.000000	417	7.242E-231	744	MMSEQS2
9ZHX	1	2A64	1	1.000000	1.000000	1.000000	417	1.495E-232	749	MMSEQS2
9ZHZ	1	2A64	1	1.000000	1.000000	1.000000	417	1.495E-232	749	MMSEQS2
9ZI0	1	2A64	1	1.000000	1.000000	1.000000	417	1.495E-232	749	MMSEQS2
9ZI2	1	2A64	1	0.997000	1.000000	1.000000	417	7.242E-231	744	MMSEQS2
9ZI3	1	2A64	1	0.997000	1.000000	1.000000	417	7.242E-231	744	MMSEQS2
9ZI4	1	2A64	1	0.997000	1.000000	1.000000	417	7.242E-231	744	MMSEQS2
9ZI5	1	2A64	1	1.000000	1.000000	1.000000	417	1.495E-232	749	MMSEQS2
9ZI6	1	2A64	1	1.000000	1.000000	1.000000	417	1.495E-232	749	MMSEQS2
9ZI7	1	2A64	1	0.997000	1.000000	1.000000	417	7.242E-231	744	MMSEQS2
