split	score_cutoff_exclusive	bad_recall	good_removed_fraction	bad_removed	good_removed
train	-99.44831085205078	0.0	0.0	0	0
val	-99.44831085205078	0.0	0.0	0	0
test	-99.44831085205078	0.0	0.0	0	0
train	0.004410215187817812	0.0	0.005012564475598466	0	758
val	0.004410215187817812	0.0	0.00792608573304568	0	169
test	0.004410215187817812	0.0	0.0023872679045092837	0	27
train	0.004975725896656513	0.0	0.010018516069303002	0	1515
val	0.004975725896656513	0.0	0.011584279148297533	0	247
test	0.004975725896656513	0.0	0.005305039787798408	0	60
train	0.005254653748124838	0.0	0.015031080544901468	0	2273
val	0.005254653748124838	0.0	0.016930869524434854	0	361
test	0.005254653748124838	0.0	0.006984969053934571	0	79
train	0.005701146554201841	0.0	0.020043645020499934	0	3031
val	0.005701146554201841	0.0	0.020542163024106556	0	438
test	0.005701146554201841	0.0	0.008222811671087533	0	93
train	0.006062275264412165	0.0	0.02504959661420447	0	3788
val	0.006062275264412165	0.0	0.0263577525560454	0	562
test	0.006062275264412165	0.0	0.01220159151193634	0	138
train	0.006392589304596186	0.0	0.030062161089802936	0	4546
val	0.006392589304596186	0.0	0.02954694681549573	0	630
test	0.006392589304596186	0.0	0.01768346595932803	0	200
train	0.006839748006314039	0.0	0.0350747255654014	0	5304
val	0.006839748006314039	0.0	0.03522183660069412	0	751
test	0.006839748006314039	0.0	0.01768346595932803	0	200
train	0.007378361653536558	0.0	0.04008729004099987	0	6062
val	0.007378361653536558	0.0	0.03920832942500704	0	836
test	0.007378361653536558	0.0	0.01768346595932803	0	200
train	0.008163888938724995	0.0	0.045106467398492264	0	6821
val	0.008163888938724995	0.0	0.04202232435981615	0	896
test	0.008163888938724995	0.0	0.01768346595932803	0	200
train	0.008851949125528336	0.0	0.05011903187409073	0	7579
val	0.008851949125528336	0.0	0.04291342275583904	0	915
test	0.008851949125528336	0.0	0.01768346595932803	0	200
train	0.009851671755313873	0.0	0.05512498346779526	0	8336
val	0.009851671755313873	0.0	0.046899915580151955	0	1000
test	0.009851671755313873	0.0	0.01768346595932803	0	200
train	0.011968779377639294	0.0	0.06013754794339373	0	9094
val	0.011968779377639294	0.0	0.046899915580151955	0	1000
test	0.011968779377639294	0.0	0.01768346595932803	0	200
train	0.014568614773452282	0.0	0.0651501124189922	0	9852
val	0.014568614773452282	0.0	0.046899915580151955	0	1000
test	0.014568614773452282	0.0	0.01768346595932803	0	200
train	0.024500714614987373	0.0	0.07015606401269674	0	10609
val	0.024500714614987373	0.0	0.046899915580151955	0	1000
test	0.024500714614987373	0.0	0.01768346595932803	0	200
train	0.026901129633188248	0.0	0.07517524137018913	0	11368
val	0.026901129633188248	0.0	0.046899915580151955	0	1000
test	0.026901129633188248	0.0	0.01768346595932803	0	200
train	0.028058433905243874	0.0	0.0801878058457876	0	12126
val	0.028058433905243874	0.0	0.046899915580151955	0	1000
test	0.028058433905243874	0.0	0.01768346595932803	0	200
train	0.028755832463502884	0.0	0.08520698320327999	0	12885
val	0.028755832463502884	0.0	0.046899915580151955	0	1000
test	0.028755832463502884	0.0	0.01768346595932803	0	200
train	0.029615074396133423	0.0	0.09022616056077239	0	13644
val	0.029615074396133423	0.0	0.046899915580151955	0	1000
test	0.029615074396133423	0.0	0.01768346595932803	0	200
train	0.030635295435786247	0.0	0.09524533791826478	0	14403
val	0.030635295435786247	0.0	0.046899915580151955	0	1000
test	0.030635295435786247	0.0	0.01803713527851459	0	204
train	0.031087232753634453	0.0	0.10029757968522682	0	15167
val	0.031087232753634453	0.0	0.046899915580151955	0	1000
test	0.031087232753634453	0.0	0.01954022988505747	0	221
train	0.0317872129380703	0.0	0.10534982145218887	0	15931
val	0.0317872129380703	0.0	0.04704061532689241	0	1003
test	0.0317872129380703	0.0	0.03465959328028294	0	392
train	0.032603420317173004	0.0	0.11036899880968126	0	16690
val	0.032603420317173004	0.0	0.04783791389175499	0	1020
test	0.032603420317173004	0.0	0.04429708222811671	0	501
train	0.033381856977939606	0.0	0.11540140193096152	0	17451
val	0.033381856977939606	0.0	0.04976081043054122	0	1061
test	0.033381856977939606	0.0	0.05313881520778072	0	601
train	0.05467899516224861	0.0	0.12042719217034784	0	18211
val	0.05467899516224861	0.0	0.0755557639996248	0	1611
test	0.05467899516224861	0.0164021164021164	0.06816976127320955	31	771
train	0.061148591339588165	0.001694915254237288	0.12542653088215844	2	18967
val	0.061148591339588165	0.008795669824086604	0.0779007597786324	13	1661
test	0.061148591339588165	0.07195767195767196	0.07851458885941645	136	888
train	0.06624137610197067	0.012711864406779662	0.13035312789313583	15	19712
val	0.06624137610197067	0.06833558863328823	0.08137135353156365	101	1735
test	0.06624137610197067	0.1634920634920635	0.08691423519009726	309	983
train	0.07020353525876999	0.03135593220338983	0.13522020896706785	37	20448
val	0.07020353525876999	0.13058186738836267	0.08709314323234219	193	1857
test	0.07020353525876999	0.24391534391534392	0.09549071618037135	461	1080
train	0.07687530666589737	0.06525423728813559	0.13996825816690914	77	21166
val	0.07687530666589737	0.3301759133964817	0.09248663352405966	488	1972
test	0.07687530666589737	0.36084656084656086	0.1070733863837312	682	1211
train	0.08223321288824081	0.14067796610169492	0.1443922761539479	166	21835
val	0.08223321288824081	0.5094722598105548	0.1007410186661664	753	2148
test	0.08223321288824081	0.47724867724867726	0.12281167108753316	902	1389
train	0.08510226011276245	0.20084745762711864	0.14893532601507736	237	22522
val	0.08510226011276245	0.5324763193504736	0.10453991182815871	787	2229
test	0.08510226011276245	0.564021164021164	0.129973474801061	1066	1470
train	0.08597981184720993	0.211864406779661	0.15388176167173653	250	23270
val	0.08597981184720993	0.5392422192151556	0.10655660819810524	797	2272
test	0.08597981184720993	0.5915343915343916	0.13289124668435012	1118	1503
train	0.08732066303491592	0.21949152542372882	0.1588480359740775	259	24021
val	0.08732066303491592	0.5433017591339648	0.11316949629490666	803	2413
test	0.08732066303491592	0.6185185185185185	0.13757736516357205	1169	1556
train	0.08868610858917236	0.23135593220338982	0.16380108451263062	273	24770
val	0.08868610858917236	0.5493910690121786	0.11598349122971578	812	2473
test	0.08868610858917236	0.6433862433862434	0.14730327144120248	1216	1666
train	0.08999508619308472	0.24915254237288137	0.16869461711413833	294	25510
val	0.08999508619308472	0.554127198917456	0.11936028515148672	819	2545
test	0.08999508619308472	0.6708994708994709	0.15782493368700265	1268	1785
train	0.0910787507891655	0.2542372881355932	0.17367411718026715	300	26263
val	0.0910787507891655	0.557510148849797	0.12311227839789889	824	2625
test	0.0910787507891655	0.7068783068783069	0.1608311229000884	1336	1819
train	0.09200358390808105	0.2584745762711864	0.1786602301282899	305	27017
val	0.09200358390808105	0.5588633288227334	0.12719257105337212	826	2712
test	0.09200358390808105	0.7354497354497355	0.16436781609195403	1390	1859
train	0.09297455102205276	0.26610169491525426	0.18362650443063086	314	27768
val	0.09297455102205276	0.5622462787550744	0.12995966607260107	831	2771
test	0.09297455102205276	0.7708994708994709	0.16843501326259946	1457	1905
train	0.0941309854388237	0.27627118644067794	0.18856632720539612	326	28515
val	0.0941309854388237	0.5805142083897158	0.13586905543570021	858	2897
test	0.0941309854388237	0.791005291005291	0.17232537577365165	1495	1949
train	0.09509953111410141	0.2796610169491525	0.19357227879910066	330	29272
val	0.09509953111410141	0.6035182679296346	0.1381202513835475	892	2945
test	0.09509953111410141	0.8005291005291005	0.17559681697612733	1513	1986
train	0.09605684876441956	0.2847457627118644	0.19856500462901733	336	30027
val	0.09605684876441956	0.6278755074424899	0.13990244817559327	928	2983
test	0.09605684876441956	0.81005291005291	0.17842617152961981	1531	2018
train	0.09687879681587219	0.29067796610169494	0.20353789181325221	343	30779
val	0.09687879681587219	0.6407307171853857	0.1421536441234406	947	3031
test	0.09687879681587219	0.816931216931217	0.18187444739168876	1544	2057
train	0.09807661920785904	0.2966101694915254	0.20852400476127497	350	31533
val	0.09807661920785904	0.6502029769959404	0.14609323703217333	961	3115
test	0.09807661920785904	0.8253968253968254	0.18717948717948718	1560	2117
train	0.09902065247297287	0.3	0.2135299563549795	354	32290
val	0.09902065247297287	0.6542625169147497	0.15223712597317324	967	3246
test	0.09902065247297287	0.8317460317460318	0.19045092838196287	1572	2154
train	0.10007261484861374	0.30677966101694915	0.21849623065732046	362	33041
val	0.10007261484861374	0.6562922868741543	0.15369102335615795	970	3277
test	0.10007261484861374	0.8359788359788359	0.19328028293545535	1580	2186
train	0.10089670121669769	0.31101694915254235	0.223502182251025	367	33798
val	0.10089670121669769	0.6603518267929634	0.15645811837538692	976	3336
test	0.10089670121669769	0.8396825396825397	0.2090185676392573	1587	2364
train	0.1020587831735611	0.3135593220338983	0.22851474672662347	370	34556
val	0.1020587831735611	0.6617050067658998	0.15997561204389832	978	3411
test	0.1020587831735611	0.843915343915344	0.2224580017683466	1595	2516
train	0.10338836163282394	0.31440677966101693	0.23352069832032799	371	35313
val	0.10338836163282394	0.6630581867388363	0.1646656036019135	980	3511
test	0.10338836163282394	0.8497354497354498	0.23050397877984086	1606	2607
train	0.10417784750461578	0.3169491525423729	0.23854648855971433	374	36073
val	0.10417784750461578	0.6637347767253045	0.16841759684832566	981	3591
test	0.10417784750461578	0.8544973544973545	0.23748894783377542	1615	2686
train	0.10513579100370407	0.3211864406779661	0.243539214389631	379	36828
val	0.10513579100370407	0.6677943166441137	0.1741393865491042	987	3713
test	0.10513579100370407	0.861904761904762	0.24447391688771	1629	2765
train	0.10621020942926407	0.3313559322033898	0.2484922629281841	391	37577
val	0.10621020942926407	0.6725304465493911	0.18455116780789796	994	3935
test	0.10621020942926407	0.8687830687830688	0.25039787798408486	1642	2832
train	0.10682090371847153	0.3423728813559322	0.25343208570294934	404	38324
val	0.10682090371847153	0.6745602165087957	0.18835006096989027	997	4016
test	0.10682090371847153	0.8687830687830688	0.2605658709106985	1642	2947
train	0.10814660042524338	0.37203389830508476	0.25822642507604815	439	39049
val	0.10814660042524338	0.6847090663058186	0.19608854704061532	1012	4181
test	0.10814660042524338	0.8687830687830688	0.2628647214854111	1642	2973
train	0.10914802551269531	0.3974576271186441	0.2630736675042984	469	39782
val	0.10914802551269531	0.696211096075778	0.20692242753963042	1029	4412
test	0.10914802551269531	0.8687830687830688	0.2667550839964633	1642	3017
train	0.1100703701376915	0.4101694915254237	0.2680333289247454	484	40532
val	0.1100703701376915	0.696211096075778	0.21156551918206548	1029	4511
test	0.1100703701376915	0.8687830687830688	0.2772767462422635	1642	3136
train	0.11095838993787766	0.42966101694915254	0.2729136357624653	507	41270
val	0.11095838993787766	0.7023004059539919	0.21606791107776005	1038	4607
test	0.11095838993787766	0.8698412698412699	0.27833775419982315	1644	3148
train	0.11170800030231476	0.44322033898305085	0.27784684565533657	523	42016
val	0.11170800030231476	0.706359945872801	0.22085170246693556	1044	4709
test	0.11170800030231476	0.8698412698412699	0.2790450928381963	1644	3156
train	0.11239174753427505	0.4533898305084746	0.28281311995767755	535	42767
val	0.11239174753427505	0.7124492557510149	0.22568239377169122	1053	4812
test	0.11239174753427505	0.8698412698412699	0.2797524314765694	1644	3164
train	0.11308137327432632	0.4576271186440678	0.28785874884274565	540	43530
val	0.11308137327432632	0.7219215155615697	0.23417127849169872	1067	4993
test	0.11308137327432632	0.8698412698412699	0.2809018567639257	1644	3177
train	0.11415787041187286	0.4669491525423729	0.2928250231450866	551	44281
val	0.11415787041187286	0.7286874154262517	0.24402026076353062	1077	5203
test	0.11415787041187286	0.8698412698412699	0.2819628647214854	1644	3189
train	0.11513819545507431	0.47203389830508474	0.2978111360931094	557	45035
val	0.11513819545507431	0.7293640054127198	0.24955445080198857	1078	5321
test	0.11513819545507431	0.8698412698412699	0.2825817860300619	1644	3196
train	0.1159152016043663	0.47796610169491527	0.3028170876868139	564	45792
val	0.1159152016043663	0.7293640054127198	0.25476034143138543	1078	5432
test	0.1159152016043663	0.8698412698412699	0.2825817860300619	1644	3196
train	0.11669788509607315	0.4830508474576271	0.30782965216241237	570	46550
val	0.11669788509607315	0.7293640054127198	0.265125222774599	1078	5653
test	0.11669788509607315	0.8698412698412699	0.28293545534924847	1644	3200
train	0.11753024905920029	0.4872881355932203	0.3128091522285412	575	47303
val	0.11753024905920029	0.7293640054127198	0.27150361129349965	1078	5789
test	0.11753024905920029	0.8698412698412699	0.28355437665782496	1644	3207
train	0.11856666952371597	0.4906779661016949	0.3178084909403518	579	48059
val	0.11856666952371597	0.7293640054127198	0.27755370040333927	1078	5918
test	0.11856666952371597	0.8698412698412699	0.28594164456233423	1644	3234
train	0.11984484642744064	0.5084745762711864	0.32270863642375347	600	48800
val	0.11984484642744064	0.7293640054127198	0.2897945783697589	1078	6179
test	0.11984484642744064	0.8698412698412699	0.2942528735632184	1644	3328
train	0.1211109384894371	0.5271186440677966	0.32760878190715514	622	49541
val	0.1211109384894371	0.7293640054127198	0.29964356064159087	1078	6389
test	0.1211109384894371	0.8698412698412699	0.3004420866489832	1644	3398
train	0.1221521720290184	0.5449152542372881	0.33250231450866286	643	50281
val	0.1221521720290184	0.7293640054127198	0.31877872619829284	1078	6797
test	0.1221521720290184	0.8698412698412699	0.3047745358090186	1644	3447
train	0.12282548099756241	0.5627118644067797	0.3374156857558524	664	51024
val	0.12282548099756241	0.7293640054127198	0.32801800956758276	1078	6994
test	0.12282548099756241	0.8698412698412699	0.310079575596817	1644	3507
train	0.12324967235326767	0.5703389830508474	0.34240179870387516	673	51778
val	0.12324967235326767	0.7293640054127198	0.3292374073726667	1078	7020
test	0.12324967235326767	0.8698412698412699	0.31335101679929267	1644	3544
train	0.12383180111646652	0.5813559322033899	0.3473350085967465	686	52524
val	0.12383180111646652	0.7293640054127198	0.3329894006190789	1078	7100
test	0.12383180111646652	0.8698412698412699	0.3191865605658709	1644	3610
train	0.12426064163446426	0.5864406779661017	0.352340960190451	692	53281
val	0.12426064163446426	0.7293640054127198	0.3372103930212926	1078	7190
test	0.12426064163446426	0.8698412698412699	0.3304155614500442	1644	3737
train	0.12477542459964752	0.5932203389830508	0.3573270731384737	700	54035
val	0.12477542459964752	0.7293640054127198	0.34180658474814746	1078	7288
test	0.12477542459964752	0.8698412698412699	0.33837312113174184	1644	3827
train	0.12532924115657806	0.6	0.36233302473217827	708	54792
val	0.12532924115657806	0.7293640054127198	0.35775255604539913	1078	7628
test	0.12532924115657806	0.8698412698412699	0.35994694960212203	1644	4071
train	0.1257738322019577	0.6033898305084746	0.36738526649914033	712	55556
val	0.1257738322019577	0.7293640054127198	0.36319294625269677	1078	7744
test	0.1257738322019577	0.8698412698412699	0.36878868258178604	1644	4171
train	0.1264077126979828	0.6093220338983051	0.3724441211479963	719	56321
val	0.1264077126979828	0.7293640054127198	0.3651627427070631	1078	7786
test	0.1264077126979828	0.8698412698412699	0.37082228116710875	1644	4194
train	0.12698332965373993	0.614406779661017	0.37749636291495836	725	57085
val	0.12698332965373993	0.7293640054127198	0.3669449394991089	1078	7824
test	0.12698332965373993	0.8698412698412699	0.37144120247568524	1644	4201
train	0.12749359011650085	0.6237288135593221	0.3825023145086629	736	57842
val	0.12749359011650085	0.7293640054127198	0.3685864365444142	1078	7859
test	0.12749359011650085	0.8698412698412699	0.3724137931034483	1644	4212
train	0.12794558703899384	0.6262711864406779	0.3875281047480492	739	58602
val	0.12794558703899384	0.7293640054127198	0.3691023356157959	1078	7870
test	0.12794558703899384	0.8698412698412699	0.3733863837312113	1644	4223
train	0.1285952776670456	0.6330508474576271	0.39255389498743554	747	59362
val	0.1285952776670456	0.7293640054127198	0.3705562329987806	1078	7901
test	0.1285952776670456	0.8698412698412699	0.37409372236958444	1644	4231
train	0.12915287911891937	0.6347457627118644	0.3976193625181854	749	60128
val	0.12915287911891937	0.7293640054127198	0.37238532970640653	1078	7940
test	0.12915287911891937	0.8698412698412699	0.3746242263483643	1644	4237
train	0.12969796359539032	0.6372881355932203	0.40268483004893535	752	60894
val	0.12969796359539032	0.7293640054127198	0.373135728355689	1078	7956
test	0.12969796359539032	0.8698412698412699	0.3758620689655172	1644	4251
train	0.1305764615535736	0.6372881355932203	0.40773045893400345	752	61657
val	0.1305764615535736	0.7293640054127198	0.37435512616077293	1078	7982
test	0.1305764615535736	0.8698412698412699	0.3786030061892131	1644	4282
train	0.13155123591423035	0.6415254237288136	0.412736410527708	757	62414
val	0.13155123591423035	0.7293640054127198	0.3753400243879561	1078	8003
test	0.13155123591423035	0.8698412698412699	0.38603006189213085	1644	4366
train	0.13201266527175903	0.6440677966101694	0.41781510382224574	760	63182
val	0.13201266527175903	0.7293640054127198	0.3779195197448645	1078	8058
test	0.13201266527175903	0.8698412698412699	0.3896551724137931	1644	4407
train	0.13251489400863647	0.6440677966101694	0.4228541198254199	760	63944
val	0.13251489400863647	0.7293640054127198	0.38045211518619265	1078	8112
test	0.13251489400863647	0.8698412698412699	0.39372236958443857	1644	4453
train	0.13375596702098846	0.6440677966101694	0.42790636159238193	760	64708
val	0.13375596702098846	0.7293640054127198	0.3804990151017728	1078	8113
test	0.13375596702098846	0.8698412698412699	0.40061892130857646	1644	4531
train	0.1354195773601532	0.6440677966101694	0.4329453775955561	760	65470
val	0.1354195773601532	0.7293640054127198	0.38092111434199416	1078	8122
test	0.1354195773601532	0.8698412698412699	0.40229885057471265	1644	4550
train	0.1375606656074524	0.6491525423728813	0.43793810342547285	766	66225
val	0.1375606656074524	0.7293640054127198	0.3821405121470781	1078	8148
test	0.1375606656074524	0.8698412698412699	0.41052166224580017	1644	4643
train	0.13871780037879944	0.652542372881356	0.44298373231054095	770	66988
val	0.13871780037879944	0.7293640054127198	0.38289091079636056	1078	8164
test	0.13871780037879944	0.8698412698412699	0.4141467727674624	1644	4684
train	0.14049772918224335	0.6550847457627119	0.4479962967861394	773	67746
val	0.14049772918224335	0.7293640054127198	0.3856580058155895	1078	8223
test	0.14049772918224335	0.8698412698412699	0.41812555260831125	1644	4729
train	0.1424652338027954	0.6601694915254237	0.45300224837984393	779	68503
val	0.1424652338027954	0.7293640054127198	0.390113497795704	1078	8318
test	0.1424652338027954	0.8698412698412699	0.42122015915119365	1644	4764
train	0.14481042325496674	0.6610169491525424	0.4580412643830181	780	69265
val	0.14481042325496674	0.7293640054127198	0.39030109745802455	1078	8322
test	0.14481042325496674	0.8698412698412699	0.432183908045977	1644	4888
train	0.14663775265216827	0.6610169491525424	0.46305382885861657	780	70023
val	0.14663775265216827	0.7293640054127198	0.39030109745802455	1078	8322
test	0.14663775265216827	0.8698412698412699	0.43908045977011495	1644	4966
train	0.14825722575187683	0.6610169491525424	0.46808623197989685	780	70784
val	0.14825722575187683	0.7293640054127198	0.39030109745802455	1078	8322
test	0.14825722575187683	0.8698412698412699	0.44297082228116713	1644	5010
train	0.1506056785583496	0.6610169491525424	0.47310540933738926	780	71543
val	0.1506056785583496	0.7293640054127198	0.39030109745802455	1078	8322
test	0.1506056785583496	0.8698412698412699	0.46436781609195404	1644	5252
train	0.15320073068141937	0.6610169491525424	0.4781179738129877	780	72301
val	0.15320073068141937	0.7293640054127198	0.39030109745802455	1078	8322
test	0.15320073068141937	0.8698412698412699	0.4762157382847038	1644	5386
train	0.15512555837631226	0.6610169491525424	0.4831636026980558	780	73064
val	0.15512555837631226	0.7293640054127198	0.39030109745802455	1078	8322
test	0.15512555837631226	0.8698412698412699	0.4827586206896552	1644	5460
train	0.15857473015785217	0.6610169491525424	0.4881960058193361	780	73825
val	0.15857473015785217	0.7293640054127198	0.4008535784635588	1078	8547
test	0.15857473015785217	0.8698412698412699	0.516710875331565	1644	5844
train	0.16079595685005188	0.6610169491525424	0.49321518317682844	780	74584
val	0.16079595685005188	0.7293640054127198	0.43710721320701623	1078	9320
test	0.16079595685005188	0.8698412698412699	0.5266136162687887	1644	5956
train	0.16293741762638092	0.6610169491525424	0.4982475862981087	780	75345
val	0.16293741762638092	0.7293640054127198	0.43720101303817654	1078	9322
test	0.16293741762638092	0.8698412698412699	0.5266136162687887	1644	5956
train	0.16503416001796722	0.6610169491525424	0.5032998280650708	780	76109
val	0.16503416001796722	0.7293640054127198	0.4401557077197261	1078	9385
test	0.16503416001796722	0.8698412698412699	0.5266136162687887	1644	5956
train	0.16589955985546112	0.6610169491525424	0.5083520698320328	780	76873
val	0.16589955985546112	0.7293640054127198	0.4413282056092299	1078	9410
test	0.16589955985546112	0.8698412698412699	0.5266136162687887	1644	5956
train	0.16801968216896057	0.6610169491525424	0.5133778600714192	780	77633
val	0.16801968216896057	0.7293640054127198	0.4540380827314511	1078	9681
test	0.16801968216896057	0.8698412698412699	0.5266136162687887	1644	5956
train	0.16947582364082336	0.6610169491525424	0.5184367147202751	780	78398
val	0.16947582364082336	0.7293640054127198	0.4557733796079167	1078	9718
test	0.16947582364082336	0.8698412698412699	0.5266136162687887	1644	5956
train	0.17062047123908997	0.6610169491525424	0.5234757307234493	780	79160
val	0.17062047123908997	0.7293640054127198	0.4559609792702373	1078	9722
test	0.17062047123908997	0.8698412698412699	0.5266136162687887	1644	5956
train	0.1719120889902115	0.6610169491525424	0.5285279724904113	780	79924
val	0.1719120889902115	0.7293640054127198	0.4559609792702373	1078	9722
test	0.1719120889902115	0.8698412698412699	0.5266136162687887	1644	5956
train	0.17279888689517975	0.6610169491525424	0.5335736013754795	780	80687
val	0.17279888689517975	0.7293640054127198	0.4559609792702373	1078	9722
test	0.17279888689517975	0.8698412698412699	0.5266136162687887	1644	5956
train	0.1736859828233719	0.6610169491525424	0.5386390689062294	780	81453
val	0.1736859828233719	0.7293640054127198	0.4559609792702373	1078	9722
test	0.1736859828233719	0.8698412698412699	0.5266136162687887	1644	5956
train	0.1756771057844162	0.7601694915254237	0.5428779262002381	897	82094
val	0.1756771057844162	0.7293640054127198	0.4559609792702373	1078	9722
test	0.1756771057844162	0.8698412698412699	0.5266136162687887	1644	5956
train	0.1784708946943283	0.8305084745762712	0.5473680730062161	980	82773
val	0.1784708946943283	0.7293640054127198	0.4559609792702373	1078	9722
test	0.1784708946943283	0.8698412698412699	0.5266136162687887	1644	5956
train	0.18130652606487274	0.8305084745762712	0.5523938632456025	980	83533
val	0.18130652606487274	0.7293640054127198	0.4559609792702373	1078	9722
test	0.18130652606487274	0.8698412698412699	0.5266136162687887	1644	5956
train	0.18724003434181213	0.8305084745762712	0.5574262663668826	980	84294
val	0.18724003434181213	0.7293640054127198	0.4559609792702373	1078	9722
test	0.18724003434181213	0.8698412698412699	0.5266136162687887	1644	5956
train	0.3277270793914795	0.8305084745762712	0.562452056606269	980	85054
val	0.3277270793914795	0.7293640054127198	0.4575086764843823	1078	9755
test	0.3277270793914795	0.9825396825396825	0.5330680813439435	1857	6029
train	0.36350998282432556	0.8305084745762712	0.5674580081999735	980	85811
val	0.36350998282432556	0.7293640054127198	0.4609323703217334	1078	9828
test	0.36350998282432556	0.9894179894179894	0.5469496021220159	1870	6186
train	0.386231392621994	0.8305084745762712	0.572470572675572	980	86569
val	0.386231392621994	0.7293640054127198	0.4651064628083669	1078	9917
test	0.386231392621994	0.9957671957671957	0.5598585322723254	1882	6332
train	0.41399699449539185	0.8305084745762712	0.5774831371511705	980	87327
val	0.41399699449539185	0.7293640054127198	0.46538786230184787	1078	9923
test	0.41399699449539185	1.0	0.5748894783377542	1890	6502
train	0.43286311626434326	0.8305084745762712	0.582489088744875	980	88084
val	0.43286311626434326	0.7293640054127198	0.4661851608667104	1078	9940
test	0.43286311626434326	1.0	0.5883289124668435	1890	6654
train	0.44213083386421204	0.8305084745762712	0.5875082661023674	980	88843
val	0.44213083386421204	0.7300405953991881	0.468530156645718	1079	9990
test	0.44213083386421204	1.0	0.5954022988505747	1890	6734
train	0.45074042677879333	0.8305084745762712	0.5925274434598599	980	89602
val	0.45074042677879333	0.7300405953991881	0.4740174467685958	1079	10107
test	0.45074042677879333	1.0	0.6031830238726791	1890	6822
train	0.4588434100151062	0.8305084745762712	0.5975532336992462	980	90362
val	0.4588434100151062	0.7300405953991881	0.48260013131976365	1079	10290
test	0.4588434100151062	1.0	0.6136162687886826	1890	6940
train	0.46991586685180664	0.8305084745762712	0.6025790239386325	980	91122
val	0.46991586685180664	0.7300405953991881	0.495685207766626	1079	10569
test	0.46991586685180664	1.0	0.6259946949602122	1890	7080
train	0.4840768575668335	0.8305084745762712	0.6075915884142309	980	91880
val	0.4840768575668335	0.7300405953991881	0.5172122690179157	1079	11028
test	0.4840768575668335	1.0	0.6427939876215738	1890	7270
train	0.4984039068222046	0.8305084745762712	0.6125975400079354	980	92637
val	0.4984039068222046	0.7313937753721245	0.5437576212362818	1081	11594
test	0.4984039068222046	1.0	0.6560565870910698	1890	7420
train	0.5085208415985107	0.8305084745762712	0.6176233302473217	980	93397
val	0.5085208415985107	0.7313937753721245	0.5605477910139762	1081	11952
test	0.5085208415985107	1.0	0.6639257294429708	1890	7509
train	0.5208830237388611	0.8305084745762712	0.6226425076048142	980	94156
val	0.5208830237388611	0.7313937753721245	0.5797767564018385	1081	12362
test	0.5208830237388611	1.0	0.6802829354553492	1890	7694
train	0.5344396829605103	0.8305084745762712	0.6276550720804126	980	94914
val	0.5344396829605103	0.7313937753721245	0.5969890254197543	1081	12729
test	0.5344396829605103	1.0	0.6956675508399647	1890	7868
train	0.5444406270980835	0.8305084745762712	0.6326874752016929	980	95675
val	0.5444406270980835	0.7320703653585927	0.6044461119969984	1082	12888
test	0.5444406270980835	1.0	0.7056587091069849	1890	7981
train	0.5558685064315796	0.8305084745762712	0.6377264912048671	980	96437
val	0.5558685064315796	0.7320703653585927	0.6163117906387768	1082	13141
test	0.5558685064315796	1.0	0.7117595048629531	1890	8050
train	0.5666084885597229	0.8305084745762712	0.6427522814442534	980	97197
val	0.5666084885597229	0.7334235453315291	0.6259731732482882	1084	13347
test	0.5666084885597229	1.0	0.7227232537577365	1890	8174
train	0.5741991400718689	0.8305084745762712	0.6477780716836398	980	97957
val	0.5741991400718689	0.7334235453315291	0.6298189663258607	1084	13429
test	0.5741991400718689	1.0	0.7275862068965517	1890	8229
train	0.5824066996574402	0.8305084745762712	0.6528038619230261	980	98717
val	0.5824066996574402	0.7334235453315291	0.6334302598255324	1084	13506
test	0.5824066996574402	1.0	0.7335101679929266	1890	8296
train	0.5899713039398193	0.8305084745762712	0.6578230392805184	980	99476
val	0.5899713039398193	0.7334235453315291	0.6418253447143795	1084	13685
test	0.5899713039398193	1.0	0.736870026525199	1890	8334
train	0.5975414514541626	0.8305084745762712	0.6628422166380108	980	100235
val	0.5975414514541626	0.7334235453315291	0.6482037332332802	1084	13821
test	0.5975414514541626	1.0	0.7396109637488948	1890	8365
train	0.6052243709564209	0.8305084745762712	0.6678746197592911	980	100996
val	0.6052243709564209	0.7334235453315291	0.657114717193509	1084	14011
test	0.6052243709564209	1.0	0.7413793103448276	1890	8385
train	0.6111630201339722	0.8305084745762712	0.6729070228805714	980	101757
val	0.6111630201339722	0.7347767253044655	0.6634931057124097	1086	14147
test	0.6111630201339722	1.0	0.7435013262599469	1890	8409
train	0.6192240715026855	0.8305084745762712	0.6779328131199577	980	102517
val	0.6192240715026855	0.7354533152909337	0.6710439921208142	1087	14308
test	0.6192240715026855	1.0	0.7461538461538462	1890	8439
train	0.6371462345123291	0.8305084745762712	0.68295199047745	980	103276
val	0.6371462345123291	0.7401894451962111	0.6846449676390582	1094	14598
test	0.6371462345123291	1.0	0.7549955791335101	1890	8539
train	0.6622351408004761	0.8338983050847457	0.6879381034254728	984	104030
val	0.6622351408004761	0.7543978349120433	0.6965575461964169	1115	14852
test	0.6622351408004761	1.0	0.7671971706454465	1890	8677
train	0.6740446090698242	0.847457627118644	0.6928448617907684	1000	104772
val	0.6740446090698242	0.7679296346414073	0.7057030297345465	1135	15047
test	0.6740446090698242	1.0	0.7745358090185677	1890	8760
train	0.6822376251220703	0.8601694915254238	0.6977714588017458	1015	105517
val	0.6822376251220703	0.7760487144790257	0.7112841196885845	1147	15166
test	0.6822376251220703	1.0	0.7752431476569408	1890	8768
train	0.6882827281951904	0.8728813559322034	0.7026980558127232	1030	106262
val	0.6882827281951904	0.7841677943166441	0.7159741112465997	1159	15266
test	0.6882827281951904	1.0	0.7763041556145004	1890	8780
train	0.6947922706604004	0.9	0.7075122338315037	1062	106990
val	0.6947922706604004	0.7855209742895806	0.7191633055060501	1161	15334
test	0.6947922706604004	1.0	0.7770999115826702	1890	8789
train	0.7011169195175171	0.9254237288135593	0.7123462504959661	1092	107721
val	0.7011169195175171	0.790257104194858	0.7217428008629585	1168	15389
test	0.7011169195175171	1.0	0.7787798408488064	1890	8808
train	0.7120687961578369	0.9559322033898305	0.717133976987171	1128	108445
val	0.7120687961578369	0.7963464140730717	0.7241815964731263	1177	15441
test	0.7120687961578369	1.0	0.7816976127320955	1890	8841
train	0.7226981520652771	0.9838983050847457	0.7219283163602698	1161	109170
val	0.7226981520652771	0.7976995940460081	0.7269955914079355	1179	15501
test	0.7226981520652771	1.0	0.7853227232537577	1890	8882
train	0.7292439341545105	0.9940677966101695	0.7268879777807168	1173	109920
val	0.7292439341545105	0.7990527740189445	0.7280273895506988	1181	15523
test	0.7292439341545105	1.0	0.7872679045092839	1890	8904
train	0.7353711724281311	0.9991525423728813	0.7318674778468457	1179	110673
val	0.7353711724281311	0.7990527740189445	0.7287308882844011	1181	15538
test	0.7353711724281311	1.0	0.7887709991158267	1890	8921
train	0.7425175309181213	1.0	0.736886655204338	1180	111432
val	0.7425175309181213	0.800405953991881	0.7303723853297064	1183	15573
test	0.7425175309181213	1.0	0.7919540229885057	1890	8957
train	0.7484868764877319	1.0	0.7419124454437244	1180	112192
val	0.7484868764877319	0.8010825439783491	0.7314041834724697	1184	15595
test	0.7484868764877319	1.0	0.7950486295313881	1890	8992
train	0.7570885419845581	1.0	0.7469183970374289	1180	112949
val	0.7570885419845581	0.8010825439783491	0.7341243785761186	1184	15653
test	0.7570885419845581	1.0	0.7992042440318302	1890	9039
train	0.7632615566253662	1.0	0.751964025922497	1180	113712
val	0.7632615566253662	0.8010825439783491	0.7372666729199887	1184	15720
test	0.7632615566253662	1.0	0.801945181255526	1890	9070
train	0.7700222134590149	1.0	0.7569898161618833	1180	114472
val	0.7700222134590149	0.8010825439783491	0.7419097645624237	1184	15819
test	0.7700222134590149	1.0	0.804155614500442	1890	9095
train	0.7748777270317078	1.0	0.7620222192831636	1180	115233
val	0.7748777270317078	0.8017591339648173	0.7435512616077291	1185	15854
test	0.7748777270317078	1.0	0.8062776304155614	1890	9119
train	0.7804330587387085	1.0	0.767041396640656	1180	115992
val	0.7804330587387085	0.8051420838971584	0.7444892599193321	1190	15874
test	0.7804330587387085	1.0	0.8180371352785146	1890	9252
train	0.7863037586212158	1.0	0.7720605739981484	1180	116751
val	0.7863037586212158	0.8132611637347767	0.7463652565425383	1202	15914
test	0.7863037586212158	1.0	0.8271441202475686	1890	9355
train	0.7925459146499634	1.0	0.7770929771194286	1180	117512
val	0.7925459146499634	0.8484438430311232	0.7539630428665228	1254	16076
test	0.7925459146499634	1.0	0.834394341290893	1890	9437
train	0.8014276027679443	1.0	0.7821253802407089	1180	118273
val	0.8014276027679443	0.8951285520974289	0.7730044085920645	1323	16482
test	0.8014276027679443	1.0	0.8406719717064545	1890	9508
train	0.8086495399475098	1.0	0.7871643962438831	1180	119035
val	0.8086495399475098	0.9262516914749662	0.7923271738110872	1369	16894
test	0.8086495399475098	1.0	0.8586206896551725	1890	9711
train	0.8159399032592773	1.0	0.7922166380108451	1180	119799
val	0.8159399032592773	0.9972936400541272	0.8230466185160866	1474	17549
test	0.8159399032592773	1.0	0.8702033598585323	1890	9842
train	0.8211386203765869	1.0	0.7972292024864436	1180	120557
val	0.8211386203765869	0.9986468200270636	0.8340680986774224	1476	17784
test	0.8211386203765869	1.0	0.8736516357206012	1890	9881
train	0.8251171708106995	1.0	0.8022880571352996	1180	121322
val	0.8251171708106995	0.9993234100135318	0.8403057874495826	1477	17917
test	0.8251171708106995	1.0	0.8877984084880637	1890	10041
train	0.8285506367683411	1.0	0.8073733633117313	1180	122091
val	0.8285506367683411	1.0	0.8454178782478191	1478	18026
test	0.8285506367683411	1.0	0.8927497789566755	1890	10097
train	0.8309475183486938	1.0	0.8124189921967994	1180	122854
val	0.8309475183486938	1.0	0.8491229715786511	1478	18105
test	0.8309475183486938	1.0	0.9007957559681697	1890	10188
train	0.8330045938491821	1.0	0.8174844597275492	1180	123620
val	0.8330045938491821	1.0	0.8517493668511397	1478	18161
test	0.8330045938491821	1.0	0.9109637488947834	1890	10303
train	0.8344951272010803	1.0	0.8225962174315566	1180	124393
val	0.8344951272010803	1.0	0.8539067629678266	1478	18207
test	0.8344951272010803	1.0	0.9187444739168877	1890	10391
train	0.8359476923942566	1.0	0.8276682978442005	1180	125160
val	0.8359476923942566	1.0	0.8551261607729106	1478	18233
test	0.8359476923942566	1.0	0.9216622458001769	1890	10424
train	0.8372932076454163	1.0	0.8327800555482079	1180	125933
val	0.8372932076454163	1.0	0.8560641590845136	1478	18253
test	0.8372932076454163	1.0	0.9244031830238727	1890	10455
train	0.8388001322746277	1.0	0.8378719746065335	1180	126703
val	0.8388001322746277	1.0	0.8566738579870556	1478	18266
test	0.8388001322746277	1.0	0.9282051282051282	1890	10498
train	0.8403173685073853	1.0	0.8429506679010713	1180	127471
val	0.8403173685073853	1.0	0.8572835568895976	1478	18279
test	0.8403173685073853	1.0	0.9324491600353669	1890	10546
train	0.8419085741043091	1.0	0.8480161354318212	1180	128237
val	0.8419085741043091	1.0	0.8581277553700404	1478	18297
test	0.8419085741043091	1.0	0.9372236958443855	1890	10600
train	0.8433961272239685	1.0	0.853094828726359	1180	129005
val	0.8433961272239685	1.0	0.8590188537660632	1478	18316
test	0.8433961272239685	1.0	0.9431476569407604	1890	10667
train	0.8448556661605835	1.0	0.8582065864303664	1180	129778
val	0.8448556661605835	1.0	0.860191351655567	1478	18341
test	0.8448556661605835	1.0	0.9489832007073387	1890	10733
train	0.846535325050354	1.0	0.8632720539611163	1180	130544
val	0.846535325050354	1.0	0.8620673482787731	1478	18381
test	0.846535325050354	1.0	0.9546419098143236	1890	10797
train	0.8482745885848999	1.0	0.8683705859013358	1180	131315
val	0.8482745885848999	1.0	0.86422474439546	1478	18427
test	0.8482745885848999	1.0	0.962422634836428	1890	10885
train	0.850092887878418	1.0	0.8734625049596614	1180	132085
val	0.850092887878418	1.0	0.86727323890817	1478	18492
test	0.850092887878418	1.0	0.9666666666666667	1890	10933
train	0.8518519401550293	1.0	0.878554424017987	1180	132855
val	0.8518519401550293	1.0	0.8698996341806585	1478	18548
test	0.8518519401550293	1.0	0.9670203359858532	1890	10937
train	0.8535304069519043	1.0	0.8836463430763126	1180	133625
val	0.8535304069519043	1.0	0.8717756308038646	1478	18588
test	0.8535304069519043	1.0	0.9671087533156498	1890	10938
train	0.8552650213241577	1.0	0.8887316492527444	1180	134394
val	0.8552650213241577	1.0	0.8758090235437577	1478	18674
test	0.8552650213241577	1.0	0.9671971706454465	1890	10939
train	0.8568090796470642	1.0	0.8938103425472821	1180	135162
val	0.8568090796470642	1.0	0.8798424162836507	1478	18760
test	0.8568090796470642	1.0	0.9677276746242264	1890	10945
train	0.8589329719543457	1.0	0.8988956487237137	1180	135931
val	0.8589329719543457	1.0	0.8809680142575743	1478	18784
test	0.8589329719543457	1.0	0.9679929266136162	1890	10948
train	0.8616898655891418	1.0	0.903934664726888	1180	136693
val	0.8616898655891418	1.0	0.8831254103742613	1478	18830
test	0.8616898655891418	1.0	0.9685234305923961	1890	10954
train	0.8656349182128906	1.0	0.90898690649385	1180	137457
val	0.8656349182128906	1.0	0.8872057030297346	1478	18917
test	0.8656349182128906	1.0	0.9685234305923961	1890	10954
train	0.8695805668830872	1.0	0.914039148260812	1180	138221
val	0.8695805668830872	1.0	0.8916142950942688	1478	19011
test	0.8695805668830872	1.0	0.9685234305923961	1890	10954
train	0.8725558519363403	1.0	0.919098002909668	1180	138986
val	0.8725558519363403	1.0	0.8949910890160397	1478	19083
test	0.8725558519363403	1.0	0.9685234305923961	1890	10954
train	0.8761717677116394	1.0	0.9241304060309483	1180	139747
val	0.8761717677116394	1.0	0.8993996810805741	1478	19177
test	0.8761717677116394	1.0	0.9685234305923961	1890	10954
train	0.8785472512245178	1.0	0.92921571220738	1180	140516
val	0.8785472512245178	1.0	0.9015101772816809	1478	19222
test	0.8785472512245178	1.0	0.9685234305923961	1890	10954
train	0.8813396692276001	1.0	0.934274566856236	1180	141281
val	0.8813396692276001	1.0	0.90432417221649	1478	19282
test	0.8813396692276001	1.0	0.9685234305923961	1890	10954
train	0.885101318359375	1.0	0.9393069699775162	1180	142042
val	0.885101318359375	1.0	0.9084044648719632	1478	19369
test	0.885101318359375	1.0	0.9693191865605659	1890	10963
train	0.8880524635314941	1.0	0.94437905039016	1180	142809
val	0.8880524635314941	1.0	0.910186661664009	1478	19407
test	0.8880524635314941	1.0	0.9703801945181255	1890	10975
train	0.891424834728241	1.0	0.9494246792752281	1180	143572
val	0.891424834728241	1.0	0.9190507457086577	1478	19596
test	0.891424834728241	1.0	0.9715296198054819	1890	10988
train	0.896623432636261	1.0	0.9544570823965084	1180	144333
val	0.896623432636261	1.0	0.9416096051027109	1478	20077
test	0.896623432636261	1.0	0.9791335101679929	1890	11074
train	0.9041691422462463	1.0	0.9594960983996825	1180	145095
val	0.9041691422462463	1.0	0.9681549573210768	1478	20643
test	0.9041691422462463	1.0	0.9849690539345711	1890	11140
train	0.9082629680633545	1.0	0.9645549530485386	1180	145860
val	0.9082629680633545	1.0	0.9897289184879468	1478	21103
test	0.9082629680633545	1.0	0.9898320070733864	1890	11195
train	0.9152634143829346	1.0	0.9696005819336067	1180	146623
val	0.9152634143829346	1.0	0.9999062001688397	1478	21320
test	0.9152634143829346	1.0	1.0	1890	11310
train	0.9212276339530945	1.0	0.9746792752281445	1180	147391
val	0.9212276339530945	1.0	1.0	1478	21322
test	0.9212276339530945	1.0	1.0	1890	11310
train	0.9274975657463074	1.0	0.9797579685226822	1180	148159
val	0.9274975657463074	1.0	1.0	1478	21322
test	0.9274975657463074	1.0	1.0	1890	11310
train	0.9417480230331421	1.0	0.9847903716439624	1180	148920
val	0.9417480230331421	1.0	1.0	1478	21322
test	0.9417480230331421	1.0	1.0	1890	11310
train	0.9462902545928955	1.0	0.9898426134109245	1180	149684
val	0.9462902545928955	1.0	1.0	1478	21322
test	0.9462902545928955	1.0	1.0	1890	11310
train	0.9487289786338806	1.0	0.9949345324692501	1180	150454
val	0.9487289786338806	1.0	1.0	1478	21322
test	0.9487289786338806	1.0	1.0	1890	11310
train	0.9612862467765808	1.0	0.999993387118106	1180	151219
val	0.9612862467765808	1.0	1.0	1478	21322
test	0.9612862467765808	1.0	1.0	1890	11310
