ACTION	SPLIT	PDB_ID	DIRECTORY
WOULD_CREATE	train	17RA	/storage9920/home/tinghao.xia/Data_V1/train/17ra
WOULD_CREATE	train	1A51	/storage9920/home/tinghao.xia/Data_V1/train/1a51
WOULD_CREATE	train	1A60	/storage9920/home/tinghao.xia/Data_V1/train/1a60
WOULD_CREATE	train	1A9L	/storage9920/home/tinghao.xia/Data_V1/train/1a9l
WOULD_CREATE	train	1AFX	/storage9920/home/tinghao.xia/Data_V1/train/1afx
WOULD_CREATE	train	1AJF	/storage9920/home/tinghao.xia/Data_V1/train/1ajf
WOULD_CREATE	train	1AJU	/storage9920/home/tinghao.xia/Data_V1/train/1aju
WOULD_CREATE	train	1AKX	/storage9920/home/tinghao.xia/Data_V1/train/1akx
WOULD_CREATE	train	1AM0	/storage9920/home/tinghao.xia/Data_V1/train/1am0
WOULD_CREATE	train	1ANR	/storage9920/home/tinghao.xia/Data_V1/train/1anr
WOULD_CREATE	train	1AQO	/storage9920/home/tinghao.xia/Data_V1/train/1aqo
WOULD_CREATE	train	1ARJ	/storage9920/home/tinghao.xia/Data_V1/train/1arj
WOULD_CREATE	train	1ATO	/storage9920/home/tinghao.xia/Data_V1/train/1ato
WOULD_CREATE	train	1ATV	/storage9920/home/tinghao.xia/Data_V1/train/1atv
WOULD_CREATE	train	1ATW	/storage9920/home/tinghao.xia/Data_V1/train/1atw
WOULD_CREATE	train	1B36	/storage9920/home/tinghao.xia/Data_V1/train/1b36
WOULD_CREATE	train	1BGZ	/storage9920/home/tinghao.xia/Data_V1/train/1bgz
WOULD_CREATE	train	1BN0	/storage9920/home/tinghao.xia/Data_V1/train/1bn0
WOULD_CREATE	train	1BVJ	/storage9920/home/tinghao.xia/Data_V1/train/1bvj
WOULD_CREATE	train	1BYJ	/storage9920/home/tinghao.xia/Data_V1/train/1byj
WOULD_CREATE	train	1BZ2	/storage9920/home/tinghao.xia/Data_V1/train/1bz2
WOULD_CREATE	train	1BZ3	/storage9920/home/tinghao.xia/Data_V1/train/1bz3
WOULD_CREATE	train	1BZT	/storage9920/home/tinghao.xia/Data_V1/train/1bzt
WOULD_CREATE	train	1BZU	/storage9920/home/tinghao.xia/Data_V1/train/1bzu
WOULD_CREATE	train	1C0O	/storage9920/home/tinghao.xia/Data_V1/train/1c0o
WOULD_CREATE	train	1C2X	/storage9920/home/tinghao.xia/Data_V1/train/1c2x
WOULD_CREATE	train	1CQ5	/storage9920/home/tinghao.xia/Data_V1/train/1cq5
WOULD_CREATE	train	1CQL	/storage9920/home/tinghao.xia/Data_V1/train/1cql
WOULD_CREATE	train	1D0T	/storage9920/home/tinghao.xia/Data_V1/train/1d0t
WOULD_CREATE	train	1D0U	/storage9920/home/tinghao.xia/Data_V1/train/1d0u
WOULD_CREATE	train	1E4P	/storage9920/home/tinghao.xia/Data_V1/train/1e4p
WOULD_CREATE	train	1E95	/storage9920/home/tinghao.xia/Data_V1/train/1e95
WOULD_CREATE	train	1EBQ	/storage9920/home/tinghao.xia/Data_V1/train/1ebq
WOULD_CREATE	train	1EBR	/storage9920/home/tinghao.xia/Data_V1/train/1ebr
WOULD_CREATE	train	1EBS	/storage9920/home/tinghao.xia/Data_V1/train/1ebs
WOULD_CREATE	train	1EHT	/storage9920/home/tinghao.xia/Data_V1/train/1eht
WOULD_CREATE	train	1EHZ	/storage9920/home/tinghao.xia/Data_V1/train/1ehz
WOULD_CREATE	train	1EI2	/storage9920/home/tinghao.xia/Data_V1/train/1ei2
WOULD_CREATE	train	1ESH	/storage9920/home/tinghao.xia/Data_V1/train/1esh
WOULD_CREATE	train	1ESY	/storage9920/home/tinghao.xia/Data_V1/train/1esy
WOULD_CREATE	train	1EVV	/storage9920/home/tinghao.xia/Data_V1/train/1evv
WOULD_CREATE	train	1F1T	/storage9920/home/tinghao.xia/Data_V1/train/1f1t
WOULD_CREATE	train	1F6X	/storage9920/home/tinghao.xia/Data_V1/train/1f6x
WOULD_CREATE	train	1F6Z	/storage9920/home/tinghao.xia/Data_V1/train/1f6z
WOULD_CREATE	train	1F78	/storage9920/home/tinghao.xia/Data_V1/train/1f78
WOULD_CREATE	train	1F79	/storage9920/home/tinghao.xia/Data_V1/train/1f79
WOULD_CREATE	train	1F7F	/storage9920/home/tinghao.xia/Data_V1/train/1f7f
WOULD_CREATE	train	1F7G	/storage9920/home/tinghao.xia/Data_V1/train/1f7g
WOULD_CREATE	train	1F7H	/storage9920/home/tinghao.xia/Data_V1/train/1f7h
WOULD_CREATE	train	1F7I	/storage9920/home/tinghao.xia/Data_V1/train/1f7i
WOULD_CREATE	train	1F84	/storage9920/home/tinghao.xia/Data_V1/train/1f84
WOULD_CREATE	train	1F85	/storage9920/home/tinghao.xia/Data_V1/train/1f85
WOULD_CREATE	train	1F9L	/storage9920/home/tinghao.xia/Data_V1/train/1f9l
WOULD_CREATE	train	1FEQ	/storage9920/home/tinghao.xia/Data_V1/train/1feq
WOULD_CREATE	train	1FHK	/storage9920/home/tinghao.xia/Data_V1/train/1fhk
WOULD_CREATE	train	1FIR	/storage9920/home/tinghao.xia/Data_V1/train/1fir
WOULD_CREATE	train	1FL8	/storage9920/home/tinghao.xia/Data_V1/train/1fl8
WOULD_CREATE	train	1FMN	/storage9920/home/tinghao.xia/Data_V1/train/1fmn
WOULD_CREATE	train	1FQZ	/storage9920/home/tinghao.xia/Data_V1/train/1fqz
WOULD_CREATE	train	1FYO	/storage9920/home/tinghao.xia/Data_V1/train/1fyo
WOULD_CREATE	train	1FYP	/storage9920/home/tinghao.xia/Data_V1/train/1fyp
WOULD_CREATE	train	1G2J	/storage9920/home/tinghao.xia/Data_V1/train/1g2j
WOULD_CREATE	train	1HLX	/storage9920/home/tinghao.xia/Data_V1/train/1hlx
WOULD_CREATE	train	1HS1	/storage9920/home/tinghao.xia/Data_V1/train/1hs1
WOULD_CREATE	train	1HS2	/storage9920/home/tinghao.xia/Data_V1/train/1hs2
WOULD_CREATE	train	1HS3	/storage9920/home/tinghao.xia/Data_V1/train/1hs3
WOULD_CREATE	train	1HS4	/storage9920/home/tinghao.xia/Data_V1/train/1hs4
WOULD_CREATE	train	1HS8	/storage9920/home/tinghao.xia/Data_V1/train/1hs8
WOULD_CREATE	train	1HWQ	/storage9920/home/tinghao.xia/Data_V1/train/1hwq
WOULD_CREATE	train	1I3X	/storage9920/home/tinghao.xia/Data_V1/train/1i3x
WOULD_CREATE	train	1I3Y	/storage9920/home/tinghao.xia/Data_V1/train/1i3y
WOULD_CREATE	train	1I46	/storage9920/home/tinghao.xia/Data_V1/train/1i46
WOULD_CREATE	train	1I4B	/storage9920/home/tinghao.xia/Data_V1/train/1i4b
WOULD_CREATE	train	1I4C	/storage9920/home/tinghao.xia/Data_V1/train/1i4c
WOULD_CREATE	train	1I9V	/storage9920/home/tinghao.xia/Data_V1/train/1i9v
WOULD_CREATE	train	1IDV	/storage9920/home/tinghao.xia/Data_V1/train/1idv
WOULD_CREATE	train	1IE1	/storage9920/home/tinghao.xia/Data_V1/train/1ie1
WOULD_CREATE	train	1IE2	/storage9920/home/tinghao.xia/Data_V1/train/1ie2
WOULD_CREATE	train	1IK1	/storage9920/home/tinghao.xia/Data_V1/train/1ik1
WOULD_CREATE	train	1IKD	/storage9920/home/tinghao.xia/Data_V1/train/1ikd
WOULD_CREATE	train	1J4Y	/storage9920/home/tinghao.xia/Data_V1/train/1j4y
WOULD_CREATE	train	1JO7	/storage9920/home/tinghao.xia/Data_V1/train/1jo7
WOULD_CREATE	train	1JOX	/storage9920/home/tinghao.xia/Data_V1/train/1jox
WOULD_CREATE	train	1JP0	/storage9920/home/tinghao.xia/Data_V1/train/1jp0
WOULD_CREATE	train	1JTJ	/storage9920/home/tinghao.xia/Data_V1/train/1jtj
WOULD_CREATE	train	1JTW	/storage9920/home/tinghao.xia/Data_V1/train/1jtw
WOULD_CREATE	train	1JU7	/storage9920/home/tinghao.xia/Data_V1/train/1ju7
WOULD_CREATE	train	1JUR	/storage9920/home/tinghao.xia/Data_V1/train/1jur
WOULD_CREATE	train	1JWC	/storage9920/home/tinghao.xia/Data_V1/train/1jwc
WOULD_CREATE	train	1JZC	/storage9920/home/tinghao.xia/Data_V1/train/1jzc
WOULD_CREATE	train	1K2G	/storage9920/home/tinghao.xia/Data_V1/train/1k2g
WOULD_CREATE	train	1K4A	/storage9920/home/tinghao.xia/Data_V1/train/1k4a
WOULD_CREATE	train	1K4B	/storage9920/home/tinghao.xia/Data_V1/train/1k4b
WOULD_CREATE	train	1K5I	/storage9920/home/tinghao.xia/Data_V1/train/1k5i
WOULD_CREATE	train	1K6G	/storage9920/home/tinghao.xia/Data_V1/train/1k6g
WOULD_CREATE	train	1K6H	/storage9920/home/tinghao.xia/Data_V1/train/1k6h
WOULD_CREATE	train	1KAJ	/storage9920/home/tinghao.xia/Data_V1/train/1kaj
WOULD_CREATE	train	1KH6	/storage9920/home/tinghao.xia/Data_V1/train/1kh6
WOULD_CREATE	train	1KKA	/storage9920/home/tinghao.xia/Data_V1/train/1kka
WOULD_CREATE	train	1KKS	/storage9920/home/tinghao.xia/Data_V1/train/1kks
WOULD_CREATE	train	1KOS	/storage9920/home/tinghao.xia/Data_V1/train/1kos
WOULD_CREATE	train	1KP7	/storage9920/home/tinghao.xia/Data_V1/train/1kp7
WOULD_CREATE	train	1KPD	/storage9920/home/tinghao.xia/Data_V1/train/1kpd
WOULD_CREATE	train	1KPY	/storage9920/home/tinghao.xia/Data_V1/train/1kpy
WOULD_CREATE	train	1KPZ	/storage9920/home/tinghao.xia/Data_V1/train/1kpz
WOULD_CREATE	train	1KXK	/storage9920/home/tinghao.xia/Data_V1/train/1kxk
WOULD_CREATE	train	1L1W	/storage9920/home/tinghao.xia/Data_V1/train/1l1w
WOULD_CREATE	train	1L2X	/storage9920/home/tinghao.xia/Data_V1/train/1l2x
WOULD_CREATE	train	1L3D	/storage9920/home/tinghao.xia/Data_V1/train/1l3d
WOULD_CREATE	train	1LC6	/storage9920/home/tinghao.xia/Data_V1/train/1lc6
WOULD_CREATE	train	1LDZ	/storage9920/home/tinghao.xia/Data_V1/train/1ldz
WOULD_CREATE	train	1LU3	/storage9920/home/tinghao.xia/Data_V1/train/1lu3
WOULD_CREATE	train	1LUU	/storage9920/home/tinghao.xia/Data_V1/train/1luu
WOULD_CREATE	train	1LUX	/storage9920/home/tinghao.xia/Data_V1/train/1lux
WOULD_CREATE	train	1LVJ	/storage9920/home/tinghao.xia/Data_V1/train/1lvj
WOULD_CREATE	train	1M5L	/storage9920/home/tinghao.xia/Data_V1/train/1m5l
WOULD_CREATE	train	1M82	/storage9920/home/tinghao.xia/Data_V1/train/1m82
WOULD_CREATE	train	1ME1	/storage9920/home/tinghao.xia/Data_V1/train/1me1
WOULD_CREATE	train	1MFJ	/storage9920/home/tinghao.xia/Data_V1/train/1mfj
WOULD_CREATE	train	1MFK	/storage9920/home/tinghao.xia/Data_V1/train/1mfk
WOULD_CREATE	train	1MFY	/storage9920/home/tinghao.xia/Data_V1/train/1mfy
WOULD_CREATE	train	1MNX	/storage9920/home/tinghao.xia/Data_V1/train/1mnx
WOULD_CREATE	train	1MSY	/storage9920/home/tinghao.xia/Data_V1/train/1msy
WOULD_CREATE	train	1MT4	/storage9920/home/tinghao.xia/Data_V1/train/1mt4
WOULD_CREATE	train	1N66	/storage9920/home/tinghao.xia/Data_V1/train/1n66
WOULD_CREATE	train	1N8X	/storage9920/home/tinghao.xia/Data_V1/train/1n8x
WOULD_CREATE	train	1NA2	/storage9920/home/tinghao.xia/Data_V1/train/1na2
WOULD_CREATE	train	1NBK	/storage9920/home/tinghao.xia/Data_V1/train/1nbk
WOULD_CREATE	train	1NBR	/storage9920/home/tinghao.xia/Data_V1/train/1nbr
WOULD_CREATE	train	1NC0	/storage9920/home/tinghao.xia/Data_V1/train/1nc0
WOULD_CREATE	train	1NEM	/storage9920/home/tinghao.xia/Data_V1/train/1nem
WOULD_CREATE	train	1NJN	/storage9920/home/tinghao.xia/Data_V1/train/1njn
WOULD_CREATE	train	1NZ1	/storage9920/home/tinghao.xia/Data_V1/train/1nz1
WOULD_CREATE	train	1O15	/storage9920/home/tinghao.xia/Data_V1/train/1o15
WOULD_CREATE	train	1OQ0	/storage9920/home/tinghao.xia/Data_V1/train/1oq0
WOULD_CREATE	train	1OSW	/storage9920/home/tinghao.xia/Data_V1/train/1osw
WOULD_CREATE	train	1OW9	/storage9920/home/tinghao.xia/Data_V1/train/1ow9
WOULD_CREATE	train	1P5M	/storage9920/home/tinghao.xia/Data_V1/train/1p5m
WOULD_CREATE	train	1P5N	/storage9920/home/tinghao.xia/Data_V1/train/1p5n
WOULD_CREATE	train	1P5O	/storage9920/home/tinghao.xia/Data_V1/train/1p5o
WOULD_CREATE	train	1P5P	/storage9920/home/tinghao.xia/Data_V1/train/1p5p
WOULD_CREATE	train	1P9X	/storage9920/home/tinghao.xia/Data_V1/train/1p9x
WOULD_CREATE	train	1PBR	/storage9920/home/tinghao.xia/Data_V1/train/1pbr
WOULD_CREATE	train	1PJY	/storage9920/home/tinghao.xia/Data_V1/train/1pjy
WOULD_CREATE	train	1Q75	/storage9920/home/tinghao.xia/Data_V1/train/1q75
WOULD_CREATE	train	1Q8N	/storage9920/home/tinghao.xia/Data_V1/train/1q8n
WOULD_CREATE	train	1Q9A	/storage9920/home/tinghao.xia/Data_V1/train/1q9a
WOULD_CREATE	train	1QC8	/storage9920/home/tinghao.xia/Data_V1/train/1qc8
WOULD_CREATE	train	1QD3	/storage9920/home/tinghao.xia/Data_V1/train/1qd3
WOULD_CREATE	train	1QWA	/storage9920/home/tinghao.xia/Data_V1/train/1qwa
WOULD_CREATE	train	1QWB	/storage9920/home/tinghao.xia/Data_V1/train/1qwb
WOULD_CREATE	train	1R2P	/storage9920/home/tinghao.xia/Data_V1/train/1r2p
WOULD_CREATE	train	1R4H	/storage9920/home/tinghao.xia/Data_V1/train/1r4h
WOULD_CREATE	train	1R7W	/storage9920/home/tinghao.xia/Data_V1/train/1r7w
WOULD_CREATE	train	1R7Z	/storage9920/home/tinghao.xia/Data_V1/train/1r7z
WOULD_CREATE	train	1RAW	/storage9920/home/tinghao.xia/Data_V1/train/1raw
WOULD_CREATE	train	1RFR	/storage9920/home/tinghao.xia/Data_V1/train/1rfr
WOULD_CREATE	train	1RHT	/storage9920/home/tinghao.xia/Data_V1/train/1rht
WOULD_CREATE	train	1RMN	/storage9920/home/tinghao.xia/Data_V1/train/1rmn
WOULD_CREATE	train	1RNG	/storage9920/home/tinghao.xia/Data_V1/train/1rng
WOULD_CREATE	train	1RNK	/storage9920/home/tinghao.xia/Data_V1/train/1rnk
WOULD_CREATE	train	1ROQ	/storage9920/home/tinghao.xia/Data_V1/train/1roq
WOULD_CREATE	train	1RXA	/storage9920/home/tinghao.xia/Data_V1/train/1rxa
WOULD_CREATE	train	1S2F	/storage9920/home/tinghao.xia/Data_V1/train/1s2f
WOULD_CREATE	train	1S34	/storage9920/home/tinghao.xia/Data_V1/train/1s34
WOULD_CREATE	train	1SCL	/storage9920/home/tinghao.xia/Data_V1/train/1scl
WOULD_CREATE	train	1SLO	/storage9920/home/tinghao.xia/Data_V1/train/1slo
WOULD_CREATE	train	1SLP	/storage9920/home/tinghao.xia/Data_V1/train/1slp
WOULD_CREATE	train	1SY4	/storage9920/home/tinghao.xia/Data_V1/train/1sy4
WOULD_CREATE	train	1SYZ	/storage9920/home/tinghao.xia/Data_V1/train/1syz
WOULD_CREATE	train	1SZY	/storage9920/home/tinghao.xia/Data_V1/train/1szy
WOULD_CREATE	train	1T28	/storage9920/home/tinghao.xia/Data_V1/train/1t28
WOULD_CREATE	train	1TBK	/storage9920/home/tinghao.xia/Data_V1/train/1tbk
WOULD_CREATE	train	1TFN	/storage9920/home/tinghao.xia/Data_V1/train/1tfn
WOULD_CREATE	train	1TJZ	/storage9920/home/tinghao.xia/Data_V1/train/1tjz
WOULD_CREATE	train	1TLR	/storage9920/home/tinghao.xia/Data_V1/train/1tlr
WOULD_CREATE	train	1TN1	/storage9920/home/tinghao.xia/Data_V1/train/1tn1
WOULD_CREATE	train	1TN2	/storage9920/home/tinghao.xia/Data_V1/train/1tn2
WOULD_CREATE	train	1TOB	/storage9920/home/tinghao.xia/Data_V1/train/1tob
WOULD_CREATE	train	1TRA	/storage9920/home/tinghao.xia/Data_V1/train/1tra
WOULD_CREATE	train	1TXS	/storage9920/home/tinghao.xia/Data_V1/train/1txs
WOULD_CREATE	train	1U2A	/storage9920/home/tinghao.xia/Data_V1/train/1u2a
WOULD_CREATE	train	1U3K	/storage9920/home/tinghao.xia/Data_V1/train/1u3k
WOULD_CREATE	train	1U9S	/storage9920/home/tinghao.xia/Data_V1/train/1u9s
WOULD_CREATE	train	1UTS	/storage9920/home/tinghao.xia/Data_V1/train/1uts
WOULD_CREATE	train	1UUD	/storage9920/home/tinghao.xia/Data_V1/train/1uud
WOULD_CREATE	train	1UUI	/storage9920/home/tinghao.xia/Data_V1/train/1uui
WOULD_CREATE	train	1UUU	/storage9920/home/tinghao.xia/Data_V1/train/1uuu
WOULD_CREATE	train	1VOP	/storage9920/home/tinghao.xia/Data_V1/train/1vop
WOULD_CREATE	train	1VTQ	/storage9920/home/tinghao.xia/Data_V1/train/1vtq
WOULD_CREATE	train	1WKS	/storage9920/home/tinghao.xia/Data_V1/train/1wks
WOULD_CREATE	train	1WTS	/storage9920/home/tinghao.xia/Data_V1/train/1wts
WOULD_CREATE	train	1WTT	/storage9920/home/tinghao.xia/Data_V1/train/1wtt
WOULD_CREATE	train	1XHP	/storage9920/home/tinghao.xia/Data_V1/train/1xhp
WOULD_CREATE	train	1XJR	/storage9920/home/tinghao.xia/Data_V1/train/1xjr
WOULD_CREATE	train	1XSG	/storage9920/home/tinghao.xia/Data_V1/train/1xsg
WOULD_CREATE	train	1XSH	/storage9920/home/tinghao.xia/Data_V1/train/1xsh
WOULD_CREATE	train	1XST	/storage9920/home/tinghao.xia/Data_V1/train/1xst
WOULD_CREATE	train	1XSU	/storage9920/home/tinghao.xia/Data_V1/train/1xsu
WOULD_CREATE	train	1XV6	/storage9920/home/tinghao.xia/Data_V1/train/1xv6
WOULD_CREATE	train	1XWP	/storage9920/home/tinghao.xia/Data_V1/train/1xwp
WOULD_CREATE	train	1XWU	/storage9920/home/tinghao.xia/Data_V1/train/1xwu
WOULD_CREATE	train	1Y26	/storage9920/home/tinghao.xia/Data_V1/train/1y26
WOULD_CREATE	train	1Y27	/storage9920/home/tinghao.xia/Data_V1/train/1y27
WOULD_CREATE	train	1YFG	/storage9920/home/tinghao.xia/Data_V1/train/1yfg
WOULD_CREATE	train	1YG3	/storage9920/home/tinghao.xia/Data_V1/train/1yg3
WOULD_CREATE	train	1YG4	/storage9920/home/tinghao.xia/Data_V1/train/1yg4
WOULD_CREATE	train	1YLG	/storage9920/home/tinghao.xia/Data_V1/train/1ylg
WOULD_CREATE	train	1YMO	/storage9920/home/tinghao.xia/Data_V1/train/1ymo
WOULD_CREATE	train	1YN1	/storage9920/home/tinghao.xia/Data_V1/train/1yn1
WOULD_CREATE	train	1YN2	/storage9920/home/tinghao.xia/Data_V1/train/1yn2
WOULD_CREATE	train	1YNC	/storage9920/home/tinghao.xia/Data_V1/train/1ync
WOULD_CREATE	train	1YNE	/storage9920/home/tinghao.xia/Data_V1/train/1yne
WOULD_CREATE	train	1YNG	/storage9920/home/tinghao.xia/Data_V1/train/1yng
WOULD_CREATE	train	1YSV	/storage9920/home/tinghao.xia/Data_V1/train/1ysv
WOULD_CREATE	train	1Z2J	/storage9920/home/tinghao.xia/Data_V1/train/1z2j
WOULD_CREATE	train	1Z30	/storage9920/home/tinghao.xia/Data_V1/train/1z30
WOULD_CREATE	train	1Z31	/storage9920/home/tinghao.xia/Data_V1/train/1z31
WOULD_CREATE	train	1Z43	/storage9920/home/tinghao.xia/Data_V1/train/1z43
WOULD_CREATE	train	1Z58	/storage9920/home/tinghao.xia/Data_V1/train/1z58
WOULD_CREATE	train	1ZC5	/storage9920/home/tinghao.xia/Data_V1/train/1zc5
WOULD_CREATE	train	1ZIF	/storage9920/home/tinghao.xia/Data_V1/train/1zif
WOULD_CREATE	train	1ZIG	/storage9920/home/tinghao.xia/Data_V1/train/1zig
WOULD_CREATE	train	1ZIH	/storage9920/home/tinghao.xia/Data_V1/train/1zih
WOULD_CREATE	train	255D	/storage9920/home/tinghao.xia/Data_V1/train/255d
WOULD_CREATE	train	283D	/storage9920/home/tinghao.xia/Data_V1/train/283d
WOULD_CREATE	train	28SP	/storage9920/home/tinghao.xia/Data_V1/train/28sp
WOULD_CREATE	train	28SR	/storage9920/home/tinghao.xia/Data_V1/train/28sr
WOULD_CREATE	train	2A2E	/storage9920/home/tinghao.xia/Data_V1/train/2a2e
WOULD_CREATE	train	2A43	/storage9920/home/tinghao.xia/Data_V1/train/2a43
WOULD_CREATE	train	2A64	/storage9920/home/tinghao.xia/Data_V1/train/2a64
WOULD_CREATE	train	2A9L	/storage9920/home/tinghao.xia/Data_V1/train/2a9l
WOULD_CREATE	train	2AHT	/storage9920/home/tinghao.xia/Data_V1/train/2aht
WOULD_CREATE	train	2AP0	/storage9920/home/tinghao.xia/Data_V1/train/2ap0
WOULD_CREATE	train	2AP5	/storage9920/home/tinghao.xia/Data_V1/train/2ap5
WOULD_CREATE	train	2AU4	/storage9920/home/tinghao.xia/Data_V1/train/2au4
WOULD_CREATE	train	2AWQ	/storage9920/home/tinghao.xia/Data_V1/train/2awq
WOULD_CREATE	train	2B57	/storage9920/home/tinghao.xia/Data_V1/train/2b57
WOULD_CREATE	train	2B7G	/storage9920/home/tinghao.xia/Data_V1/train/2b7g
WOULD_CREATE	train	2CD1	/storage9920/home/tinghao.xia/Data_V1/train/2cd1
WOULD_CREATE	train	2CD3	/storage9920/home/tinghao.xia/Data_V1/train/2cd3
WOULD_CREATE	train	2CD5	/storage9920/home/tinghao.xia/Data_V1/train/2cd5
WOULD_CREATE	train	2CD6	/storage9920/home/tinghao.xia/Data_V1/train/2cd6
WOULD_CREATE	train	2EES	/storage9920/home/tinghao.xia/Data_V1/train/2ees
WOULD_CREATE	train	2EET	/storage9920/home/tinghao.xia/Data_V1/train/2eet
WOULD_CREATE	train	2EEU	/storage9920/home/tinghao.xia/Data_V1/train/2eeu
WOULD_CREATE	train	2EEV	/storage9920/home/tinghao.xia/Data_V1/train/2eev
WOULD_CREATE	train	2EEW	/storage9920/home/tinghao.xia/Data_V1/train/2eew
WOULD_CREATE	train	2ES5	/storage9920/home/tinghao.xia/Data_V1/train/2es5
WOULD_CREATE	train	2EUY	/storage9920/home/tinghao.xia/Data_V1/train/2euy
WOULD_CREATE	train	2EVY	/storage9920/home/tinghao.xia/Data_V1/train/2evy
WOULD_CREATE	train	2F87	/storage9920/home/tinghao.xia/Data_V1/train/2f87
WOULD_CREATE	train	2F88	/storage9920/home/tinghao.xia/Data_V1/train/2f88
WOULD_CREATE	train	2FDT	/storage9920/home/tinghao.xia/Data_V1/train/2fdt
WOULD_CREATE	train	2FEY	/storage9920/home/tinghao.xia/Data_V1/train/2fey
WOULD_CREATE	train	2G1G	/storage9920/home/tinghao.xia/Data_V1/train/2g1g
WOULD_CREATE	train	2G1W	/storage9920/home/tinghao.xia/Data_V1/train/2g1w
WOULD_CREATE	train	2G9C	/storage9920/home/tinghao.xia/Data_V1/train/2g9c
WOULD_CREATE	train	2GBH	/storage9920/home/tinghao.xia/Data_V1/train/2gbh
WOULD_CREATE	train	2GIO	/storage9920/home/tinghao.xia/Data_V1/train/2gio
WOULD_CREATE	train	2GIP	/storage9920/home/tinghao.xia/Data_V1/train/2gip
WOULD_CREATE	train	2GIS	/storage9920/home/tinghao.xia/Data_V1/train/2gis
WOULD_CREATE	train	2GRW	/storage9920/home/tinghao.xia/Data_V1/train/2grw
WOULD_CREATE	train	2GV3	/storage9920/home/tinghao.xia/Data_V1/train/2gv3
WOULD_CREATE	train	2GV4	/storage9920/home/tinghao.xia/Data_V1/train/2gv4
WOULD_CREATE	train	2GVO	/storage9920/home/tinghao.xia/Data_V1/train/2gvo
WOULD_CREATE	train	2HEM	/storage9920/home/tinghao.xia/Data_V1/train/2hem
WOULD_CREATE	train	2HNS	/storage9920/home/tinghao.xia/Data_V1/train/2hns
WOULD_CREATE	train	2HOJ	/storage9920/home/tinghao.xia/Data_V1/train/2hoj
WOULD_CREATE	train	2HOK	/storage9920/home/tinghao.xia/Data_V1/train/2hok
WOULD_CREATE	train	2HOL	/storage9920/home/tinghao.xia/Data_V1/train/2hol
WOULD_CREATE	train	2HOM	/storage9920/home/tinghao.xia/Data_V1/train/2hom
WOULD_CREATE	train	2HOO	/storage9920/home/tinghao.xia/Data_V1/train/2hoo
WOULD_CREATE	train	2HOP	/storage9920/home/tinghao.xia/Data_V1/train/2hop
WOULD_CREATE	train	2HUA	/storage9920/home/tinghao.xia/Data_V1/train/2hua
WOULD_CREATE	train	2IXY	/storage9920/home/tinghao.xia/Data_V1/train/2ixy
WOULD_CREATE	train	2IXZ	/storage9920/home/tinghao.xia/Data_V1/train/2ixz
WOULD_CREATE	train	2JR4	/storage9920/home/tinghao.xia/Data_V1/train/2jr4
WOULD_CREATE	train	2JRG	/storage9920/home/tinghao.xia/Data_V1/train/2jrg
WOULD_CREATE	train	2JRQ	/storage9920/home/tinghao.xia/Data_V1/train/2jrq
WOULD_CREATE	train	2JSE	/storage9920/home/tinghao.xia/Data_V1/train/2jse
WOULD_CREATE	train	2JSG	/storage9920/home/tinghao.xia/Data_V1/train/2jsg
WOULD_CREATE	train	2JTP	/storage9920/home/tinghao.xia/Data_V1/train/2jtp
WOULD_CREATE	train	2JUK	/storage9920/home/tinghao.xia/Data_V1/train/2juk
WOULD_CREATE	train	2JWV	/storage9920/home/tinghao.xia/Data_V1/train/2jwv
WOULD_CREATE	train	2JXV	/storage9920/home/tinghao.xia/Data_V1/train/2jxv
WOULD_CREATE	train	2JYM	/storage9920/home/tinghao.xia/Data_V1/train/2jym
WOULD_CREATE	train	2K4C	/storage9920/home/tinghao.xia/Data_V1/train/2k4c
WOULD_CREATE	train	2K5Z	/storage9920/home/tinghao.xia/Data_V1/train/2k5z
WOULD_CREATE	train	2K66	/storage9920/home/tinghao.xia/Data_V1/train/2k66
WOULD_CREATE	train	2K95	/storage9920/home/tinghao.xia/Data_V1/train/2k95
WOULD_CREATE	train	2K96	/storage9920/home/tinghao.xia/Data_V1/train/2k96
WOULD_CREATE	train	2KD8	/storage9920/home/tinghao.xia/Data_V1/train/2kd8
WOULD_CREATE	train	2KE6	/storage9920/home/tinghao.xia/Data_V1/train/2ke6
WOULD_CREATE	train	2KEZ	/storage9920/home/tinghao.xia/Data_V1/train/2kez
WOULD_CREATE	train	2KF0	/storage9920/home/tinghao.xia/Data_V1/train/2kf0
WOULD_CREATE	train	2KGP	/storage9920/home/tinghao.xia/Data_V1/train/2kgp
WOULD_CREATE	train	2KHY	/storage9920/home/tinghao.xia/Data_V1/train/2khy
WOULD_CREATE	train	2KOC	/storage9920/home/tinghao.xia/Data_V1/train/2koc
WOULD_CREATE	train	2KPC	/storage9920/home/tinghao.xia/Data_V1/train/2kpc
WOULD_CREATE	train	2KPD	/storage9920/home/tinghao.xia/Data_V1/train/2kpd
WOULD_CREATE	train	2KPV	/storage9920/home/tinghao.xia/Data_V1/train/2kpv
WOULD_CREATE	train	2KRP	/storage9920/home/tinghao.xia/Data_V1/train/2krp
WOULD_CREATE	train	2KRQ	/storage9920/home/tinghao.xia/Data_V1/train/2krq
WOULD_CREATE	train	2KRV	/storage9920/home/tinghao.xia/Data_V1/train/2krv
WOULD_CREATE	train	2KRW	/storage9920/home/tinghao.xia/Data_V1/train/2krw
WOULD_CREATE	train	2KRY	/storage9920/home/tinghao.xia/Data_V1/train/2kry
WOULD_CREATE	train	2KRZ	/storage9920/home/tinghao.xia/Data_V1/train/2krz
WOULD_CREATE	train	2KTZ	/storage9920/home/tinghao.xia/Data_V1/train/2ktz
WOULD_CREATE	train	2KU0	/storage9920/home/tinghao.xia/Data_V1/train/2ku0
WOULD_CREATE	train	2KUR	/storage9920/home/tinghao.xia/Data_V1/train/2kur
WOULD_CREATE	train	2KUU	/storage9920/home/tinghao.xia/Data_V1/train/2kuu
WOULD_CREATE	train	2KUV	/storage9920/home/tinghao.xia/Data_V1/train/2kuv
WOULD_CREATE	train	2KUW	/storage9920/home/tinghao.xia/Data_V1/train/2kuw
WOULD_CREATE	train	2KVN	/storage9920/home/tinghao.xia/Data_V1/train/2kvn
WOULD_CREATE	train	2KX8	/storage9920/home/tinghao.xia/Data_V1/train/2kx8
WOULD_CREATE	train	2KXM	/storage9920/home/tinghao.xia/Data_V1/train/2kxm
WOULD_CREATE	train	2KYE	/storage9920/home/tinghao.xia/Data_V1/train/2kye
WOULD_CREATE	train	2KZL	/storage9920/home/tinghao.xia/Data_V1/train/2kzl
WOULD_CREATE	train	2L1V	/storage9920/home/tinghao.xia/Data_V1/train/2l1v
WOULD_CREATE	train	2L2J	/storage9920/home/tinghao.xia/Data_V1/train/2l2j
WOULD_CREATE	train	2L3E	/storage9920/home/tinghao.xia/Data_V1/train/2l3e
WOULD_CREATE	train	2L5Z	/storage9920/home/tinghao.xia/Data_V1/train/2l5z
WOULD_CREATE	train	2L6I	/storage9920/home/tinghao.xia/Data_V1/train/2l6i
WOULD_CREATE	train	2L8H	/storage9920/home/tinghao.xia/Data_V1/train/2l8h
WOULD_CREATE	train	2L94	/storage9920/home/tinghao.xia/Data_V1/train/2l94
WOULD_CREATE	train	2L9E	/storage9920/home/tinghao.xia/Data_V1/train/2l9e
WOULD_CREATE	train	2LA9	/storage9920/home/tinghao.xia/Data_V1/train/2la9
WOULD_CREATE	train	2LAC	/storage9920/home/tinghao.xia/Data_V1/train/2lac
WOULD_CREATE	train	2LBJ	/storage9920/home/tinghao.xia/Data_V1/train/2lbj
WOULD_CREATE	train	2LBK	/storage9920/home/tinghao.xia/Data_V1/train/2lbk
WOULD_CREATE	train	2LBL	/storage9920/home/tinghao.xia/Data_V1/train/2lbl
WOULD_CREATE	train	2LBQ	/storage9920/home/tinghao.xia/Data_V1/train/2lbq
WOULD_CREATE	train	2LBR	/storage9920/home/tinghao.xia/Data_V1/train/2lbr
WOULD_CREATE	train	2LC8	/storage9920/home/tinghao.xia/Data_V1/train/2lc8
WOULD_CREATE	train	2LDL	/storage9920/home/tinghao.xia/Data_V1/train/2ldl
WOULD_CREATE	train	2LDT	/storage9920/home/tinghao.xia/Data_V1/train/2ldt
WOULD_CREATE	train	2LDZ	/storage9920/home/tinghao.xia/Data_V1/train/2ldz
WOULD_CREATE	train	2LHP	/storage9920/home/tinghao.xia/Data_V1/train/2lhp
WOULD_CREATE	train	2LI4	/storage9920/home/tinghao.xia/Data_V1/train/2li4
WOULD_CREATE	train	2LJJ	/storage9920/home/tinghao.xia/Data_V1/train/2ljj
WOULD_CREATE	train	2LK3	/storage9920/home/tinghao.xia/Data_V1/train/2lk3
WOULD_CREATE	train	2LP9	/storage9920/home/tinghao.xia/Data_V1/train/2lp9
WOULD_CREATE	train	2LPA	/storage9920/home/tinghao.xia/Data_V1/train/2lpa
WOULD_CREATE	train	2LPS	/storage9920/home/tinghao.xia/Data_V1/train/2lps
WOULD_CREATE	train	2LPT	/storage9920/home/tinghao.xia/Data_V1/train/2lpt
WOULD_CREATE	train	2LQZ	/storage9920/home/tinghao.xia/Data_V1/train/2lqz
WOULD_CREATE	train	2LU0	/storage9920/home/tinghao.xia/Data_V1/train/2lu0
WOULD_CREATE	train	2LUB	/storage9920/home/tinghao.xia/Data_V1/train/2lub
WOULD_CREATE	train	2LUN	/storage9920/home/tinghao.xia/Data_V1/train/2lun
WOULD_CREATE	train	2LV0	/storage9920/home/tinghao.xia/Data_V1/train/2lv0
WOULD_CREATE	train	2LWK	/storage9920/home/tinghao.xia/Data_V1/train/2lwk
WOULD_CREATE	train	2M12	/storage9920/home/tinghao.xia/Data_V1/train/2m12
WOULD_CREATE	train	2M21	/storage9920/home/tinghao.xia/Data_V1/train/2m21
WOULD_CREATE	train	2M22	/storage9920/home/tinghao.xia/Data_V1/train/2m22
WOULD_CREATE	train	2M24	/storage9920/home/tinghao.xia/Data_V1/train/2m24
WOULD_CREATE	train	2M4Q	/storage9920/home/tinghao.xia/Data_V1/train/2m4q
WOULD_CREATE	train	2M4W	/storage9920/home/tinghao.xia/Data_V1/train/2m4w
WOULD_CREATE	train	2M57	/storage9920/home/tinghao.xia/Data_V1/train/2m57
WOULD_CREATE	train	2M5U	/storage9920/home/tinghao.xia/Data_V1/train/2m5u
WOULD_CREATE	train	2M8K	/storage9920/home/tinghao.xia/Data_V1/train/2m8k
WOULD_CREATE	train	2MEQ	/storage9920/home/tinghao.xia/Data_V1/train/2meq
WOULD_CREATE	train	2MER	/storage9920/home/tinghao.xia/Data_V1/train/2mer
WOULD_CREATE	train	2MFD	/storage9920/home/tinghao.xia/Data_V1/train/2mfd
WOULD_CREATE	train	2MIS	/storage9920/home/tinghao.xia/Data_V1/train/2mis
WOULD_CREATE	train	2MIY	/storage9920/home/tinghao.xia/Data_V1/train/2miy
WOULD_CREATE	train	2MN0	/storage9920/home/tinghao.xia/Data_V1/train/2mn0
WOULD_CREATE	train	2MNC	/storage9920/home/tinghao.xia/Data_V1/train/2mnc
WOULD_CREATE	train	2MQT	/storage9920/home/tinghao.xia/Data_V1/train/2mqt
WOULD_CREATE	train	2MTJ	/storage9920/home/tinghao.xia/Data_V1/train/2mtj
WOULD_CREATE	train	2MTK	/storage9920/home/tinghao.xia/Data_V1/train/2mtk
WOULD_CREATE	train	2MXJ	/storage9920/home/tinghao.xia/Data_V1/train/2mxj
WOULD_CREATE	train	2MXL	/storage9920/home/tinghao.xia/Data_V1/train/2mxl
WOULD_CREATE	train	2MXS	/storage9920/home/tinghao.xia/Data_V1/train/2mxs
WOULD_CREATE	train	2N0J	/storage9920/home/tinghao.xia/Data_V1/train/2n0j
WOULD_CREATE	train	2N0R	/storage9920/home/tinghao.xia/Data_V1/train/2n0r
WOULD_CREATE	train	2N2O	/storage9920/home/tinghao.xia/Data_V1/train/2n2o
WOULD_CREATE	train	2N2P	/storage9920/home/tinghao.xia/Data_V1/train/2n2p
WOULD_CREATE	train	2N3Q	/storage9920/home/tinghao.xia/Data_V1/train/2n3q
WOULD_CREATE	train	2N3R	/storage9920/home/tinghao.xia/Data_V1/train/2n3r
WOULD_CREATE	train	2N4L	/storage9920/home/tinghao.xia/Data_V1/train/2n4l
WOULD_CREATE	train	2N6S	/storage9920/home/tinghao.xia/Data_V1/train/2n6s
WOULD_CREATE	train	2N6T	/storage9920/home/tinghao.xia/Data_V1/train/2n6t
WOULD_CREATE	train	2N6W	/storage9920/home/tinghao.xia/Data_V1/train/2n6w
WOULD_CREATE	train	2N6X	/storage9920/home/tinghao.xia/Data_V1/train/2n6x
WOULD_CREATE	train	2N7X	/storage9920/home/tinghao.xia/Data_V1/train/2n7x
WOULD_CREATE	train	2N8V	/storage9920/home/tinghao.xia/Data_V1/train/2n8v
WOULD_CREATE	train	2NBX	/storage9920/home/tinghao.xia/Data_V1/train/2nbx
WOULD_CREATE	train	2NBY	/storage9920/home/tinghao.xia/Data_V1/train/2nby
WOULD_CREATE	train	2NBZ	/storage9920/home/tinghao.xia/Data_V1/train/2nbz
WOULD_CREATE	train	2NC0	/storage9920/home/tinghao.xia/Data_V1/train/2nc0
WOULD_CREATE	train	2NC1	/storage9920/home/tinghao.xia/Data_V1/train/2nc1
WOULD_CREATE	train	2NCI	/storage9920/home/tinghao.xia/Data_V1/train/2nci
WOULD_CREATE	train	2O32	/storage9920/home/tinghao.xia/Data_V1/train/2o32
WOULD_CREATE	train	2O33	/storage9920/home/tinghao.xia/Data_V1/train/2o33
WOULD_CREATE	train	2O43	/storage9920/home/tinghao.xia/Data_V1/train/2o43
WOULD_CREATE	train	2O44	/storage9920/home/tinghao.xia/Data_V1/train/2o44
WOULD_CREATE	train	2O45	/storage9920/home/tinghao.xia/Data_V1/train/2o45
WOULD_CREATE	train	2OJ7	/storage9920/home/tinghao.xia/Data_V1/train/2oj7
WOULD_CREATE	train	2OJ8	/storage9920/home/tinghao.xia/Data_V1/train/2oj8
WOULD_CREATE	train	2PCV	/storage9920/home/tinghao.xia/Data_V1/train/2pcv
WOULD_CREATE	train	2Q1R	/storage9920/home/tinghao.xia/Data_V1/train/2q1r
WOULD_CREATE	train	2QBZ	/storage9920/home/tinghao.xia/Data_V1/train/2qbz
WOULD_CREATE	train	2QH2	/storage9920/home/tinghao.xia/Data_V1/train/2qh2
WOULD_CREATE	train	2QH3	/storage9920/home/tinghao.xia/Data_V1/train/2qh3
WOULD_CREATE	train	2QH4	/storage9920/home/tinghao.xia/Data_V1/train/2qh4
WOULD_CREATE	train	2RLU	/storage9920/home/tinghao.xia/Data_V1/train/2rlu
WOULD_CREATE	train	2RO2	/storage9920/home/tinghao.xia/Data_V1/train/2ro2
WOULD_CREATE	train	2RP0	/storage9920/home/tinghao.xia/Data_V1/train/2rp0
WOULD_CREATE	train	2RP1	/storage9920/home/tinghao.xia/Data_V1/train/2rp1
WOULD_CREATE	train	2RPK	/storage9920/home/tinghao.xia/Data_V1/train/2rpk
WOULD_CREATE	train	2RPT	/storage9920/home/tinghao.xia/Data_V1/train/2rpt
WOULD_CREATE	train	2RRC	/storage9920/home/tinghao.xia/Data_V1/train/2rrc
WOULD_CREATE	train	2RVO	/storage9920/home/tinghao.xia/Data_V1/train/2rvo
WOULD_CREATE	train	2TOB	/storage9920/home/tinghao.xia/Data_V1/train/2tob
WOULD_CREATE	train	2TPK	/storage9920/home/tinghao.xia/Data_V1/train/2tpk
WOULD_CREATE	train	2TRA	/storage9920/home/tinghao.xia/Data_V1/train/2tra
WOULD_CREATE	train	2U2A	/storage9920/home/tinghao.xia/Data_V1/train/2u2a
WOULD_CREATE	train	2XNW	/storage9920/home/tinghao.xia/Data_V1/train/2xnw
WOULD_CREATE	train	2XNZ	/storage9920/home/tinghao.xia/Data_V1/train/2xnz
WOULD_CREATE	train	2XO0	/storage9920/home/tinghao.xia/Data_V1/train/2xo0
WOULD_CREATE	train	2XO1	/storage9920/home/tinghao.xia/Data_V1/train/2xo1
WOULD_CREATE	train	2Y95	/storage9920/home/tinghao.xia/Data_V1/train/2y95
WOULD_CREATE	train	2YDH	/storage9920/home/tinghao.xia/Data_V1/train/2ydh
WOULD_CREATE	train	2YGH	/storage9920/home/tinghao.xia/Data_V1/train/2ygh
WOULD_CREATE	train	2ZY6	/storage9920/home/tinghao.xia/Data_V1/train/2zy6
WOULD_CREATE	train	333D	/storage9920/home/tinghao.xia/Data_V1/train/333d
WOULD_CREATE	train	3A3A	/storage9920/home/tinghao.xia/Data_V1/train/3a3a
WOULD_CREATE	train	3BBV	/storage9920/home/tinghao.xia/Data_V1/train/3bbv
WOULD_CREATE	train	3BWP	/storage9920/home/tinghao.xia/Data_V1/train/3bwp
WOULD_CREATE	train	3CW5	/storage9920/home/tinghao.xia/Data_V1/train/3cw5
WOULD_CREATE	train	3CW6	/storage9920/home/tinghao.xia/Data_V1/train/3cw6
WOULD_CREATE	train	3CZW	/storage9920/home/tinghao.xia/Data_V1/train/3czw
WOULD_CREATE	train	3D0M	/storage9920/home/tinghao.xia/Data_V1/train/3d0m
WOULD_CREATE	train	3D0U	/storage9920/home/tinghao.xia/Data_V1/train/3d0u
WOULD_CREATE	train	3D0X	/storage9920/home/tinghao.xia/Data_V1/train/3d0x
WOULD_CREATE	train	3DHS	/storage9920/home/tinghao.xia/Data_V1/train/3dhs
WOULD_CREATE	train	3DIG	/storage9920/home/tinghao.xia/Data_V1/train/3dig
WOULD_CREATE	train	3DIL	/storage9920/home/tinghao.xia/Data_V1/train/3dil
WOULD_CREATE	train	3DIM	/storage9920/home/tinghao.xia/Data_V1/train/3dim
WOULD_CREATE	train	3DIO	/storage9920/home/tinghao.xia/Data_V1/train/3dio
WOULD_CREATE	train	3DIQ	/storage9920/home/tinghao.xia/Data_V1/train/3diq
WOULD_CREATE	train	3DIR	/storage9920/home/tinghao.xia/Data_V1/train/3dir
WOULD_CREATE	train	3DIS	/storage9920/home/tinghao.xia/Data_V1/train/3dis
WOULD_CREATE	train	3DIX	/storage9920/home/tinghao.xia/Data_V1/train/3dix
WOULD_CREATE	train	3DIY	/storage9920/home/tinghao.xia/Data_V1/train/3diy
WOULD_CREATE	train	3DIZ	/storage9920/home/tinghao.xia/Data_V1/train/3diz
WOULD_CREATE	train	3DJ0	/storage9920/home/tinghao.xia/Data_V1/train/3dj0
WOULD_CREATE	train	3DJ2	/storage9920/home/tinghao.xia/Data_V1/train/3dj2
WOULD_CREATE	train	3DVZ	/storage9920/home/tinghao.xia/Data_V1/train/3dvz
WOULD_CREATE	train	3DW4	/storage9920/home/tinghao.xia/Data_V1/train/3dw4
WOULD_CREATE	train	3DW5	/storage9920/home/tinghao.xia/Data_V1/train/3dw5
WOULD_CREATE	train	3DW6	/storage9920/home/tinghao.xia/Data_V1/train/3dw6
WOULD_CREATE	train	3DW7	/storage9920/home/tinghao.xia/Data_V1/train/3dw7
WOULD_CREATE	train	3E5C	/storage9920/home/tinghao.xia/Data_V1/train/3e5c
WOULD_CREATE	train	3E5E	/storage9920/home/tinghao.xia/Data_V1/train/3e5e
WOULD_CREATE	train	3E5F	/storage9920/home/tinghao.xia/Data_V1/train/3e5f
WOULD_CREATE	train	3F2Q	/storage9920/home/tinghao.xia/Data_V1/train/3f2q
WOULD_CREATE	train	3F2T	/storage9920/home/tinghao.xia/Data_V1/train/3f2t
WOULD_CREATE	train	3F2W	/storage9920/home/tinghao.xia/Data_V1/train/3f2w
WOULD_CREATE	train	3F2X	/storage9920/home/tinghao.xia/Data_V1/train/3f2x
WOULD_CREATE	train	3F2Y	/storage9920/home/tinghao.xia/Data_V1/train/3f2y
WOULD_CREATE	train	3F30	/storage9920/home/tinghao.xia/Data_V1/train/3f30
WOULD_CREATE	train	3FO4	/storage9920/home/tinghao.xia/Data_V1/train/3fo4
WOULD_CREATE	train	3FO6	/storage9920/home/tinghao.xia/Data_V1/train/3fo6
WOULD_CREATE	train	3G4M	/storage9920/home/tinghao.xia/Data_V1/train/3g4m
WOULD_CREATE	train	3GAO	/storage9920/home/tinghao.xia/Data_V1/train/3gao
WOULD_CREATE	train	3GCA	/storage9920/home/tinghao.xia/Data_V1/train/3gca
WOULD_CREATE	train	3GER	/storage9920/home/tinghao.xia/Data_V1/train/3ger
WOULD_CREATE	train	3GES	/storage9920/home/tinghao.xia/Data_V1/train/3ges
WOULD_CREATE	train	3GOG	/storage9920/home/tinghao.xia/Data_V1/train/3gog
WOULD_CREATE	train	3GOT	/storage9920/home/tinghao.xia/Data_V1/train/3got
WOULD_CREATE	train	3GX2	/storage9920/home/tinghao.xia/Data_V1/train/3gx2
WOULD_CREATE	train	3GX3	/storage9920/home/tinghao.xia/Data_V1/train/3gx3
WOULD_CREATE	train	3GX5	/storage9920/home/tinghao.xia/Data_V1/train/3gx5
WOULD_CREATE	train	3GX6	/storage9920/home/tinghao.xia/Data_V1/train/3gx6
WOULD_CREATE	train	3GX7	/storage9920/home/tinghao.xia/Data_V1/train/3gx7
WOULD_CREATE	train	3IQN	/storage9920/home/tinghao.xia/Data_V1/train/3iqn
WOULD_CREATE	train	3IQP	/storage9920/home/tinghao.xia/Data_V1/train/3iqp
WOULD_CREATE	train	3IQR	/storage9920/home/tinghao.xia/Data_V1/train/3iqr
WOULD_CREATE	train	3IZD	/storage9920/home/tinghao.xia/Data_V1/train/3izd
WOULD_CREATE	train	3K1V	/storage9920/home/tinghao.xia/Data_V1/train/3k1v
WOULD_CREATE	train	3L0U	/storage9920/home/tinghao.xia/Data_V1/train/3l0u
WOULD_CREATE	train	3LA5	/storage9920/home/tinghao.xia/Data_V1/train/3la5
WOULD_CREATE	train	3MIJ	/storage9920/home/tinghao.xia/Data_V1/train/3mij
WOULD_CREATE	train	3ND3	/storage9920/home/tinghao.xia/Data_V1/train/3nd3
WOULD_CREATE	train	3ND4	/storage9920/home/tinghao.xia/Data_V1/train/3nd4
WOULD_CREATE	train	3NJ6	/storage9920/home/tinghao.xia/Data_V1/train/3nj6
WOULD_CREATE	train	3NPN	/storage9920/home/tinghao.xia/Data_V1/train/3npn
WOULD_CREATE	train	3PHP	/storage9920/home/tinghao.xia/Data_V1/train/3php
WOULD_CREATE	train	3Q50	/storage9920/home/tinghao.xia/Data_V1/train/3q50
WOULD_CREATE	train	3Q51	/storage9920/home/tinghao.xia/Data_V1/train/3q51
WOULD_CREATE	train	3R4F	/storage9920/home/tinghao.xia/Data_V1/train/3r4f
WOULD_CREATE	train	3S7C	/storage9920/home/tinghao.xia/Data_V1/train/3s7c
WOULD_CREATE	train	3S8U	/storage9920/home/tinghao.xia/Data_V1/train/3s8u
WOULD_CREATE	train	3SD3	/storage9920/home/tinghao.xia/Data_V1/train/3sd3
WOULD_CREATE	train	3SUH	/storage9920/home/tinghao.xia/Data_V1/train/3suh
WOULD_CREATE	train	3SUX	/storage9920/home/tinghao.xia/Data_V1/train/3sux
WOULD_CREATE	train	3SUY	/storage9920/home/tinghao.xia/Data_V1/train/3suy
WOULD_CREATE	train	3T4B	/storage9920/home/tinghao.xia/Data_V1/train/3t4b
WOULD_CREATE	train	3TRA	/storage9920/home/tinghao.xia/Data_V1/train/3tra
WOULD_CREATE	train	3VRS	/storage9920/home/tinghao.xia/Data_V1/train/3vrs
WOULD_CREATE	train	413D	/storage9920/home/tinghao.xia/Data_V1/train/413d
WOULD_CREATE	train	430D	/storage9920/home/tinghao.xia/Data_V1/train/430d
WOULD_CREATE	train	437D	/storage9920/home/tinghao.xia/Data_V1/train/437d
WOULD_CREATE	train	480D	/storage9920/home/tinghao.xia/Data_V1/train/480d
WOULD_CREATE	train	483D	/storage9920/home/tinghao.xia/Data_V1/train/483d
WOULD_CREATE	train	4A4R	/storage9920/home/tinghao.xia/Data_V1/train/4a4r
WOULD_CREATE	train	4A4S	/storage9920/home/tinghao.xia/Data_V1/train/4a4s
WOULD_CREATE	train	4A4T	/storage9920/home/tinghao.xia/Data_V1/train/4a4t
WOULD_CREATE	train	4A4U	/storage9920/home/tinghao.xia/Data_V1/train/4a4u
WOULD_CREATE	train	4AOB	/storage9920/home/tinghao.xia/Data_V1/train/4aob
WOULD_CREATE	train	4B5R	/storage9920/home/tinghao.xia/Data_V1/train/4b5r
WOULD_CREATE	train	4C40	/storage9920/home/tinghao.xia/Data_V1/train/4c40
WOULD_CREATE	train	4CS1	/storage9920/home/tinghao.xia/Data_V1/train/4cs1
WOULD_CREATE	train	4DS6	/storage9920/home/tinghao.xia/Data_V1/train/4ds6
WOULD_CREATE	train	4E8M	/storage9920/home/tinghao.xia/Data_V1/train/4e8m
WOULD_CREATE	train	4E8N	/storage9920/home/tinghao.xia/Data_V1/train/4e8n
WOULD_CREATE	train	4E8P	/storage9920/home/tinghao.xia/Data_V1/train/4e8p
WOULD_CREATE	train	4E8Q	/storage9920/home/tinghao.xia/Data_V1/train/4e8q
WOULD_CREATE	train	4E8R	/storage9920/home/tinghao.xia/Data_V1/train/4e8r
WOULD_CREATE	train	4E8V	/storage9920/home/tinghao.xia/Data_V1/train/4e8v
WOULD_CREATE	train	4EN5	/storage9920/home/tinghao.xia/Data_V1/train/4en5
WOULD_CREATE	train	4ENA	/storage9920/home/tinghao.xia/Data_V1/train/4ena
WOULD_CREATE	train	4ENB	/storage9920/home/tinghao.xia/Data_V1/train/4enb
WOULD_CREATE	train	4ENC	/storage9920/home/tinghao.xia/Data_V1/train/4enc
WOULD_CREATE	train	4ERJ	/storage9920/home/tinghao.xia/Data_V1/train/4erj
WOULD_CREATE	train	4ERL	/storage9920/home/tinghao.xia/Data_V1/train/4erl
WOULD_CREATE	train	4FAQ	/storage9920/home/tinghao.xia/Data_V1/train/4faq
WOULD_CREATE	train	4FAU	/storage9920/home/tinghao.xia/Data_V1/train/4fau
WOULD_CREATE	train	4FAX	/storage9920/home/tinghao.xia/Data_V1/train/4fax
WOULD_CREATE	train	4FB0	/storage9920/home/tinghao.xia/Data_V1/train/4fb0
WOULD_CREATE	train	4FE5	/storage9920/home/tinghao.xia/Data_V1/train/4fe5
WOULD_CREATE	train	4FEJ	/storage9920/home/tinghao.xia/Data_V1/train/4fej
WOULD_CREATE	train	4FEL	/storage9920/home/tinghao.xia/Data_V1/train/4fel
WOULD_CREATE	train	4FEN	/storage9920/home/tinghao.xia/Data_V1/train/4fen
WOULD_CREATE	train	4FEO	/storage9920/home/tinghao.xia/Data_V1/train/4feo
WOULD_CREATE	train	4FEP	/storage9920/home/tinghao.xia/Data_V1/train/4fep
WOULD_CREATE	train	4FNJ	/storage9920/home/tinghao.xia/Data_V1/train/4fnj
WOULD_CREATE	train	4GMA	/storage9920/home/tinghao.xia/Data_V1/train/4gma
WOULD_CREATE	train	4GXY	/storage9920/home/tinghao.xia/Data_V1/train/4gxy
WOULD_CREATE	train	4JF2	/storage9920/home/tinghao.xia/Data_V1/train/4jf2
WOULD_CREATE	train	4K27	/storage9920/home/tinghao.xia/Data_V1/train/4k27
WOULD_CREATE	train	4KQY	/storage9920/home/tinghao.xia/Data_V1/train/4kqy
WOULD_CREATE	train	4L81	/storage9920/home/tinghao.xia/Data_V1/train/4l81
WOULD_CREATE	train	4LVV	/storage9920/home/tinghao.xia/Data_V1/train/4lvv
WOULD_CREATE	train	4LVW	/storage9920/home/tinghao.xia/Data_V1/train/4lvw
WOULD_CREATE	train	4LVX	/storage9920/home/tinghao.xia/Data_V1/train/4lvx
WOULD_CREATE	train	4LVY	/storage9920/home/tinghao.xia/Data_V1/train/4lvy
WOULD_CREATE	train	4LVZ	/storage9920/home/tinghao.xia/Data_V1/train/4lvz
WOULD_CREATE	train	4LW0	/storage9920/home/tinghao.xia/Data_V1/train/4lw0
WOULD_CREATE	train	4LX5	/storage9920/home/tinghao.xia/Data_V1/train/4lx5
WOULD_CREATE	train	4LX6	/storage9920/home/tinghao.xia/Data_V1/train/4lx6
WOULD_CREATE	train	4MS9	/storage9920/home/tinghao.xia/Data_V1/train/4ms9
WOULD_CREATE	train	4NLF	/storage9920/home/tinghao.xia/Data_V1/train/4nlf
WOULD_CREATE	train	4NMG	/storage9920/home/tinghao.xia/Data_V1/train/4nmg
WOULD_CREATE	train	4NXH	/storage9920/home/tinghao.xia/Data_V1/train/4nxh
WOULD_CREATE	train	4NYB	/storage9920/home/tinghao.xia/Data_V1/train/4nyb
WOULD_CREATE	train	4NYC	/storage9920/home/tinghao.xia/Data_V1/train/4nyc
WOULD_CREATE	train	4NYD	/storage9920/home/tinghao.xia/Data_V1/train/4nyd
WOULD_CREATE	train	4NYG	/storage9920/home/tinghao.xia/Data_V1/train/4nyg
WOULD_CREATE	train	4OJI	/storage9920/home/tinghao.xia/Data_V1/train/4oji
WOULD_CREATE	train	4OQU	/storage9920/home/tinghao.xia/Data_V1/train/4oqu
WOULD_CREATE	train	4P5J	/storage9920/home/tinghao.xia/Data_V1/train/4p5j
WOULD_CREATE	train	4P8Z	/storage9920/home/tinghao.xia/Data_V1/train/4p8z
WOULD_CREATE	train	4P9R	/storage9920/home/tinghao.xia/Data_V1/train/4p9r
WOULD_CREATE	train	4PCJ	/storage9920/home/tinghao.xia/Data_V1/train/4pcj
WOULD_CREATE	train	4PQV	/storage9920/home/tinghao.xia/Data_V1/train/4pqv
WOULD_CREATE	train	4QK8	/storage9920/home/tinghao.xia/Data_V1/train/4qk8
WOULD_CREATE	train	4QK9	/storage9920/home/tinghao.xia/Data_V1/train/4qk9
WOULD_CREATE	train	4QKA	/storage9920/home/tinghao.xia/Data_V1/train/4qka
WOULD_CREATE	train	4QLM	/storage9920/home/tinghao.xia/Data_V1/train/4qlm
WOULD_CREATE	train	4QLN	/storage9920/home/tinghao.xia/Data_V1/train/4qln
WOULD_CREATE	train	4R4P	/storage9920/home/tinghao.xia/Data_V1/train/4r4p
WOULD_CREATE	train	4R4V	/storage9920/home/tinghao.xia/Data_V1/train/4r4v
WOULD_CREATE	train	4RBY	/storage9920/home/tinghao.xia/Data_V1/train/4rby
WOULD_CREATE	train	4RBZ	/storage9920/home/tinghao.xia/Data_V1/train/4rbz
WOULD_CREATE	train	4RC0	/storage9920/home/tinghao.xia/Data_V1/train/4rc0
WOULD_CREATE	train	4RUM	/storage9920/home/tinghao.xia/Data_V1/train/4rum
WOULD_CREATE	train	4RZD	/storage9920/home/tinghao.xia/Data_V1/train/4rzd
WOULD_CREATE	train	4TNA	/storage9920/home/tinghao.xia/Data_V1/train/4tna
WOULD_CREATE	train	4TRA	/storage9920/home/tinghao.xia/Data_V1/train/4tra
WOULD_CREATE	train	4TZX	/storage9920/home/tinghao.xia/Data_V1/train/4tzx
WOULD_CREATE	train	4TZY	/storage9920/home/tinghao.xia/Data_V1/train/4tzy
WOULD_CREATE	train	4WFL	/storage9920/home/tinghao.xia/Data_V1/train/4wfl
WOULD_CREATE	train	4XNR	/storage9920/home/tinghao.xia/Data_V1/train/4xnr
WOULD_CREATE	train	4XW1	/storage9920/home/tinghao.xia/Data_V1/train/4xw1
WOULD_CREATE	train	4XW7	/storage9920/home/tinghao.xia/Data_V1/train/4xw7
WOULD_CREATE	train	4XWF	/storage9920/home/tinghao.xia/Data_V1/train/4xwf
WOULD_CREATE	train	4Y27	/storage9920/home/tinghao.xia/Data_V1/train/4y27
WOULD_CREATE	train	5A17	/storage9920/home/tinghao.xia/Data_V1/train/5a17
WOULD_CREATE	train	5A18	/storage9920/home/tinghao.xia/Data_V1/train/5a18
WOULD_CREATE	train	5C7U	/storage9920/home/tinghao.xia/Data_V1/train/5c7u
WOULD_CREATE	train	5C7W	/storage9920/home/tinghao.xia/Data_V1/train/5c7w
WOULD_CREATE	train	5D99	/storage9920/home/tinghao.xia/Data_V1/train/5d99
WOULD_CREATE	train	5DO5	/storage9920/home/tinghao.xia/Data_V1/train/5do5
WOULD_CREATE	train	5DUN	/storage9920/home/tinghao.xia/Data_V1/train/5dun
WOULD_CREATE	train	5FJC	/storage9920/home/tinghao.xia/Data_V1/train/5fjc
WOULD_CREATE	train	5FK1	/storage9920/home/tinghao.xia/Data_V1/train/5fk1
WOULD_CREATE	train	5FK2	/storage9920/home/tinghao.xia/Data_V1/train/5fk2
WOULD_CREATE	train	5FK3	/storage9920/home/tinghao.xia/Data_V1/train/5fk3
WOULD_CREATE	train	5FK4	/storage9920/home/tinghao.xia/Data_V1/train/5fk4
WOULD_CREATE	train	5FK5	/storage9920/home/tinghao.xia/Data_V1/train/5fk5
WOULD_CREATE	train	5FK6	/storage9920/home/tinghao.xia/Data_V1/train/5fk6
WOULD_CREATE	train	5FKD	/storage9920/home/tinghao.xia/Data_V1/train/5fkd
WOULD_CREATE	train	5FKE	/storage9920/home/tinghao.xia/Data_V1/train/5fke
WOULD_CREATE	train	5FKF	/storage9920/home/tinghao.xia/Data_V1/train/5fkf
WOULD_CREATE	train	5FKG	/storage9920/home/tinghao.xia/Data_V1/train/5fkg
WOULD_CREATE	train	5FKH	/storage9920/home/tinghao.xia/Data_V1/train/5fkh
WOULD_CREATE	train	5HBY	/storage9920/home/tinghao.xia/Data_V1/train/5hby
WOULD_CREATE	train	5IEM	/storage9920/home/tinghao.xia/Data_V1/train/5iem
WOULD_CREATE	train	5J01	/storage9920/home/tinghao.xia/Data_V1/train/5j01
WOULD_CREATE	train	5KH8	/storage9920/home/tinghao.xia/Data_V1/train/5kh8
WOULD_CREATE	train	5KMZ	/storage9920/home/tinghao.xia/Data_V1/train/5kmz
WOULD_CREATE	train	5KPY	/storage9920/home/tinghao.xia/Data_V1/train/5kpy
WOULD_CREATE	train	5KQE	/storage9920/home/tinghao.xia/Data_V1/train/5kqe
WOULD_CREATE	train	5L4O	/storage9920/home/tinghao.xia/Data_V1/train/5l4o
WOULD_CREATE	train	5LSN	/storage9920/home/tinghao.xia/Data_V1/train/5lsn
WOULD_CREATE	train	5LWJ	/storage9920/home/tinghao.xia/Data_V1/train/5lwj
WOULD_CREATE	train	5M0H	/storage9920/home/tinghao.xia/Data_V1/train/5m0h
WOULD_CREATE	train	5MRX	/storage9920/home/tinghao.xia/Data_V1/train/5mrx
WOULD_CREATE	train	5N5C	/storage9920/home/tinghao.xia/Data_V1/train/5n5c
WOULD_CREATE	train	5NEF	/storage9920/home/tinghao.xia/Data_V1/train/5nef
WOULD_CREATE	train	5NEO	/storage9920/home/tinghao.xia/Data_V1/train/5neo
WOULD_CREATE	train	5NEP	/storage9920/home/tinghao.xia/Data_V1/train/5nep
WOULD_CREATE	train	5NEQ	/storage9920/home/tinghao.xia/Data_V1/train/5neq
WOULD_CREATE	train	5NEX	/storage9920/home/tinghao.xia/Data_V1/train/5nex
WOULD_CREATE	train	5NOM	/storage9920/home/tinghao.xia/Data_V1/train/5nom
WOULD_CREATE	train	5NQI	/storage9920/home/tinghao.xia/Data_V1/train/5nqi
WOULD_CREATE	train	5NZ6	/storage9920/home/tinghao.xia/Data_V1/train/5nz6
WOULD_CREATE	train	5OB3	/storage9920/home/tinghao.xia/Data_V1/train/5ob3
WOULD_CREATE	train	5SWE	/storage9920/home/tinghao.xia/Data_V1/train/5swe
WOULD_CREATE	train	5T83	/storage9920/home/tinghao.xia/Data_V1/train/5t83
WOULD_CREATE	train	5TPY	/storage9920/home/tinghao.xia/Data_V1/train/5tpy
WOULD_CREATE	train	5U3G	/storage9920/home/tinghao.xia/Data_V1/train/5u3g
WOULD_CREATE	train	5UF3	/storage9920/home/tinghao.xia/Data_V1/train/5uf3
WOULD_CREATE	train	5UZA	/storage9920/home/tinghao.xia/Data_V1/train/5uza
WOULD_CREATE	train	5UZT	/storage9920/home/tinghao.xia/Data_V1/train/5uzt
WOULD_CREATE	train	5V0K	/storage9920/home/tinghao.xia/Data_V1/train/5v0k
WOULD_CREATE	train	5V16	/storage9920/home/tinghao.xia/Data_V1/train/5v16
WOULD_CREATE	train	5V17	/storage9920/home/tinghao.xia/Data_V1/train/5v17
WOULD_CREATE	train	5V3I	/storage9920/home/tinghao.xia/Data_V1/train/5v3i
WOULD_CREATE	train	5WQ1	/storage9920/home/tinghao.xia/Data_V1/train/5wq1
WOULD_CREATE	train	5XWG	/storage9920/home/tinghao.xia/Data_V1/train/5xwg
WOULD_CREATE	train	6AAS	/storage9920/home/tinghao.xia/Data_V1/train/6aas
WOULD_CREATE	train	6AAU	/storage9920/home/tinghao.xia/Data_V1/train/6aau
WOULD_CREATE	train	6BY4	/storage9920/home/tinghao.xia/Data_V1/train/6by4
WOULD_CREATE	train	6BY5	/storage9920/home/tinghao.xia/Data_V1/train/6by5
WOULD_CREATE	train	6CU1	/storage9920/home/tinghao.xia/Data_V1/train/6cu1
WOULD_CREATE	train	6D3P	/storage9920/home/tinghao.xia/Data_V1/train/6d3p
WOULD_CREATE	train	6DLQ	/storage9920/home/tinghao.xia/Data_V1/train/6dlq
WOULD_CREATE	train	6DLR	/storage9920/home/tinghao.xia/Data_V1/train/6dlr
WOULD_CREATE	train	6DLS	/storage9920/home/tinghao.xia/Data_V1/train/6dls
WOULD_CREATE	train	6DLT	/storage9920/home/tinghao.xia/Data_V1/train/6dlt
WOULD_CREATE	train	6DME	/storage9920/home/tinghao.xia/Data_V1/train/6dme
WOULD_CREATE	train	6DNR	/storage9920/home/tinghao.xia/Data_V1/train/6dnr
WOULD_CREATE	train	6DVK	/storage9920/home/tinghao.xia/Data_V1/train/6dvk
WOULD_CREATE	train	6E1S	/storage9920/home/tinghao.xia/Data_V1/train/6e1s
WOULD_CREATE	train	6E1T	/storage9920/home/tinghao.xia/Data_V1/train/6e1t
WOULD_CREATE	train	6E1U	/storage9920/home/tinghao.xia/Data_V1/train/6e1u
WOULD_CREATE	train	6E1V	/storage9920/home/tinghao.xia/Data_V1/train/6e1v
WOULD_CREATE	train	6E1W	/storage9920/home/tinghao.xia/Data_V1/train/6e1w
WOULD_CREATE	train	6E80	/storage9920/home/tinghao.xia/Data_V1/train/6e80
WOULD_CREATE	train	6E81	/storage9920/home/tinghao.xia/Data_V1/train/6e81
WOULD_CREATE	train	6E82	/storage9920/home/tinghao.xia/Data_V1/train/6e82
WOULD_CREATE	train	6E84	/storage9920/home/tinghao.xia/Data_V1/train/6e84
WOULD_CREATE	train	6E8U	/storage9920/home/tinghao.xia/Data_V1/train/6e8u
WOULD_CREATE	train	6EZ0	/storage9920/home/tinghao.xia/Data_V1/train/6ez0
WOULD_CREATE	train	6FZ0	/storage9920/home/tinghao.xia/Data_V1/train/6fz0
WOULD_CREATE	train	6GYV	/storage9920/home/tinghao.xia/Data_V1/train/6gyv
WOULD_CREATE	train	6GZK	/storage9920/home/tinghao.xia/Data_V1/train/6gzk
WOULD_CREATE	train	6GZR	/storage9920/home/tinghao.xia/Data_V1/train/6gzr
WOULD_CREATE	train	6HAG	/storage9920/home/tinghao.xia/Data_V1/train/6hag
WOULD_CREATE	train	6HBT	/storage9920/home/tinghao.xia/Data_V1/train/6hbt
WOULD_CREATE	train	6HBX	/storage9920/home/tinghao.xia/Data_V1/train/6hbx
WOULD_CREATE	train	6HC5	/storage9920/home/tinghao.xia/Data_V1/train/6hc5
WOULD_CREATE	train	6HYK	/storage9920/home/tinghao.xia/Data_V1/train/6hyk
WOULD_CREATE	train	6IZP	/storage9920/home/tinghao.xia/Data_V1/train/6izp
WOULD_CREATE	train	6JJH	/storage9920/home/tinghao.xia/Data_V1/train/6jjh
WOULD_CREATE	train	6JJI	/storage9920/home/tinghao.xia/Data_V1/train/6jji
WOULD_CREATE	train	6JQ6	/storage9920/home/tinghao.xia/Data_V1/train/6jq6
WOULD_CREATE	train	6JXM	/storage9920/home/tinghao.xia/Data_V1/train/6jxm
WOULD_CREATE	train	6K84	/storage9920/home/tinghao.xia/Data_V1/train/6k84
WOULD_CREATE	train	6MCI	/storage9920/home/tinghao.xia/Data_V1/train/6mci
WOULD_CREATE	train	6N5K	/storage9920/home/tinghao.xia/Data_V1/train/6n5k
WOULD_CREATE	train	6N5N	/storage9920/home/tinghao.xia/Data_V1/train/6n5n
WOULD_CREATE	train	6N5O	/storage9920/home/tinghao.xia/Data_V1/train/6n5o
WOULD_CREATE	train	6N5P	/storage9920/home/tinghao.xia/Data_V1/train/6n5p
WOULD_CREATE	train	6N5Q	/storage9920/home/tinghao.xia/Data_V1/train/6n5q
WOULD_CREATE	train	6N5S	/storage9920/home/tinghao.xia/Data_V1/train/6n5s
WOULD_CREATE	train	6N5T	/storage9920/home/tinghao.xia/Data_V1/train/6n5t
WOULD_CREATE	train	6NOA	/storage9920/home/tinghao.xia/Data_V1/train/6noa
WOULD_CREATE	train	6P2H	/storage9920/home/tinghao.xia/Data_V1/train/6p2h
WOULD_CREATE	train	6PK9	/storage9920/home/tinghao.xia/Data_V1/train/6pk9
WOULD_CREATE	train	6PQ7	/storage9920/home/tinghao.xia/Data_V1/train/6pq7
WOULD_CREATE	train	6Q57	/storage9920/home/tinghao.xia/Data_V1/train/6q57
WOULD_CREATE	train	6Q8V	/storage9920/home/tinghao.xia/Data_V1/train/6q8v
WOULD_CREATE	train	6QIV	/storage9920/home/tinghao.xia/Data_V1/train/6qiv
WOULD_CREATE	train	6T3N	/storage9920/home/tinghao.xia/Data_V1/train/6t3n
WOULD_CREATE	train	6T3S	/storage9920/home/tinghao.xia/Data_V1/train/6t3s
WOULD_CREATE	train	6TB7	/storage9920/home/tinghao.xia/Data_V1/train/6tb7
WOULD_CREATE	train	6TF0	/storage9920/home/tinghao.xia/Data_V1/train/6tf0
WOULD_CREATE	train	6TF1	/storage9920/home/tinghao.xia/Data_V1/train/6tf1
WOULD_CREATE	train	6TF2	/storage9920/home/tinghao.xia/Data_V1/train/6tf2
WOULD_CREATE	train	6TF3	/storage9920/home/tinghao.xia/Data_V1/train/6tf3
WOULD_CREATE	train	6TFE	/storage9920/home/tinghao.xia/Data_V1/train/6tfe
WOULD_CREATE	train	6TFF	/storage9920/home/tinghao.xia/Data_V1/train/6tff
WOULD_CREATE	train	6TFG	/storage9920/home/tinghao.xia/Data_V1/train/6tfg
WOULD_CREATE	train	6TFH	/storage9920/home/tinghao.xia/Data_V1/train/6tfh
WOULD_CREATE	train	6TNA	/storage9920/home/tinghao.xia/Data_V1/train/6tna
WOULD_CREATE	train	6U79	/storage9920/home/tinghao.xia/Data_V1/train/6u79
WOULD_CREATE	train	6UBU	/storage9920/home/tinghao.xia/Data_V1/train/6ubu
WOULD_CREATE	train	6UC7	/storage9920/home/tinghao.xia/Data_V1/train/6uc7
WOULD_CREATE	train	6UC8	/storage9920/home/tinghao.xia/Data_V1/train/6uc8
WOULD_CREATE	train	6UC9	/storage9920/home/tinghao.xia/Data_V1/train/6uc9
WOULD_CREATE	train	6UES	/storage9920/home/tinghao.xia/Data_V1/train/6ues
WOULD_CREATE	train	6UET	/storage9920/home/tinghao.xia/Data_V1/train/6uet
WOULD_CREATE	train	6UGI	/storage9920/home/tinghao.xia/Data_V1/train/6ugi
WOULD_CREATE	train	6UGJ	/storage9920/home/tinghao.xia/Data_V1/train/6ugj
WOULD_CREATE	train	6VMY	/storage9920/home/tinghao.xia/Data_V1/train/6vmy
WOULD_CREATE	train	6VU1	/storage9920/home/tinghao.xia/Data_V1/train/6vu1
WOULD_CREATE	train	6VUH	/storage9920/home/tinghao.xia/Data_V1/train/6vuh
WOULD_CREATE	train	6VUI	/storage9920/home/tinghao.xia/Data_V1/train/6vui
WOULD_CREATE	train	6VVJ	/storage9920/home/tinghao.xia/Data_V1/train/6vvj
WOULD_CREATE	train	6VZC	/storage9920/home/tinghao.xia/Data_V1/train/6vzc
WOULD_CREATE	train	6W3M	/storage9920/home/tinghao.xia/Data_V1/train/6w3m
WOULD_CREATE	train	6WJR	/storage9920/home/tinghao.xia/Data_V1/train/6wjr
WOULD_CREATE	train	6WJS	/storage9920/home/tinghao.xia/Data_V1/train/6wjs
WOULD_CREATE	train	6WLJ	/storage9920/home/tinghao.xia/Data_V1/train/6wlj
WOULD_CREATE	train	6WLK	/storage9920/home/tinghao.xia/Data_V1/train/6wlk
WOULD_CREATE	train	6WLL	/storage9920/home/tinghao.xia/Data_V1/train/6wll
WOULD_CREATE	train	6WLM	/storage9920/home/tinghao.xia/Data_V1/train/6wlm
WOULD_CREATE	train	6WLQ	/storage9920/home/tinghao.xia/Data_V1/train/6wlq
WOULD_CREATE	train	6WLR	/storage9920/home/tinghao.xia/Data_V1/train/6wlr
WOULD_CREATE	train	6WLS	/storage9920/home/tinghao.xia/Data_V1/train/6wls
WOULD_CREATE	train	6WLT	/storage9920/home/tinghao.xia/Data_V1/train/6wlt
WOULD_CREATE	train	6WLU	/storage9920/home/tinghao.xia/Data_V1/train/6wlu
WOULD_CREATE	train	6WTL	/storage9920/home/tinghao.xia/Data_V1/train/6wtl
WOULD_CREATE	train	6WTR	/storage9920/home/tinghao.xia/Data_V1/train/6wtr
WOULD_CREATE	train	6XB7	/storage9920/home/tinghao.xia/Data_V1/train/6xb7
WOULD_CREATE	train	6XRZ	/storage9920/home/tinghao.xia/Data_V1/train/6xrz
WOULD_CREATE	train	6XUR	/storage9920/home/tinghao.xia/Data_V1/train/6xur
WOULD_CREATE	train	6XUS	/storage9920/home/tinghao.xia/Data_V1/train/6xus
WOULD_CREATE	train	6XWJ	/storage9920/home/tinghao.xia/Data_V1/train/6xwj
WOULD_CREATE	train	6XWW	/storage9920/home/tinghao.xia/Data_V1/train/6xww
WOULD_CREATE	train	6XXA	/storage9920/home/tinghao.xia/Data_V1/train/6xxa
WOULD_CREATE	train	6XXB	/storage9920/home/tinghao.xia/Data_V1/train/6xxb
WOULD_CREATE	train	6Y0Y	/storage9920/home/tinghao.xia/Data_V1/train/6y0y
WOULD_CREATE	train	6Y3G	/storage9920/home/tinghao.xia/Data_V1/train/6y3g
WOULD_CREATE	train	6ZYB	/storage9920/home/tinghao.xia/Data_V1/train/6zyb
WOULD_CREATE	train	7D12	/storage9920/home/tinghao.xia/Data_V1/train/7d12
WOULD_CREATE	train	7D7W	/storage9920/home/tinghao.xia/Data_V1/train/7d7w
WOULD_CREATE	train	7D7X	/storage9920/home/tinghao.xia/Data_V1/train/7d7x
WOULD_CREATE	train	7D7Y	/storage9920/home/tinghao.xia/Data_V1/train/7d7y
WOULD_CREATE	train	7D7Z	/storage9920/home/tinghao.xia/Data_V1/train/7d7z
WOULD_CREATE	train	7D81	/storage9920/home/tinghao.xia/Data_V1/train/7d81
WOULD_CREATE	train	7D82	/storage9920/home/tinghao.xia/Data_V1/train/7d82
WOULD_CREATE	train	7DD4	/storage9920/home/tinghao.xia/Data_V1/train/7dd4
WOULD_CREATE	train	7EAF	/storage9920/home/tinghao.xia/Data_V1/train/7eaf
WOULD_CREATE	train	7EZ0	/storage9920/home/tinghao.xia/Data_V1/train/7ez0
WOULD_CREATE	train	7JJD	/storage9920/home/tinghao.xia/Data_V1/train/7jjd
WOULD_CREATE	train	7JJE	/storage9920/home/tinghao.xia/Data_V1/train/7jje
WOULD_CREATE	train	7JJF	/storage9920/home/tinghao.xia/Data_V1/train/7jjf
WOULD_CREATE	train	7JRR	/storage9920/home/tinghao.xia/Data_V1/train/7jrr
WOULD_CREATE	train	7JU1	/storage9920/home/tinghao.xia/Data_V1/train/7ju1
WOULD_CREATE	train	7K16	/storage9920/home/tinghao.xia/Data_V1/train/7k16
WOULD_CREATE	train	7K4L	/storage9920/home/tinghao.xia/Data_V1/train/7k4l
WOULD_CREATE	train	7KD1	/storage9920/home/tinghao.xia/Data_V1/train/7kd1
WOULD_CREATE	train	7KJU	/storage9920/home/tinghao.xia/Data_V1/train/7kju
WOULD_CREATE	train	7L0Z	/storage9920/home/tinghao.xia/Data_V1/train/7l0z
WOULD_CREATE	train	7L3R	/storage9920/home/tinghao.xia/Data_V1/train/7l3r
WOULD_CREATE	train	7LYF	/storage9920/home/tinghao.xia/Data_V1/train/7lyf
WOULD_CREATE	train	7LYJ	/storage9920/home/tinghao.xia/Data_V1/train/7lyj
WOULD_CREATE	train	7MKY	/storage9920/home/tinghao.xia/Data_V1/train/7mky
WOULD_CREATE	val	6XKN	/storage9920/home/tinghao.xia/Data_V1/val/6xkn
WOULD_CREATE	val	6XKO	/storage9920/home/tinghao.xia/Data_V1/val/6xko
WOULD_CREATE	val	7E9E	/storage9920/home/tinghao.xia/Data_V1/val/7e9e
WOULD_CREATE	val	7E9I	/storage9920/home/tinghao.xia/Data_V1/val/7e9i
WOULD_CREATE	val	7EDN	/storage9920/home/tinghao.xia/Data_V1/val/7edn
WOULD_CREATE	val	7EEM	/storage9920/home/tinghao.xia/Data_V1/val/7eem
WOULD_CREATE	val	7EFG	/storage9920/home/tinghao.xia/Data_V1/val/7efg
WOULD_CREATE	val	7EFH	/storage9920/home/tinghao.xia/Data_V1/val/7efh
WOULD_CREATE	val	7EOG	/storage9920/home/tinghao.xia/Data_V1/val/7eog
WOULD_CREATE	val	7EOH	/storage9920/home/tinghao.xia/Data_V1/val/7eoh
WOULD_CREATE	val	7EOI	/storage9920/home/tinghao.xia/Data_V1/val/7eoi
WOULD_CREATE	val	7EOJ	/storage9920/home/tinghao.xia/Data_V1/val/7eoj
WOULD_CREATE	val	7EOK	/storage9920/home/tinghao.xia/Data_V1/val/7eok
WOULD_CREATE	val	7EOL	/storage9920/home/tinghao.xia/Data_V1/val/7eol
WOULD_CREATE	val	7EOM	/storage9920/home/tinghao.xia/Data_V1/val/7eom
WOULD_CREATE	val	7EON	/storage9920/home/tinghao.xia/Data_V1/val/7eon
WOULD_CREATE	val	7EOO	/storage9920/home/tinghao.xia/Data_V1/val/7eoo
WOULD_CREATE	val	7EOP	/storage9920/home/tinghao.xia/Data_V1/val/7eop
WOULD_CREATE	val	7EXY	/storage9920/home/tinghao.xia/Data_V1/val/7exy
WOULD_CREATE	val	7FHI	/storage9920/home/tinghao.xia/Data_V1/val/7fhi
WOULD_CREATE	val	7FJ0	/storage9920/home/tinghao.xia/Data_V1/val/7fj0
WOULD_CREATE	val	7KUB	/storage9920/home/tinghao.xia/Data_V1/val/7kub
WOULD_CREATE	val	7KUC	/storage9920/home/tinghao.xia/Data_V1/val/7kuc
WOULD_CREATE	val	7KUD	/storage9920/home/tinghao.xia/Data_V1/val/7kud
WOULD_CREATE	val	7KVT	/storage9920/home/tinghao.xia/Data_V1/val/7kvt
WOULD_CREATE	val	7KVU	/storage9920/home/tinghao.xia/Data_V1/val/7kvu
WOULD_CREATE	val	7KVV	/storage9920/home/tinghao.xia/Data_V1/val/7kvv
WOULD_CREATE	val	7M3V	/storage9920/home/tinghao.xia/Data_V1/val/7m3v
WOULD_CREATE	val	7MKT	/storage9920/home/tinghao.xia/Data_V1/val/7mkt
WOULD_CREATE	val	7MLW	/storage9920/home/tinghao.xia/Data_V1/val/7mlw
WOULD_CREATE	val	7POF	/storage9920/home/tinghao.xia/Data_V1/val/7pof
WOULD_CREATE	val	7PS8	/storage9920/home/tinghao.xia/Data_V1/val/7ps8
WOULD_CREATE	val	7PTK	/storage9920/home/tinghao.xia/Data_V1/val/7ptk
WOULD_CREATE	val	7PTL	/storage9920/home/tinghao.xia/Data_V1/val/7ptl
WOULD_CREATE	val	7PTQ	/storage9920/home/tinghao.xia/Data_V1/val/7ptq
WOULD_CREATE	val	7PTS	/storage9920/home/tinghao.xia/Data_V1/val/7pts
WOULD_CREATE	val	7Q48	/storage9920/home/tinghao.xia/Data_V1/val/7q48
WOULD_CREATE	val	7Q6L	/storage9920/home/tinghao.xia/Data_V1/val/7q6l
WOULD_CREATE	val	7QA2	/storage9920/home/tinghao.xia/Data_V1/val/7qa2
WOULD_CREATE	val	7QDU	/storage9920/home/tinghao.xia/Data_V1/val/7qdu
WOULD_CREATE	val	7QP2	/storage9920/home/tinghao.xia/Data_V1/val/7qp2
WOULD_CREATE	val	7QSH	/storage9920/home/tinghao.xia/Data_V1/val/7qsh
WOULD_CREATE	val	7QUA	/storage9920/home/tinghao.xia/Data_V1/val/7qua
WOULD_CREATE	val	7R6N	/storage9920/home/tinghao.xia/Data_V1/val/7r6n
WOULD_CREATE	val	7RWR	/storage9920/home/tinghao.xia/Data_V1/val/7rwr
WOULD_CREATE	val	7SAM	/storage9920/home/tinghao.xia/Data_V1/val/7sam
WOULD_CREATE	val	7SHX	/storage9920/home/tinghao.xia/Data_V1/val/7shx
WOULD_CREATE	val	7SXP	/storage9920/home/tinghao.xia/Data_V1/val/7sxp
WOULD_CREATE	val	7TD7	/storage9920/home/tinghao.xia/Data_V1/val/7td7
WOULD_CREATE	val	7TDA	/storage9920/home/tinghao.xia/Data_V1/val/7tda
WOULD_CREATE	val	7TDB	/storage9920/home/tinghao.xia/Data_V1/val/7tdb
WOULD_CREATE	val	7TDC	/storage9920/home/tinghao.xia/Data_V1/val/7tdc
WOULD_CREATE	val	7TZT	/storage9920/home/tinghao.xia/Data_V1/val/7tzt
WOULD_CREATE	val	7TZU	/storage9920/home/tinghao.xia/Data_V1/val/7tzu
WOULD_CREATE	val	7U4A	/storage9920/home/tinghao.xia/Data_V1/val/7u4a
WOULD_CREATE	val	7UCR	/storage9920/home/tinghao.xia/Data_V1/val/7ucr
WOULD_CREATE	val	7UGA	/storage9920/home/tinghao.xia/Data_V1/val/7uga
WOULD_CREATE	val	7UMC	/storage9920/home/tinghao.xia/Data_V1/val/7umc
WOULD_CREATE	val	7UMD	/storage9920/home/tinghao.xia/Data_V1/val/7umd
WOULD_CREATE	val	7UME	/storage9920/home/tinghao.xia/Data_V1/val/7ume
WOULD_CREATE	val	7UQ6	/storage9920/home/tinghao.xia/Data_V1/val/7uq6
WOULD_CREATE	val	7URI	/storage9920/home/tinghao.xia/Data_V1/val/7uri
WOULD_CREATE	val	7URM	/storage9920/home/tinghao.xia/Data_V1/val/7urm
WOULD_CREATE	val	7UVT	/storage9920/home/tinghao.xia/Data_V1/val/7uvt
WOULD_CREATE	val	7UZ0	/storage9920/home/tinghao.xia/Data_V1/val/7uz0
WOULD_CREATE	val	7V06	/storage9920/home/tinghao.xia/Data_V1/val/7v06
WOULD_CREATE	val	7V9E	/storage9920/home/tinghao.xia/Data_V1/val/7v9e
WOULD_CREATE	val	7VFT	/storage9920/home/tinghao.xia/Data_V1/val/7vft
WOULD_CREATE	val	7WI9	/storage9920/home/tinghao.xia/Data_V1/val/7wi9
WOULD_CREATE	val	7WIA	/storage9920/home/tinghao.xia/Data_V1/val/7wia
WOULD_CREATE	val	7WIB	/storage9920/home/tinghao.xia/Data_V1/val/7wib
WOULD_CREATE	val	7WIE	/storage9920/home/tinghao.xia/Data_V1/val/7wie
WOULD_CREATE	val	7WIF	/storage9920/home/tinghao.xia/Data_V1/val/7wif
WOULD_CREATE	val	7WII	/storage9920/home/tinghao.xia/Data_V1/val/7wii
WOULD_CREATE	val	7XD3	/storage9920/home/tinghao.xia/Data_V1/val/7xd3
WOULD_CREATE	val	7XD4	/storage9920/home/tinghao.xia/Data_V1/val/7xd4
WOULD_CREATE	val	7XD7	/storage9920/home/tinghao.xia/Data_V1/val/7xd7
WOULD_CREATE	val	7XSK	/storage9920/home/tinghao.xia/Data_V1/val/7xsk
WOULD_CREATE	val	7XSL	/storage9920/home/tinghao.xia/Data_V1/val/7xsl
WOULD_CREATE	val	7XSM	/storage9920/home/tinghao.xia/Data_V1/val/7xsm
WOULD_CREATE	val	7XSN	/storage9920/home/tinghao.xia/Data_V1/val/7xsn
WOULD_CREATE	val	7Y2B	/storage9920/home/tinghao.xia/Data_V1/val/7y2b
WOULD_CREATE	val	7YC8	/storage9920/home/tinghao.xia/Data_V1/val/7yc8
WOULD_CREATE	val	7ZJ4	/storage9920/home/tinghao.xia/Data_V1/val/7zj4
WOULD_CREATE	val	7ZJ5	/storage9920/home/tinghao.xia/Data_V1/val/7zj5
WOULD_CREATE	val	8BTZ	/storage9920/home/tinghao.xia/Data_V1/val/8btz
WOULD_CREATE	val	8BWT	/storage9920/home/tinghao.xia/Data_V1/val/8bwt
WOULD_CREATE	val	8CLR	/storage9920/home/tinghao.xia/Data_V1/val/8clr
WOULD_CREATE	val	8CQ1	/storage9920/home/tinghao.xia/Data_V1/val/8cq1
WOULD_CREATE	val	8FCS	/storage9920/home/tinghao.xia/Data_V1/val/8fcs
WOULD_CREATE	val	8FW4	/storage9920/home/tinghao.xia/Data_V1/val/8fw4
WOULD_CREATE	val	8HB8	/storage9920/home/tinghao.xia/Data_V1/val/8hb8
WOULD_CREATE	val	8HD6	/storage9920/home/tinghao.xia/Data_V1/val/8hd6
WOULD_CREATE	val	8HD7	/storage9920/home/tinghao.xia/Data_V1/val/8hd7
WOULD_CREATE	val	8I43	/storage9920/home/tinghao.xia/Data_V1/val/8i43
WOULD_CREATE	val	8I44	/storage9920/home/tinghao.xia/Data_V1/val/8i44
WOULD_CREATE	val	8I45	/storage9920/home/tinghao.xia/Data_V1/val/8i45
WOULD_CREATE	val	8I46	/storage9920/home/tinghao.xia/Data_V1/val/8i46
WOULD_CREATE	val	8I7N	/storage9920/home/tinghao.xia/Data_V1/val/8i7n
WOULD_CREATE	val	8S95	/storage9920/home/tinghao.xia/Data_V1/val/8s95
WOULD_CREATE	val	8SCF	/storage9920/home/tinghao.xia/Data_V1/val/8scf
WOULD_CREATE	val	8SCH	/storage9920/home/tinghao.xia/Data_V1/val/8sch
WOULD_CREATE	val	8SP9	/storage9920/home/tinghao.xia/Data_V1/val/8sp9
WOULD_CREATE	val	8THV	/storage9920/home/tinghao.xia/Data_V1/val/8thv
WOULD_CREATE	val	8TJQ	/storage9920/home/tinghao.xia/Data_V1/val/8tjq
WOULD_CREATE	val	8TJV	/storage9920/home/tinghao.xia/Data_V1/val/8tjv
WOULD_CREATE	val	8TJX	/storage9920/home/tinghao.xia/Data_V1/val/8tjx
WOULD_CREATE	val	8TNS	/storage9920/home/tinghao.xia/Data_V1/val/8tns
WOULD_CREATE	val	8U3M	/storage9920/home/tinghao.xia/Data_V1/val/8u3m
WOULD_CREATE	val	8UYE	/storage9920/home/tinghao.xia/Data_V1/val/8uye
WOULD_CREATE	val	8UYG	/storage9920/home/tinghao.xia/Data_V1/val/8uyg
WOULD_CREATE	val	8UYJ	/storage9920/home/tinghao.xia/Data_V1/val/8uyj
WOULD_CREATE	val	8UYK	/storage9920/home/tinghao.xia/Data_V1/val/8uyk
WOULD_CREATE	val	8UYL	/storage9920/home/tinghao.xia/Data_V1/val/8uyl
WOULD_CREATE	val	8UYM	/storage9920/home/tinghao.xia/Data_V1/val/8uym
WOULD_CREATE	val	8UYP	/storage9920/home/tinghao.xia/Data_V1/val/8uyp
WOULD_CREATE	val	8UYS	/storage9920/home/tinghao.xia/Data_V1/val/8uys
WOULD_CREATE	test	10ZT	/storage9920/home/tinghao.xia/Data_V1/test/10zt
WOULD_CREATE	test	23JZ	/storage9920/home/tinghao.xia/Data_V1/test/23jz
WOULD_CREATE	test	30SC	/storage9920/home/tinghao.xia/Data_V1/test/30sc
WOULD_CREATE	test	36LL	/storage9920/home/tinghao.xia/Data_V1/test/36ll
WOULD_CREATE	test	8BU8	/storage9920/home/tinghao.xia/Data_V1/test/8bu8
WOULD_CREATE	test	8FEO	/storage9920/home/tinghao.xia/Data_V1/test/8feo
WOULD_CREATE	test	8FEP	/storage9920/home/tinghao.xia/Data_V1/test/8fep
WOULD_CREATE	test	8FEQ	/storage9920/home/tinghao.xia/Data_V1/test/8feq
WOULD_CREATE	test	8ITS	/storage9920/home/tinghao.xia/Data_V1/test/8its
WOULD_CREATE	test	8JHP	/storage9920/home/tinghao.xia/Data_V1/test/8jhp
WOULD_CREATE	test	8K15	/storage9920/home/tinghao.xia/Data_V1/test/8k15
WOULD_CREATE	test	8K7W	/storage9920/home/tinghao.xia/Data_V1/test/8k7w
WOULD_CREATE	test	8K8B	/storage9920/home/tinghao.xia/Data_V1/test/8k8b
WOULD_CREATE	test	8Q4O	/storage9920/home/tinghao.xia/Data_V1/test/8q4o
WOULD_CREATE	test	8Q6N	/storage9920/home/tinghao.xia/Data_V1/test/8q6n
WOULD_CREATE	test	8QO2	/storage9920/home/tinghao.xia/Data_V1/test/8qo2
WOULD_CREATE	test	8QO3	/storage9920/home/tinghao.xia/Data_V1/test/8qo3
WOULD_CREATE	test	8T5O	/storage9920/home/tinghao.xia/Data_V1/test/8t5o
WOULD_CREATE	test	8TDY	/storage9920/home/tinghao.xia/Data_V1/test/8tdy
WOULD_CREATE	test	8TDZ	/storage9920/home/tinghao.xia/Data_V1/test/8tdz
WOULD_CREATE	test	8TE0	/storage9920/home/tinghao.xia/Data_V1/test/8te0
WOULD_CREATE	test	8TE2	/storage9920/home/tinghao.xia/Data_V1/test/8te2
WOULD_CREATE	test	8TVZ	/storage9920/home/tinghao.xia/Data_V1/test/8tvz
WOULD_CREATE	test	8UPT	/storage9920/home/tinghao.xia/Data_V1/test/8upt
WOULD_CREATE	test	8UPY	/storage9920/home/tinghao.xia/Data_V1/test/8upy
WOULD_CREATE	test	8V1H	/storage9920/home/tinghao.xia/Data_V1/test/8v1h
WOULD_CREATE	test	8VCI	/storage9920/home/tinghao.xia/Data_V1/test/8vci
WOULD_CREATE	test	8VT5	/storage9920/home/tinghao.xia/Data_V1/test/8vt5
WOULD_CREATE	test	8XTS	/storage9920/home/tinghao.xia/Data_V1/test/8xts
WOULD_CREATE	test	8XZO	/storage9920/home/tinghao.xia/Data_V1/test/8xzo
WOULD_CREATE	test	8YAM	/storage9920/home/tinghao.xia/Data_V1/test/8yam
WOULD_CREATE	test	8YAN	/storage9920/home/tinghao.xia/Data_V1/test/8yan
WOULD_CREATE	test	8ZNQ	/storage9920/home/tinghao.xia/Data_V1/test/8znq
WOULD_CREATE	test	9BCI	/storage9920/home/tinghao.xia/Data_V1/test/9bci
WOULD_CREATE	test	9BLM	/storage9920/home/tinghao.xia/Data_V1/test/9blm
WOULD_CREATE	test	9BZC	/storage9920/home/tinghao.xia/Data_V1/test/9bzc
WOULD_CREATE	test	9C6J	/storage9920/home/tinghao.xia/Data_V1/test/9c6j
WOULD_CREATE	test	9CSO	/storage9920/home/tinghao.xia/Data_V1/test/9cso
WOULD_CREATE	test	9CSP	/storage9920/home/tinghao.xia/Data_V1/test/9csp
WOULD_CREATE	test	9CSQ	/storage9920/home/tinghao.xia/Data_V1/test/9csq
WOULD_CREATE	test	9CSR	/storage9920/home/tinghao.xia/Data_V1/test/9csr
WOULD_CREATE	test	9CXF	/storage9920/home/tinghao.xia/Data_V1/test/9cxf
WOULD_CREATE	test	9DE7	/storage9920/home/tinghao.xia/Data_V1/test/9de7
WOULD_CREATE	test	9E74	/storage9920/home/tinghao.xia/Data_V1/test/9e74
WOULD_CREATE	test	9E75	/storage9920/home/tinghao.xia/Data_V1/test/9e75
WOULD_CREATE	test	9ECQ	/storage9920/home/tinghao.xia/Data_V1/test/9ecq
WOULD_CREATE	test	9ECR	/storage9920/home/tinghao.xia/Data_V1/test/9ecr
WOULD_CREATE	test	9ELY	/storage9920/home/tinghao.xia/Data_V1/test/9ely
WOULD_CREATE	test	9EOW	/storage9920/home/tinghao.xia/Data_V1/test/9eow
WOULD_CREATE	test	9EWW	/storage9920/home/tinghao.xia/Data_V1/test/9eww
WOULD_CREATE	test	9FM4	/storage9920/home/tinghao.xia/Data_V1/test/9fm4
WOULD_CREATE	test	9FO8	/storage9920/home/tinghao.xia/Data_V1/test/9fo8
WOULD_CREATE	test	9FO9	/storage9920/home/tinghao.xia/Data_V1/test/9fo9
WOULD_CREATE	test	9G4I	/storage9920/home/tinghao.xia/Data_V1/test/9g4i
WOULD_CREATE	test	9G4R	/storage9920/home/tinghao.xia/Data_V1/test/9g4r
WOULD_CREATE	test	9G7C	/storage9920/home/tinghao.xia/Data_V1/test/9g7c
WOULD_CREATE	test	9HRF	/storage9920/home/tinghao.xia/Data_V1/test/9hrf
WOULD_CREATE	test	9HRO	/storage9920/home/tinghao.xia/Data_V1/test/9hro
WOULD_CREATE	test	9IO0	/storage9920/home/tinghao.xia/Data_V1/test/9io0
WOULD_CREATE	test	9IO1	/storage9920/home/tinghao.xia/Data_V1/test/9io1
WOULD_CREATE	test	9IOR	/storage9920/home/tinghao.xia/Data_V1/test/9ior
WOULD_CREATE	test	9IOS	/storage9920/home/tinghao.xia/Data_V1/test/9ios
WOULD_CREATE	test	9IOU	/storage9920/home/tinghao.xia/Data_V1/test/9iou
WOULD_CREATE	test	9ISV	/storage9920/home/tinghao.xia/Data_V1/test/9isv
WOULD_CREATE	test	9J4N	/storage9920/home/tinghao.xia/Data_V1/test/9j4n
WOULD_CREATE	test	9J4O	/storage9920/home/tinghao.xia/Data_V1/test/9j4o
WOULD_CREATE	test	9K9G	/storage9920/home/tinghao.xia/Data_V1/test/9k9g
WOULD_CREATE	test	9K9K	/storage9920/home/tinghao.xia/Data_V1/test/9k9k
WOULD_CREATE	test	9KGG	/storage9920/home/tinghao.xia/Data_V1/test/9kgg
WOULD_CREATE	test	9L8F	/storage9920/home/tinghao.xia/Data_V1/test/9l8f
WOULD_CREATE	test	9LEC	/storage9920/home/tinghao.xia/Data_V1/test/9lec
WOULD_CREATE	test	9LEL	/storage9920/home/tinghao.xia/Data_V1/test/9lel
WOULD_CREATE	test	9LHK	/storage9920/home/tinghao.xia/Data_V1/test/9lhk
WOULD_CREATE	test	9LKE	/storage9920/home/tinghao.xia/Data_V1/test/9lke
WOULD_CREATE	test	9M79	/storage9920/home/tinghao.xia/Data_V1/test/9m79
WOULD_CREATE	test	9MDW	/storage9920/home/tinghao.xia/Data_V1/test/9mdw
WOULD_CREATE	test	9MDX	/storage9920/home/tinghao.xia/Data_V1/test/9mdx
WOULD_CREATE	test	9MDY	/storage9920/home/tinghao.xia/Data_V1/test/9mdy
WOULD_CREATE	test	9MFH	/storage9920/home/tinghao.xia/Data_V1/test/9mfh
WOULD_CREATE	test	9MQT	/storage9920/home/tinghao.xia/Data_V1/test/9mqt
WOULD_CREATE	test	9NAM	/storage9920/home/tinghao.xia/Data_V1/test/9nam
WOULD_CREATE	test	9NBC	/storage9920/home/tinghao.xia/Data_V1/test/9nbc
WOULD_CREATE	test	9NDV	/storage9920/home/tinghao.xia/Data_V1/test/9ndv
WOULD_CREATE	test	9OBM	/storage9920/home/tinghao.xia/Data_V1/test/9obm
WOULD_CREATE	test	9OD4	/storage9920/home/tinghao.xia/Data_V1/test/9od4
WOULD_CREATE	test	9PDE	/storage9920/home/tinghao.xia/Data_V1/test/9pde
WOULD_CREATE	test	9QTJ	/storage9920/home/tinghao.xia/Data_V1/test/9qtj
WOULD_CREATE	test	9QZJ	/storage9920/home/tinghao.xia/Data_V1/test/9qzj
WOULD_CREATE	test	9R7Q	/storage9920/home/tinghao.xia/Data_V1/test/9r7q
WOULD_CREATE	test	9R7W	/storage9920/home/tinghao.xia/Data_V1/test/9r7w
WOULD_CREATE	test	9SY8	/storage9920/home/tinghao.xia/Data_V1/test/9sy8
WOULD_CREATE	test	9UUG	/storage9920/home/tinghao.xia/Data_V1/test/9uug
WOULD_CREATE	test	9UW0	/storage9920/home/tinghao.xia/Data_V1/test/9uw0
WOULD_CREATE	test	9W1L	/storage9920/home/tinghao.xia/Data_V1/test/9w1l
WOULD_CREATE	test	9X6B	/storage9920/home/tinghao.xia/Data_V1/test/9x6b
WOULD_CREATE	test	9Z6I	/storage9920/home/tinghao.xia/Data_V1/test/9z6i
WOULD_CREATE	test	9ZC9	/storage9920/home/tinghao.xia/Data_V1/test/9zc9
