PDB_ID	RELEASE_DATE	INITIAL_SPLIT	RNA_ENTITY_COUNT	RNA_CHAIN_COUNT	RESOLUTION_ANGSTROM
10ZT	2026-05-27	test	1	1	2.9
10ZU	2026-05-27	test	1	1	4.0
11AG	2026-05-27	test	1	2	4.8
11EH	2026-05-27	test	1	1	4.7
12CI	2026-05-13	test	1	2	2.5
12CJ	2026-05-13	test	1	2	2.93
157D	1994-05-31	train	1	2	1.8
165D	1994-08-31	train	1	2	1.55
17RA	1999-04-20	train	1	1	
1A3M	1998-04-29	train	2	2	
1A4D	1998-04-29	train	2	2	
1A51	1998-05-27	train	1	1	
1A60	1998-05-27	train	1	1	
1A9L	1998-06-17	train	1	1	
1AFX	1997-05-15	train	1	1	
1AJF	1997-07-07	train	1	1	
1AJL	1997-07-07	train	2	2	
1AJT	1997-08-20	train	2	2	
1AJU	1997-12-17	train	1	1	
1AKX	1997-11-19	train	1	1	
1AL5	1997-12-17	train	1	2	
1AM0	1997-07-23	train	1	1	
1ANR	1997-01-11	train	1	1	
1AQO	1998-02-04	train	1	1	
1ARJ	1996-11-08	train	1	1	
1ATO	1997-11-12	train	1	1	
1ATV	1998-02-25	train	1	1	
1ATW	1998-02-25	train	1	1	
1B36	1998-12-23	train	1	1	
1BAU	1999-04-27	train	1	2	
1BGZ	1999-01-13	train	1	1	
1BJ2	1999-02-02	train	2	2	
1BN0	1999-04-27	train	1	1	
1BVJ	1998-12-09	train	1	1	
1BYJ	1999-10-29	train	1	1	
1BZ2	1999-04-27	train	1	1	
1BZ3	1999-04-27	train	1	1	
1BZT	1999-04-27	train	1	1	
1BZU	1999-04-27	train	1	1	
1C0O	1999-08-31	train	1	1	
1C2W	2000-04-10	train	1	1	7.5
1C2X	2000-04-10	train	1	1	7.5
1C4L	2000-08-09	train	2	2	
1CQ5	1999-08-23	train	1	1	
1CQL	2000-01-14	train	1	1	
1CSL	2000-02-14	train	2	2	1.6
1D0T	2000-05-24	train	1	1	
1D0U	2000-05-24	train	1	1	
1D4R	1999-12-02	train	2	3	2.0
1DDY	2000-01-01	train	1	4	3.0
1DQF	2000-11-13	train	2	2	2.2
1DQH	2000-11-13	train	2	2	1.7
1DUH	2000-05-08	train	1	1	2.7
1DUQ	2000-05-16	train	2	8	2.1
1E4P	2001-01-16	train	1	1	
1E95	2001-08-23	train	1	1	
1EBQ	1997-07-07	train	1	1	
1EBR	1997-07-07	train	1	1	
1EBS	1997-07-07	train	1	1	
1EHT	1997-12-24	train	1	1	
1EHZ	2000-10-02	train	1	1	1.8
1EI2	2000-03-06	train	1	1	
1EKA	2000-11-13	train	1	2	
1EKD	2000-11-13	train	1	2	
1ELH	1994-01-31	train	2	2	
1ESH	2000-04-24	train	1	1	
1ESY	2000-05-31	train	1	1	
1ET4	2000-11-13	train	1	5	2.3
1EVV	2000-05-01	train	1	1	2.0
1F1T	2000-09-04	train	1	1	2.8
1F27	2000-06-12	train	2	2	1.3
1F5G	2000-06-26	train	1	2	
1F5H	2000-06-26	train	1	2	
1F5U	2000-08-21	train	1	2	
1F6X	2000-10-09	train	1	1	
1F6Z	2000-10-09	train	1	1	
1F78	2000-10-09	train	1	1	
1F79	2000-10-09	train	1	1	
1F7F	2000-10-09	train	1	1	
1F7G	2000-10-09	train	1	1	
1F7H	2000-10-09	train	1	1	
1F7I	2000-10-09	train	1	1	
1F84	2000-11-17	train	1	1	
1F85	2000-11-17	train	1	1	
1F9L	2000-07-26	train	1	1	
1FCW	2000-08-11	train	1	5	17.0
1FEQ	2000-11-22	train	1	1	
1FG0	2000-08-28	train	2	2	2.8
1FHK	2001-03-21	train	1	1	
1FIR	2001-01-17	train	1	1	3.3
1FL8	2000-10-16	train	1	1	
1FMN	1996-07-11	train	1	1	
1FOQ	2000-12-22	train	1	5	20.0
1FQZ	2001-01-17	train	1	1	
1FUF	2001-11-09	train	1	2	1.7
1FYO	2001-03-14	train	1	1	
1FYP	2001-03-14	train	1	1	
1G2J	2000-12-06	train	1	1	1.97
1G3A	2001-08-01	train	1	2	
1GID	1996-12-31	train	1	2	2.5
1GRZ	1998-11-24	train	1	2	5.0
1GUC	1997-02-12	train	1	2	
1H0Q	2003-07-17	train	2	2	
1H1K	2002-09-26	train	6	6	3.5
1HLX	1995-09-15	train	1	1	
1HR2	2001-04-12	train	1	2	2.25
1HS1	2003-09-02	train	1	1	
1HS2	2001-08-29	train	1	1	
1HS3	2003-09-02	train	1	1	
1HS4	2003-09-02	train	1	1	
1HS8	2003-09-02	train	1	1	
1HWQ	2001-05-16	train	1	1	
1I3X	2001-04-04	train	1	1	
1I3Y	2001-04-04	train	1	1	
1I46	2001-04-21	train	1	1	
1I4B	2001-04-21	train	1	1	
1I4C	2001-04-21	train	1	1	
1I7J	2001-09-21	train	1	2	1.19
1I9K	2001-05-30	train	1	4	
1I9V	2001-06-04	train	1	1	2.6
1I9X	2001-09-05	train	1	2	2.0
1IDV	2001-10-05	train	1	1	
1IE1	2001-06-20	train	1	1	
1IE2	2001-06-20	train	1	1	
1IK1	2001-07-18	train	1	1	
1IK5	2001-11-09	train	2	2	1.8
1IKD	1997-04-01	train	1	1	
1J4Y	2002-07-17	train	1	1	
1J6S	2003-08-05	train	1	4	1.4
1J7T	2002-05-18	train	1	2	2.5
1J8G	2001-11-23	train	1	4	0.61
1J9H	2001-10-26	train	1	4	1.4
1JO7	2001-09-19	train	1	1	
1JOX	2002-05-01	train	1	1	
1JP0	2002-05-01	train	1	1	
1JTJ	2002-12-11	train	1	1	
1JTW	2001-12-12	train	1	1	
1JU1	2002-08-23	train	1	2	
1JU7	2002-03-20	train	1	1	
1JUR	2002-01-16	train	1	1	
1JWC	2002-03-20	train	1	1	
1JZC	2003-10-07	train	1	1	
1JZV	2003-11-11	train	2	4	1.7
1K2G	2002-05-08	train	1	1	
1K4A	2001-12-19	train	1	1	
1K4B	2001-12-19	train	1	1	
1K5I	2001-10-17	train	1	1	
1K6G	2001-12-19	train	1	1	
1K6H	2001-12-19	train	1	1	
1K8S	2001-11-14	train	2	2	
1K9W	2001-11-30	train	1	4	2.9
1KAJ	1996-07-11	train	1	1	
1KD3	2003-03-04	train	1	2	1.8
1KD4	2003-03-04	train	1	2	1.85
1KD5	2003-03-04	train	1	2	1.58
1KFO	2001-12-07	train	1	1	1.6
1KH6	2002-04-26	train	1	1	2.8
1KIS	1997-10-15	train	2	2	
1KKA	2002-07-17	train	1	1	
1KKS	2002-03-13	train	1	1	
1KOC	1996-08-17	train	2	2	
1KOD	1996-11-08	train	2	2	
1KOS	1999-10-22	train	1	1	
1KP7	2002-04-10	train	1	1	
1KPD	1997-04-01	train	1	1	
1KPY	2002-01-11	train	1	1	
1KPZ	2002-01-11	train	1	1	
1KXK	2002-03-22	train	1	1	3.0
1L1W	2002-05-22	train	1	1	
1L2X	2002-03-22	train	1	1	1.25
1L3D	2002-03-22	train	1	1	2.85
1L3Z	2003-02-25	train	1	2	2.01
1L8V	2002-08-23	train	1	2	2.8
1LC4	2003-04-08	train	1	2	2.54
1LC6	2002-05-29	train	1	1	
1LDZ	1998-11-25	train	1	1	
1LMV	2002-11-27	train	2	2	
1LNT	2003-06-03	train	2	2	1.7
1LPW	2002-11-27	train	2	2	
1LU3	2002-06-26	train	1	1	16.8
1LUU	2003-09-09	train	1	1	
1LUX	2003-09-09	train	1	1	
1LVJ	2002-12-11	train	1	1	
1M5L	2002-09-18	train	1	1	
1M82	2003-06-03	train	1	1	
1MDG	2003-08-12	train	1	1	1.5
1ME1	2003-08-19	train	1	1	
1MFJ	2002-11-06	train	1	1	
1MFK	2002-11-13	train	1	1	
1MFY	2002-09-18	train	1	1	
1MHK	2002-09-06	train	2	2	2.5
1MIS	1997-07-07	train	1	2	
1MME	1996-02-06	train	2	4	3.1
1MNX	2003-01-14	train	1	1	
1MSY	2003-02-25	train	1	1	1.4
1MT4	2003-01-14	train	1	1	
1MUV	2002-12-18	train	1	2	
1MV1	2002-12-18	train	1	2	
1MV2	2002-12-18	train	1	2	
1MV6	2002-12-18	train	1	2	
1MWG	1997-03-12	train	1	2	
1MWL	2003-02-18	train	1	2	2.4
1MY9	2003-10-07	train	1	2	
1N53	2003-04-29	train	2	2	
1N66	2003-08-19	train	1	1	
1N8X	2003-04-08	train	1	1	
1NA2	2003-01-21	train	1	1	
1NBK	2003-12-03	train	1	1	
1NBR	2003-03-04	train	1	1	
1NBS	2003-02-18	train	1	2	3.15
1NC0	2003-02-25	train	1	1	
1NEM	1999-08-31	train	1	1	
1NJN	2003-02-11	train	1	1	3.7
1NJO	2003-02-11	train	2	2	3.5
1NLC	2003-05-13	train	1	2	1.85
1NTA	2003-05-13	train	2	2	2.9
1NTB	2003-05-13	train	2	2	2.85
1NUJ	2003-08-19	train	2	8	1.8
1NUV	2003-08-19	train	2	8	1.8
1NYI	2004-02-24	train	2	2	2.85
1NZ1	2003-05-13	train	1	1	
1O15	2003-02-18	train	1	1	
1O3Z	2003-05-27	train	1	2	2.65
1O9M	2003-03-27	train	1	2	2.4
1OQ0	2003-05-13	train	1	1	
1OSU	1996-04-04	train	1	1	1.4
1OSW	2003-05-20	train	1	1	
1OW9	2003-05-20	train	1	1	
1P5M	2003-11-04	train	1	1	
1P5N	2003-11-04	train	1	1	
1P5O	2003-11-04	train	1	1	
1P5P	2003-11-04	train	1	1	
1P79	2003-11-04	train	1	1	1.1
1P9X	2003-08-05	train	1	1	3.4
1PBL	1997-07-07	train	1	2	
1PBM	1997-07-07	train	1	2	
1PBR	1997-09-17	train	1	1	
1PJY	2003-08-05	train	1	1	
1Q29	2004-02-24	train	2	2	3.0
1Q75	2003-12-23	train	1	1	
1Q8N	2004-03-23	train	1	1	
1Q93	2003-11-25	train	1	3	2.25
1Q96	2003-11-25	train	1	3	1.75
1Q9A	2003-11-25	train	1	1	1.04
1QBP	1999-11-26	train	1	6	2.1
1QC0	1999-11-11	train	4	4	1.55
1QC8	1999-08-31	train	1	1	
1QCU	1999-11-11	train	2	4	1.2
1QD3	2000-07-12	train	1	1	
1QES	1997-06-05	train	1	2	
1QET	1997-06-05	train	1	2	
1QWA	2003-11-25	train	1	1	
1QWB	2003-11-25	train	1	1	
1QZA	2003-11-04	train	1	1	10.0
1QZB	2003-11-04	train	1	1	9.0
1R2P	2004-02-03	train	1	1	
1R3O	2003-12-23	train	2	4	1.9
1R4H	2004-10-19	train	1	1	
1R7W	2004-05-25	train	1	1	
1R7Z	2004-05-25	train	1	1	
1RAU	1994-01-31	train	1	4	
1RAW	1997-01-27	train	1	1	
1RFR	2004-03-23	train	1	1	
1RHT	1995-06-03	train	1	1	
1RMN	1995-01-26	train	1	1	
1RNA	1991-04-15	train	1	2	2.25
1RNG	1995-12-07	train	1	1	
1RNK	1995-02-27	train	1	1	
1ROQ	2004-05-18	train	1	1	
1RRR	1998-04-22	train	2	2	
1RXA	1996-10-20	train	1	1	2.9
1RXB	1996-08-26	train	1	2	1.8
1S2F	2004-08-31	train	1	1	
1S34	2004-08-31	train	1	1	
1S9L	2004-06-29	train	1	4	
1S9S	2004-04-06	train	1	1	
1SA9	2004-05-18	train	1	5	2.8
1SAQ	2004-05-18	train	1	5	2.7
1SCL	1995-01-26	train	1	1	
1SDR	1995-02-27	train	2	4	2.6
1SLO	1996-12-07	train	1	1	
1SLP	1997-04-21	train	1	1	
1SY4	2004-04-06	train	1	1	
1SYZ	2004-11-09	train	1	1	
1SZY	2004-04-20	train	1	1	
1T0D	2004-06-15	train	2	4	2.2
1T0E	2004-06-15	train	2	2	1.7
1T1O	2004-06-15	train	3	3	12.0
1T28	2004-08-10	train	1	1	
1T4X	2004-08-03	train	1	2	
1TBK	2005-03-01	train	1	1	
1TFN	1997-02-12	train	1	1	
1TJZ	2004-09-28	train	1	1	
1TLR	1997-11-12	train	1	1	
1TN1	1987-01-15	train	1	1	3.0
1TN2	1986-10-24	train	1	1	3.0
1TOB	1997-06-16	train	1	1	
1TRA	1986-07-14	train	1	1	3.0
1TUT	2004-12-28	train	2	2	
1TXS	2004-10-05	train	1	1	
1U2A	1998-03-04	train	1	1	
1U3K	2005-07-12	train	1	1	
1U9S	2004-10-26	train	1	1	2.9
1UTS	2004-02-12	train	1	1	
1UUD	2004-03-15	train	1	1	
1UUI	2004-02-12	train	1	1	
1UUU	1998-02-25	train	1	1	
1VOP	1997-12-24	train	1	1	
1VTQ	2011-07-13	train	1	1	3.0
1WKS	2004-06-22	train	1	1	
1WTS	1999-01-27	train	1	1	
1WTT	1999-01-27	train	1	1	
1WVD	2004-12-21	train	1	2	2.93
1X8W	2004-11-09	train	1	4	3.8
1X9C	2005-11-22	train	4	4	2.19
1X9K	2005-11-22	train	4	4	3.17
1XHP	2004-11-23	train	1	1	
1XJR	2005-02-01	train	1	1	2.7
1XP7	2005-10-18	train	1	2	2.5
1XPE	2005-10-18	train	1	2	1.94
1XPF	2005-10-18	train	1	2	2.3
1XSG	2004-12-28	train	1	1	
1XSH	2004-12-28	train	1	1	
1XST	2004-12-28	train	1	1	
1XSU	2004-12-28	train	1	1	
1XV0	2004-11-09	train	2	2	
1XV6	2005-04-05	train	1	1	
1XWP	2005-02-15	train	1	1	
1XWU	2005-02-15	train	1	1	
1Y0Q	2004-12-21	train	2	2	3.6
1Y26	2004-12-28	train	1	1	2.1
1Y27	2004-12-28	train	1	1	2.4
1Y3O	2005-11-08	train	1	2	2.7
1Y3S	2005-11-08	train	1	2	2.25
1Y6S	2004-12-21	train	1	2	2.8
1Y6T	2004-12-21	train	1	2	2.53
1Y73	2004-12-21	train	1	2	2.9
1Y90	2004-12-21	train	1	2	3.08
1Y95	2004-12-21	train	1	2	2.8
1Y99	2004-12-21	train	1	2	2.2
1YFG	1997-09-03	train	1	1	3.0
1YFV	1997-10-15	train	1	2	
1YG3	2005-12-13	train	1	1	
1YG4	2005-12-13	train	1	1	
1YKQ	2005-02-22	train	2	4	3.5
1YKV	2005-02-22	train	2	4	3.3
1YLG	2005-02-01	train	1	1	
1YLS	2005-02-22	train	2	4	3.0
1YMO	2005-03-15	train	1	1	
1YN1	2006-01-24	train	1	1	
1YN2	2006-01-24	train	1	1	
1YNC	2005-02-08	train	1	1	
1YNE	2005-02-08	train	1	1	
1YNG	2005-02-08	train	1	1	
1YRJ	2005-06-07	train	1	2	2.7
1YSV	2005-07-19	train	1	1	
1YXP	2006-01-31	train	1	2	2.4
1YY0	2005-10-18	train	2	3	2.9
1YZD	2005-10-18	train	1	3	2.18
1Z2J	2005-06-14	train	1	1	
1Z30	2005-04-26	train	1	1	
1Z31	2005-03-22	train	1	1	
1Z43	2005-06-14	train	1	1	2.6
1Z58	2005-06-28	train	1	1	3.8
1Z79	2005-10-18	train	1	3	2.5
1Z7F	2005-10-18	train	1	3	2.0
1ZC5	2005-06-07	train	1	1	
1ZCI	2006-01-31	train	1	4	1.65
1ZEV	2005-10-25	train	1	2	1.58
1ZFT	2006-02-14	train	4	4	2.33
1ZFV	2006-02-14	train	4	4	2.4
1ZFX	2006-02-14	train	4	4	2.38
1ZIF	1997-03-12	train	1	1	
1ZIG	1997-03-12	train	1	1	
1ZIH	1997-03-12	train	1	1	
1ZO3	2005-06-14	train	1	2	13.8
1ZX7	2005-09-20	train	2	8	2.15
1ZZ5	2005-09-20	train	2	4	3.0
205D	1995-09-15	train	1	2	2.64
21CC	2025-12-17	test	1	2	
21ET	2026-07-15	test	1	6	2.8
23JY	2026-05-06	test	1	2	2.8
23JZ	2026-05-06	test	1	1	2.9
23KA	2026-05-06	test	1	3	2.59
255D	1995-02-07	train	1	1	2.0
259D	1996-08-26	train	1	2	1.46
25SJ	2026-04-29	test	1	2	
25SM	2026-04-29	test	1	2	
280D	1996-09-30	train	1	4	2.4
283D	1996-09-30	train	1	1	2.3
28SP	1999-04-12	train	1	1	
28SR	1999-04-20	train	1	1	
299D	1997-01-24	train	2	2	3.0
2A04	2005-09-20	train	2	4	2.95
2A0P	2005-08-16	train	1	2	1.95
2A2E	2005-09-06	train	1	1	3.85
2A43	2005-09-27	train	1	1	1.34
2A64	2005-09-20	train	1	1	3.3
2A9L	1998-06-17	train	1	1	
2ADT	2005-07-26	train	1	2	
2AGN	2006-07-25	train	5	5	15.0
2AHT	2006-10-17	train	1	1	
2AO5	2006-03-28	train	1	4	2.1
2AP0	2006-09-05	train	1	1	
2AP5	2006-09-05	train	1	1	
2AU4	2006-03-28	train	1	1	
2AWE	2006-02-07	train	1	8	2.1
2AWQ	2006-01-17	train	1	1	
2B57	2006-05-23	train	1	1	2.15
2B7G	2006-01-24	train	1	1	
2B8R	2005-10-25	train	1	2	2.6
2B8S	2005-10-25	train	1	2	2.76
2BCY	2006-02-14	train	4	4	2.7
2BCZ	2006-02-14	train	4	4	2.4
2BE0	2005-12-20	train	1	2	2.63
2BEE	2005-12-20	train	1	2	2.54
2BJ2	1999-02-02	train	2	2	
2CD1	2007-05-01	train	1	1	
2CD3	2007-05-01	train	1	1	
2CD5	2007-05-01	train	1	1	
2CD6	2007-05-01	train	1	1	
2CKY	2006-05-08	train	1	2	2.9
2D17	2005-11-01	train	2	2	
2D18	2005-11-01	train	1	2	
2D19	2005-11-01	train	1	2	
2D1A	2005-11-01	train	1	2	
2D1B	2005-11-01	train	1	2	
2D2K	2005-11-01	train	4	4	2.65
2D2L	2005-11-01	train	4	4	2.5
2DD1	2006-06-13	train	2	2	
2DD2	2006-06-13	train	2	2	
2DD3	2006-06-13	train	2	2	
2EES	2007-11-13	train	1	1	1.75
2EET	2007-11-13	train	1	1	1.95
2EEU	2007-11-13	train	1	1	1.95
2EEV	2007-11-13	train	1	1	1.95
2EEW	2007-11-13	train	1	1	2.0
2ES5	2006-01-24	train	1	1	
2ESI	2005-12-20	train	1	2	2.9
2ESJ	2005-12-20	train	1	2	2.1
2ET3	2005-12-13	train	1	2	2.8
2ET4	2005-12-13	train	1	2	2.3
2ET5	2005-12-13	train	1	2	2.1
2ET8	2005-12-13	train	1	2	2.4
2EUY	2006-01-03	train	1	1	
2EVY	2006-08-22	train	1	1	
2F4S	2006-05-02	train	1	2	2.8
2F4T	2006-05-02	train	2	2	3.0
2F4U	2006-05-02	train	1	2	2.6
2F4X	2006-02-28	train	1	2	
2F87	2006-08-08	train	1	1	
2F88	2006-02-28	train	1	1	
2FCX	2006-05-16	train	1	2	2.0
2FCY	2006-05-16	train	1	2	2.2
2FCZ	2006-05-16	train	1	4	2.01
2FD0	2006-05-16	train	1	2	1.8
2FDT	2006-12-05	train	1	1	
2FEY	2006-06-27	train	1	1	
2FGP	2006-02-14	train	4	4	2.4
2FQN	2006-02-14	train	1	2	2.3
2G1G	2006-06-20	train	1	1	
2G1W	2006-04-11	train	1	1	
2G32	2006-05-30	train	2	4	1.3
2G3S	2007-01-16	train	1	10	1.499
2G5K	2006-06-20	train	1	2	2.8
2G91	2007-04-03	train	1	2	1.5
2G92	2006-04-18	train	1	2	1.61
2G9C	2006-11-21	train	1	1	1.58
2GBH	2006-04-11	train	1	1	
2GCS	2006-09-26	train	2	2	2.1
2GCV	2006-09-26	train	2	2	2.1
2GDI	2006-07-04	train	1	2	2.05
2GIO	2006-06-20	train	1	1	
2GIP	2006-06-20	train	1	1	
2GIS	2006-07-04	train	1	1	2.9
2GM0	2006-04-25	train	1	2	
2GPM	2006-06-27	train	2	4	1.4
2GQ4	2006-06-27	train	2	4	1.35
2GQ5	2006-06-27	train	2	4	1.4
2GQ6	2006-06-27	train	2	4	1.3
2GQ7	2006-06-27	train	2	4	1.6
2GRB	2006-11-21	train	1	8	1.4
2GRW	2007-03-06	train	1	1	
2GV3	2006-08-08	train	1	1	
2GV4	2007-03-20	train	1	1	
2GVO	2007-05-08	train	1	1	
2H0W	2006-09-26	train	2	2	2.4
2H0X	2006-09-26	train	2	2	2.3
2H1M	2006-07-18	train	1	2	2.9
2H49	2006-11-21	train	2	2	
2HEM	2006-09-12	train	1	1	
2HNS	2006-10-31	train	1	1	
2HO6	2006-09-26	train	2	2	2.8
2HO7	2006-09-26	train	2	2	2.9
2HOJ	2006-09-19	train	1	1	2.5
2HOK	2006-09-19	train	1	1	3.2
2HOL	2006-09-19	train	1	1	2.9
2HOM	2006-09-19	train	1	1	2.89
2HOO	2006-09-19	train	1	1	3.0
2HOP	2006-09-19	train	1	1	3.3
2HUA	2007-04-17	train	1	1	
2I7E	2007-04-03	train	1	2	
2I7Z	2007-04-03	train	1	2	
2IL9	2007-02-13	train	1	2	3.1
2IRN	2007-02-20	train	1	2	
2IRO	2007-02-20	train	1	2	
2IXY	2006-09-06	train	1	1	
2IXZ	2006-09-06	train	1	1	
2JJA	2008-07-22	train	1	1	1.3
2JLT	2009-08-18	train	2	2	2.9
2JR4	2007-07-24	train	1	1	
2JRG	2007-07-24	train	1	1	
2JRQ	2007-07-24	train	1	1	
2JSE	2007-11-20	train	1	1	
2JSG	2007-08-07	train	1	1	
2JTP	2007-10-02	train	1	1	
2JUK	2007-11-20	train	1	1	
2JWV	2008-01-08	train	1	1	
2JXQ	2008-05-20	train	2	2	
2JXS	2008-05-20	train	2	2	
2JXV	2008-04-29	train	1	1	
2JYF	2008-10-07	train	1	2	
2JYH	2008-10-07	train	1	2	
2JYJ	2008-10-07	train	1	2	
2JYM	2008-04-29	train	1	1	
2K3Z	2008-11-04	train	2	2	
2K41	2008-11-04	train	2	2	
2K4C	2008-12-09	train	1	1	
2K5Z	2009-07-14	train	1	1	
2K65	2009-07-14	train	2	2	
2K66	2009-07-14	train	1	1	
2K7E	2008-10-07	train	2	2	
2K95	2008-11-25	train	1	1	
2K96	2008-11-25	train	1	1	
2KBP	2009-03-24	train	1	2	
2KD4	2009-04-07	train	1	2	
2KD8	2010-01-19	train	1	1	
2KE6	2010-01-26	train	1	1	
2KEZ	2009-07-21	train	1	1	
2KF0	2009-07-21	train	1	1	
2KGP	2009-06-02	train	1	1	
2KHY	2010-02-16	train	1	1	
2KOC	2009-12-01	train	1	1	
2KP3	2010-02-09	train	2	2	
2KPC	2010-06-30	train	1	1	
2KPD	2010-06-30	train	1	1	
2KPV	2010-08-04	train	1	1	
2KRL	2011-02-09	train	1	1	
2KRP	2010-12-01	train	1	1	
2KRQ	2010-12-01	train	1	1	
2KRV	2010-12-01	train	1	1	
2KRW	2010-12-01	train	1	1	
2KRY	2010-08-18	train	1	1	
2KRZ	2010-08-18	train	1	1	
2KTZ	2010-04-28	train	1	1	
2KU0	2010-04-28	train	1	1	
2KUR	2010-05-19	train	1	1	
2KUU	2010-05-19	train	1	1	
2KUV	2010-05-19	train	1	1	
2KUW	2010-05-19	train	1	1	
2KVN	2010-07-07	train	1	1	
2KWG	2010-07-21	train	2	2	
2KX8	2010-09-08	train	1	1	
2KXM	2011-04-20	train	1	1	
2KXZ	2010-06-02	train	1	2	
2KY0	2010-06-02	train	1	2	
2KY1	2010-06-02	train	1	2	
2KY2	2010-06-02	train	1	2	
2KYD	2010-07-07	train	1	2	
2KYE	2010-06-30	train	1	1	
2KZL	2011-02-23	train	1	1	
2L1F	2010-10-27	train	2	2	
2L1V	2010-09-01	train	1	1	
2L2J	2010-10-27	train	1	1	
2L3E	2010-11-17	train	1	1	
2L5Z	2011-02-16	train	1	1	
2L6I	2011-03-23	train	1	1	
2L8C	2011-02-23	train	1	2	
2L8F	2011-08-31	train	2	2	
2L8H	2011-03-23	train	1	1	
2L8U	2011-02-23	train	1	2	
2L8W	2011-02-23	train	1	2	
2L94	2011-06-15	train	1	1	
2L9E	2011-03-02	train	1	1	
2LA9	2011-08-03	train	1	1	
2LAC	2011-08-03	train	1	1	
2LBJ	2012-04-04	train	1	1	
2LBK	2012-04-04	train	1	1	
2LBL	2012-04-04	train	1	1	
2LBQ	2011-08-03	train	1	1	
2LBR	2011-08-03	train	1	1	
2LC8	2011-11-23	train	1	1	
2LDL	2011-12-28	train	1	1	
2LDT	2011-09-07	train	1	1	
2LDZ	1999-02-23	train	1	1	
2LHP	2012-07-25	train	1	1	
2LI4	2012-08-22	train	1	1	
2LJJ	2012-09-19	train	1	1	
2LK3	2012-02-22	train	1	1	
2LKR	2012-02-22	train	1	1	
2LP9	2012-05-16	train	1	1	
2LPA	2012-05-16	train	1	1	
2LPS	2012-08-08	train	1	1	
2LPT	2012-08-08	train	1	1	
2LQZ	2012-08-01	train	1	1	
2LU0	2013-04-10	train	1	1	
2LUB	2012-07-25	train	1	1	
2LUN	2013-12-18	train	1	1	
2LV0	2013-06-26	train	1	1	
2LVY	2013-04-10	train	2	2	
2LWK	2012-08-29	train	1	1	
2LX1	2012-11-21	train	1	2	
2M12	2013-10-23	train	1	1	
2M18	2013-04-17	train	1	4	
2M1O	2013-02-13	train	2	2	
2M21	2013-03-20	train	1	1	
2M22	2013-03-20	train	1	1	
2M23	2013-12-18	train	2	2	
2M24	2013-12-18	train	1	1	
2M39	2013-11-27	train	1	2	
2M4Q	2013-03-20	train	1	1	
2M4W	2014-03-05	train	1	1	
2M57	2014-02-26	train	1	1	
2M58	2013-04-03	train	1	1	
2M5U	2014-04-02	train	1	1	
2M8K	2013-06-19	train	1	1	
2MEQ	2014-01-01	train	1	1	
2MER	2014-01-01	train	1	1	
2MFD	2014-10-15	train	1	1	
2MHI	2013-12-25	train	1	1	
2MI0	2014-01-15	train	2	2	
2MIS	2014-01-22	train	1	1	
2MIY	2014-01-29	train	1	1	
2MN0	2015-04-15	train	1	1	
2MNC	2014-10-01	train	1	1	
2MQT	2014-09-10	train	1	1	
2MS5	2015-01-28	train	1	2	
2MTJ	2014-10-22	train	1	1	
2MTK	2014-10-22	train	1	1	
2MVS	2015-09-16	train	1	2	
2MVY	2015-09-30	train	1	2	
2MXJ	2015-05-06	train	1	1	
2MXK	2015-05-06	train	2	2	
2MXL	2015-05-06	train	1	1	
2MXS	2015-12-09	train	1	1	
2N0J	2016-02-03	train	1	1	
2N0R	2015-05-20	train	1	1	
2N1Q	2015-05-27	train	1	1	
2N2O	2015-08-05	train	1	1	
2N2P	2015-08-05	train	1	1	
2N3Q	2015-07-15	train	1	1	
2N3R	2015-07-15	train	1	1	
2N4J	2015-07-29	train	1	2	
2N4L	2015-12-02	train	1	1	
2N6S	2016-08-03	train	1	1	
2N6T	2016-08-03	train	1	1	
2N6W	2016-08-03	train	1	1	
2N6X	2016-08-03	train	1	1	
2N7M	2015-12-30	train	1	1	
2N7X	2016-04-13	train	1	1	
2N8V	2015-11-11	train	1	1	
2NBX	2016-08-10	train	1	1	
2NBY	2016-08-10	train	1	1	
2NBZ	2016-08-10	train	1	1	
2NC0	2016-08-10	train	1	1	
2NC1	2016-08-10	train	1	1	
2NCI	2016-09-28	train	1	1	
2NCQ	2017-04-19	train	1	2	
2NCR	2017-04-19	train	1	2	
2NOK	2007-02-13	train	2	4	3.0
2NPY	2007-08-14	train	4	4	2.65
2NPZ	2007-08-14	train	4	4	3.35
2O32	2007-02-06	train	1	1	
2O33	2007-02-06	train	1	1	
2O3V	2007-11-06	train	1	2	2.8
2O3W	2007-11-06	train	1	2	2.8
2O3X	2007-11-06	train	1	2	2.9
2O3Y	2007-11-06	train	1	2	2.7
2O43	2007-12-04	train	1	1	3.6
2O44	2007-12-04	train	1	1	3.3
2O45	2007-12-04	train	1	1	3.6
2O81	2007-07-10	train	1	2	
2O83	2007-07-10	train	1	2	
2OE5	2007-02-13	train	2	2	1.5
2OE6	2007-02-13	train	2	2	2.4
2OE8	2007-02-13	train	2	2	1.8
2OEU	2007-02-20	train	2	2	2.0
2OIJ	2007-02-13	train	1	2	2.3
2OIU	2007-03-13	train	1	2	2.6
2OIY	2007-12-25	train	1	2	1.6
2OJ0	2007-12-25	train	1	2	2.6
2OJ7	2007-05-22	train	1	1	
2OJ8	2007-05-22	train	1	1	
2OOM	2008-01-29	train	2	2	
2OUE	2007-03-06	train	4	4	2.05
2P7F	2007-05-22	train	4	4	2.35
2P89	2007-04-03	train	2	2	
2PCV	2007-05-08	train	1	1	
2PCW	2007-05-08	train	2	2	
2PN3	2008-04-01	train	2	2	2.9
2PN4	2008-04-01	train	2	4	2.32
2PN9	2007-10-30	train	2	2	
2PWT	2007-09-18	train	1	2	1.8
2Q1O	2007-10-30	train	1	4	1.1
2Q1R	2007-10-30	train	1	1	1.12
2QBZ	2007-09-18	train	1	1	2.6
2QEK	2008-05-06	train	1	2	1.8
2QH2	2007-09-25	train	1	1	
2QH3	2007-09-25	train	1	1	
2QH4	2007-09-25	train	1	1	
2QUS	2008-07-15	train	1	2	2.4
2QUW	2008-07-15	train	2	4	2.2
2QWY	2008-01-22	train	1	3	2.8
2R1S	2007-09-25	train	1	2	1.4
2R20	2007-09-25	train	1	2	1.3
2R21	2007-09-25	train	1	2	1.59
2R22	2007-09-25	train	1	2	1.4
2RLU	2008-02-26	train	1	1	
2RN1	2008-09-23	train	2	2	
2RO2	2008-12-30	train	1	1	
2RP0	2009-03-31	train	1	1	
2RP1	2009-03-31	train	1	1	
2RPK	2008-12-30	train	1	1	
2RPT	2009-08-25	train	1	1	
2RQJ	2009-11-17	train	1	2	
2RRC	2011-06-29	train	1	1	
2RVO	2017-02-08	train	1	1	
2TOB	1999-06-22	train	1	1	
2TPK	1998-11-04	train	1	1	
2TRA	1987-11-06	train	1	1	3.0
2U2A	1998-03-04	train	1	1	
2V6W	2007-11-06	train	2	2	1.8
2V7R	2008-03-18	train	2	2	1.2
2VAL	2007-10-16	train	2	4	2.0
2VUQ	2009-03-10	train	2	2	1.18
2W89	2009-11-17	train	2	4	1.7
2WNA	2010-02-16	train	1	1	0.96
2X2Q	2011-02-16	train	2	4	1.9
2XC6	2011-05-04	train	1	1	1.83
2XEB	2010-05-26	train	2	2	
2XNW	2011-04-06	train	1	1	1.5
2XNZ	2011-04-06	train	1	1	1.59
2XO0	2011-04-06	train	1	1	1.7
2XO1	2011-04-06	train	1	1	1.6
2XSL	2011-08-10	train	2	4	1.59
2Y95	2011-10-26	train	1	1	
2YDH	2011-09-07	train	1	1	2.9
2YGH	2011-09-07	train	1	1	2.6
2YIE	2011-08-31	train	2	2	2.941
2YIF	2011-08-31	train	2	2	3.298
2Z9Q	2007-10-16	train	1	1	11.7
2ZY6	2009-06-30	train	1	1	1.75
300D	1997-01-24	train	2	2	3.0
301D	1997-01-24	train	2	2	3.0
30SC	2026-07-22	test	1	1	
310D	1997-06-24	train	1	2	1.3
333D	1997-10-16	train	1	1	2.52
353D	1997-11-10	train	2	2	2.4
354D	1997-11-26	train	2	2	1.5
357D	1997-12-01	train	3	3	3.5
359D	1997-11-07	train	2	2	2.9
361D	1998-07-01	train	1	2	2.8
364D	1998-01-02	train	3	3	2.98
36LC	2026-07-01	test	1	2	2.18
36LE	2026-07-01	test	1	4	1.73
36LL	2026-07-01	test	1	1	1.35
36LM	2026-07-01	test	1	2	1.42
377D	1998-08-10	train	1	4	1.76
379D	1998-02-11	train	2	2	3.1
387D	2003-08-26	train	1	1	3.1
397D	1998-09-11	train	2	2	1.3
3A3A	2009-08-11	train	1	1	3.1
3B31	2007-12-25	train	2	2	2.4
3B4A	2007-12-11	train	2	2	2.7
3B4B	2007-12-11	train	2	2	2.7
3B4C	2007-12-11	train	2	2	3.0
3B58	2008-08-12	train	3	3	2.65
3B5A	2008-08-12	train	3	3	2.35
3B5F	2008-08-12	train	3	3	2.7
3B5S	2008-08-12	train	3	3	2.25
3B91	2008-08-12	train	3	3	2.75
3BBI	2008-08-12	train	3	3	2.35
3BBK	2008-08-12	train	3	3	2.75
3BBM	2008-08-12	train	3	3	2.65
3BBV	2008-10-21	train	1	1	10.0
3BNL	2008-06-24	train	1	2	2.602
3BNN	2008-06-24	train	1	4	2.0
3BNO	2008-06-24	train	1	4	2.35
3BNP	2008-06-24	train	2	2	2.7
3BNQ	2008-06-24	train	2	4	2.0
3BNR	2008-06-24	train	3	4	2.1
3BNS	2008-06-24	train	3	4	1.9
3BNT	2008-06-24	train	1	1	2.3
3BWP	2008-04-15	train	1	1	3.1
3C44	2008-05-06	train	1	2	2.0
3CGP	2008-07-01	train	2	2	1.57
3CGQ	2008-07-01	train	2	2	2.5
3CGR	2008-07-01	train	2	2	2.1
3CGS	2008-07-01	train	2	2	1.65
3CJZ	2008-10-14	train	1	2	1.8
3CW5	2008-09-02	train	1	1	3.1
3CW6	2008-09-02	train	1	1	3.3
3CZW	2008-09-09	train	1	1	1.4
3D0M	2008-09-09	train	1	1	2.0
3D0U	2008-07-01	train	1	1	2.7
3D0X	2008-07-01	train	1	1	2.95
3D2G	2008-07-01	train	1	2	2.25
3D2V	2008-07-01	train	1	2	1.97
3D2X	2008-07-01	train	1	2	2.5
3DG0	2009-02-03	train	2	2	10.8
3DG2	2009-02-03	train	2	2	10.0
3DG4	2009-02-03	train	2	2	12.8
3DG5	2009-02-03	train	2	2	15.5
3DHS	2009-01-27	train	1	1	3.6
3DIG	2008-09-16	train	1	1	2.8
3DIL	2008-09-16	train	1	1	1.9
3DIM	2008-09-16	train	1	1	2.9
3DIO	2008-09-16	train	1	1	2.4
3DIQ	2008-09-16	train	1	1	2.7
3DIR	2008-09-16	train	1	1	2.9
3DIS	2008-09-16	train	1	1	3.1
3DIX	2008-09-16	train	1	1	2.9
3DIY	2008-09-16	train	1	1	2.7
3DIZ	2008-09-16	train	1	1	2.85
3DJ0	2008-09-16	train	1	1	2.5
3DJ2	2008-09-16	train	1	1	2.5
3DS7	2009-02-17	train	1	2	1.85
3DVV	2008-08-12	train	1	2	2.0
3DVZ	2009-03-24	train	1	1	1.0
3DW4	2009-03-24	train	1	1	0.97
3DW5	2009-03-24	train	1	1	0.96
3DW6	2009-03-24	train	1	1	1.0
3DW7	2009-03-24	train	1	1	1.0
3E5C	2008-10-07	train	1	1	2.25
3E5E	2008-10-07	train	1	1	2.9
3E5F	2008-10-07	train	1	1	2.7
3EOG	2008-10-28	train	2	2	3.391
3EOH	2008-10-28	train	2	2	3.125
3F2Q	2009-01-27	train	1	1	2.95
3F2T	2009-01-27	train	1	1	3.0
3F2W	2009-01-27	train	1	1	3.45
3F2X	2009-01-27	train	1	1	3.1
3F2Y	2009-01-27	train	1	1	3.2
3F30	2009-01-27	train	1	1	3.15
3F4E	2009-01-27	train	2	2	3.05
3F4G	2009-01-27	train	2	2	3.0
3F4H	2009-01-27	train	2	2	3.0
3FAR	2009-11-24	train	1	2	2.35
3FO4	2009-06-23	train	1	1	1.8
3FO6	2009-06-23	train	1	1	1.85
3FS0	2009-02-24	train	2	2	2.3
3FTM	2009-02-24	train	2	4	2.7
3FU2	2009-03-03	train	1	3	2.85
3FWO	2010-01-19	train	2	2	3.7
3G4M	2009-06-23	train	1	1	2.4
3G78	2010-02-16	train	2	2	2.8
3GAO	2009-06-23	train	1	1	1.9
3GCA	2009-03-03	train	1	1	2.75
3GER	2009-06-23	train	1	1	1.56
3GES	2009-06-23	train	1	1	2.15
3GLP	2009-05-26	train	1	5	1.23
3GM7	2009-05-26	train	1	2	1.58
3GOG	2009-06-23	train	1	1	2.1
3GOT	2009-06-23	train	1	1	1.95
3GS1	2009-05-12	train	4	4	2.85
3GS5	2009-04-21	train	2	2	2.75
3GS8	2009-04-21	train	4	4	2.85
3GVN	2009-07-28	train	2	2	1.2
3GX2	2010-01-12	train	1	1	2.9
3GX3	2010-01-12	train	1	1	2.7
3GX5	2010-01-12	train	1	1	2.4
3GX6	2010-01-12	train	1	1	2.8
3GX7	2010-01-12	train	1	1	2.95
3HGA	2009-08-18	train	1	1	1.3
3IBK	2010-05-12	train	1	2	2.2
3IGI	2009-12-22	train	2	2	3.125
3IQN	2010-08-04	train	1	1	2.7
3IQP	2010-08-04	train	1	1	2.6
3IQR	2010-08-04	train	1	1	2.55
3IVN	2010-01-19	train	1	2	2.8
3IZD	2010-12-01	train	1	1	8.6
3J28	2013-01-16	train	1	1	12.9
3J29	2013-01-16	train	1	1	14.0
3J2A	2013-01-16	train	1	1	13.1
3J2B	2013-01-16	train	1	1	13.6
3J2C	2013-01-16	train	3	3	13.2
3J2D	2013-01-16	train	1	1	18.7
3J2E	2013-01-16	train	1	1	15.3
3J2F	2013-01-16	train	1	1	17.6
3J2G	2013-01-16	train	1	1	16.5
3J2H	2013-01-16	train	1	1	18.8
3JQ4	2010-09-08	train	2	2	3.5
3JXQ	2010-02-09	train	1	4	1.45
3JXR	2010-02-09	train	1	3	1.25
3K1V	2009-10-06	train	1	1	2.2
3L0U	2010-03-16	train	1	1	3.0
3LA5	2010-01-26	train	1	1	1.7
3LOA	2010-08-04	train	2	2	2.299
3MEI	2011-01-26	train	1	2	1.96
3MIJ	2011-02-16	train	1	1	2.4
3MJ3	2010-05-19	train	2	2	3.1
3MJA	2010-05-19	train	2	2	2.8
3MJB	2010-05-19	train	2	2	2.2
3ND3	2011-09-21	train	1	1	1.37
3ND4	2011-09-21	train	1	1	1.524
3NJ6	2010-08-25	train	1	1	0.95
3NJ7	2010-08-25	train	1	6	1.9
3NPN	2010-10-06	train	1	1	2.775
3NPQ	2010-10-06	train	1	3	1.95
3OWI	2010-12-29	train	2	2	2.845
3OWW	2010-12-29	train	2	2	2.8
3OWZ	2010-12-29	train	2	2	2.949
3OX0	2010-12-29	train	2	2	3.049
3OXB	2010-12-29	train	2	2	2.947
3OXD	2010-12-29	train	2	2	2.999
3OXE	2010-12-29	train	2	2	2.899
3OXJ	2010-12-29	train	1	2	3.2
3OXM	2010-12-29	train	2	2	2.95
3P22	2010-12-08	train	2	8	2.5
3P4A	2011-01-05	train	1	6	1.2
3P4B	2011-01-05	train	1	6	1.45
3P4C	2011-01-05	train	1	2	1.15
3P4D	2011-01-05	train	1	2	1.85
3P59	2011-04-06	train	2	8	2.157
3PDR	2011-02-23	train	1	2	1.853
3PHP	1998-10-21	train	1	1	
3Q3Z	2011-05-11	train	1	2	2.5
3Q50	2011-05-18	train	1	1	2.725
3Q51	2011-05-18	train	1	1	2.85
3R1C	2011-06-01	train	1	36	2.05
3R1D	2011-06-01	train	1	5	1.45
3R1E	2011-06-01	train	1	2	0.97
3R4F	2011-04-20	train	1	1	3.5
3RG5	2011-06-08	train	1	2	2.0
3RKF	2011-08-17	train	1	4	2.5
3S49	2011-06-29	train	1	7	2.2
3S4P	2011-09-21	train	1	2	2.56
3S7C	2012-04-11	train	1	1	1.1
3S8U	2012-04-11	train	1	1	1.2
3SD3	2011-09-21	train	1	1	1.95
3SJ2	2011-08-03	train	2	2	1.36
3SKI	2011-08-17	train	2	2	2.3
3SKL	2011-08-17	train	1	2	2.9
3SKR	2011-08-17	train	1	2	3.1
3SKT	2011-08-17	train	1	2	3.1
3SKW	2011-08-17	train	1	2	2.95
3SKZ	2011-08-17	train	1	2	2.6
3SLM	2011-08-17	train	1	2	2.7
3SLQ	2011-08-17	train	1	2	2.5
3SUH	2011-09-14	train	1	1	2.65
3SUX	2011-09-14	train	1	1	2.9
3SUY	2011-09-14	train	1	1	3.2
3SYW	2012-04-25	train	1	2	1.52
3SZX	2012-04-25	train	1	2	2.2
3T4B	2011-10-12	train	1	1	3.55
3TD0	2011-12-07	train	1	2	1.6
3TD1	2011-12-07	train	1	2	2.1
3TRA	1987-11-06	train	1	1	3.0
3TZR	2012-03-21	train	2	2	2.2
3VRS	2012-05-09	train	1	1	2.6
3WRU	2014-11-05	train	1	2	2.3
3ZD4	2012-12-12	train	2	2	2.2
3ZD5	2012-12-12	train	2	2	2.2
3ZP8	2013-03-06	train	2	2	1.55
402D	1998-06-16	train	1	2	2.3
405D	1999-01-13	train	1	2	2.46
406D	1999-02-05	train	1	2	1.8
409D	1999-01-13	train	1	6	2.5
413D	1998-07-10	train	1	1	1.8
420D	1999-01-13	train	1	2	1.82
422D	2003-06-03	train	1	2	2.6
429D	1999-03-01	train	2	4	2.7
430D	1998-10-07	train	1	1	2.1
433D	1998-12-04	train	1	2	2.1
434D	1999-06-14	train	2	4	1.16
435D	1999-06-14	train	2	4	1.4
437D	1998-12-03	train	1	1	1.6
438D	1999-05-12	train	1	2	2.5
439D	2001-09-14	train	2	2	1.6
462D	1999-12-02	train	1	2	2.3
464D	1999-08-16	train	2	4	1.23
466D	1999-08-16	train	2	4	1.16
468D	1999-05-12	train	1	2	1.8
469D	1999-05-12	train	1	2	1.7
470D	1999-05-12	train	1	2	1.95
471D	1999-05-12	train	1	2	2.7
472D	2000-11-27	train	2	2	1.9
480D	1999-10-08	train	1	1	1.5
483D	1999-10-08	train	1	1	1.11
486D	1999-10-04	train	7	7	7.5
488D	2000-03-06	train	4	4	3.1
4A4R	2012-05-30	train	1	1	
4A4S	2012-05-30	train	1	1	
4A4T	2012-05-30	train	1	1	
4A4U	2012-05-30	train	1	1	
4AOB	2012-05-09	train	1	1	2.95
4B5R	2013-01-30	train	1	1	2.95
4C40	2013-11-06	train	1	1	2.2
4C4Q	2013-10-30	train	1	1	8.5
4CS1	2014-11-19	train	1	1	2.0
4DS6	2012-04-18	train	1	1	3.644
4E48	2012-07-11	train	1	3	2.5
4E58	2012-12-12	train	1	3	1.95
4E59	2012-12-12	train	1	2	1.54
4E5C	2012-07-11	train	1	2	1.7
4E6B	2012-07-11	train	2	4	1.47
4E8K	2012-11-14	train	2	2	3.03
4E8M	2012-11-14	train	1	1	3.5
4E8N	2012-11-14	train	1	1	2.96
4E8P	2012-11-14	train	1	1	3.28
4E8Q	2012-11-14	train	1	1	2.84
4E8R	2012-11-14	train	1	1	3.36
4E8T	2012-11-14	train	2	2	3.34
4E8V	2012-11-14	train	1	1	3.99
4EN5	2012-05-09	train	1	1	2.95
4ENA	2012-05-09	train	1	1	2.85
4ENB	2012-05-09	train	1	1	2.3
4ENC	2012-05-09	train	1	1	2.272
4ERJ	2012-07-18	train	1	1	3.0
4ERL	2012-07-18	train	1	1	3.0
4F8U	2012-08-15	train	2	2	2.0
4F8V	2012-08-15	train	1	2	2.8
4FAQ	2012-11-14	train	1	1	3.11
4FAR	2012-11-14	train	2	2	2.86
4FAU	2012-11-14	train	1	1	2.87
4FAW	2012-11-14	train	2	2	2.7
4FAX	2012-11-14	train	1	1	3.1
4FB0	2012-11-14	train	1	1	3.22
4FE5	2012-06-27	train	1	1	1.32
4FEJ	2013-02-27	train	1	1	1.5
4FEL	2013-02-27	train	1	1	1.6
4FEN	2013-02-27	train	1	1	1.35
4FEO	2013-02-27	train	1	1	1.6
4FEP	2013-02-27	train	1	1	1.65
4FNJ	2012-10-17	train	1	1	1.95
4FRG	2012-10-17	train	1	2	2.95
4FRN	2012-10-17	train	1	2	3.43
4G6P	2012-08-15	train	3	3	2.64
4G6R	2012-08-15	train	4	4	2.83
4G6S	2012-08-08	train	3	3	2.84
4GMA	2012-10-17	train	1	1	3.94
4GPW	2013-04-03	train	1	2	3.0
4GPX	2013-04-03	train	1	2	2.6
4GPY	2013-04-03	train	1	2	2.8
4GXY	2012-10-17	train	1	1	3.05
4IQS	2013-12-25	train	1	6	2.6
4J50	2013-02-20	train	1	2	1.65
4JAB	2014-01-29	train	1	2	2.23
4JAH	2014-01-29	train	1	6	1.5
4JF2	2013-04-17	train	1	1	2.2
4JIY	2013-09-04	train	1	1	1.91
4JRC	2013-04-24	train	1	2	2.65
4JRD	2013-06-05	train	1	2	1.0
4JRT	2013-06-05	train	2	2	2.6
4K27	2013-11-27	train	1	1	2.35
4K31	2013-07-31	train	1	2	1.4
4K32	2013-07-31	train	1	2	2.5
4KQY	2013-08-07	train	1	1	3.01
4KYY	2013-06-12	train	1	2	2.35
4KZ2	2013-10-16	train	3	3	3.05
4L81	2014-05-28	train	1	1	2.95
4LVV	2014-03-19	train	1	1	2.1
4LVW	2014-03-19	train	1	1	1.768
4LVX	2014-03-19	train	1	1	1.9
4LVY	2014-03-19	train	1	1	2.0
4LVZ	2014-03-19	train	1	1	1.77
4LW0	2014-03-19	train	1	1	1.75
4LX5	2014-07-16	train	1	1	2.13
4LX6	2014-07-16	train	1	1	2.15
4MCE	2014-09-24	train	2	4	2.2
4MCF	2014-11-12	train	2	8	1.7
4MEG	2013-10-16	train	2	2	3.1
4MEH	2013-10-16	train	2	2	3.1
4MGM	2013-10-23	train	1	2	3.2
4MGN	2013-10-23	train	2	4	3.2
4MS9	2014-02-12	train	1	1	1.32
4MSB	2014-02-12	train	1	6	1.55
4MSR	2014-02-12	train	1	2	1.2
4NFO	2014-07-02	train	1	3	1.96
4NFP	2014-07-02	train	1	3	1.85
4NFQ	2014-07-02	train	1	3	1.7
4NLF	2014-11-19	train	1	1	1.0
4NMG	2014-11-19	train	1	1	1.01
4NXH	2014-12-10	train	1	1	1.158
4NYA	2014-06-04	train	1	2	2.65
4NYB	2014-06-04	train	1	1	3.1
4NYC	2014-06-04	train	1	1	3.15
4NYD	2014-06-04	train	1	1	2.9
4NYG	2014-06-04	train	1	1	3.05
4O41	2014-07-09	train	1	4	1.2
4OJI	2014-07-23	train	1	1	2.3
4OQU	2014-06-04	train	1	1	3.2
4P20	2014-05-07	train	1	2	2.7
4P3S	2016-05-04	train	1	2	2.3
4P3T	2016-05-04	train	1	2	1.6
4P3U	2016-05-04	train	1	4	3.0
4P43	2016-05-04	train	1	2	2.0
4P5J	2014-06-04	train	1	1	1.99
4P8Z	2014-05-28	train	1	1	3.85
4P97	2015-03-04	train	2	4	1.86
4P9R	2014-05-28	train	1	1	2.7
4PCJ	2014-10-29	train	1	1	1.9
4PCO	2015-10-14	train	1	5	1.32
4PDQ	2015-01-07	train	1	2	3.0
4PHY	2015-02-18	train	2	2	3.1
4PLX	2014-06-25	train	1	3	3.1
4PQV	2014-04-30	train	1	1	2.45
4QJD	2014-09-03	train	2	8	3.056
4QJH	2014-09-03	train	2	6	2.018
4QK8	2014-08-06	train	1	1	3.05
4QK9	2014-08-06	train	1	1	3.05
4QKA	2014-08-06	train	1	1	3.2
4QLM	2014-08-13	train	1	1	2.721
4QLN	2014-08-13	train	1	1	2.65
4R0D	2014-10-01	train	2	2	3.676
4R4P	2015-09-30	train	1	1	3.07
4R4V	2015-09-30	train	1	1	3.07
4RBQ	2015-11-11	train	1	1	1.05
4RBY	2015-09-16	train	1	1	1.19
4RBZ	2015-09-16	train	1	1	1.18
4RC0	2015-09-16	train	1	1	1.13
4RGE	2014-12-03	train	1	3	2.8895
4RGF	2014-12-03	train	1	3	3.2
4RJ1	2014-11-12	train	1	2	0.92
4RKV	2014-11-19	train	1	2	0.88
4RNE	2014-11-19	train	1	8	1.01
4RUM	2015-04-08	train	1	1	2.64
4RZD	2015-07-01	train	1	1	2.75
4TNA	1978-04-12	train	1	1	2.5
4TRA	1987-11-06	train	1	1	3.0
4TS0	2014-07-23	train	2	2	2.5
4TS2	2014-07-23	train	2	2	2.88
4TZX	2014-09-10	train	1	1	2.01
4TZY	2014-09-10	train	1	1	2.57
4U34	2014-08-13	train	2	2	1.35
4U35	2014-08-13	train	2	2	1.55
4U37	2014-08-13	train	2	2	1.55
4U38	2014-08-13	train	2	8	1.8
4U3L	2015-07-29	train	1	2	1.482
4U3O	2015-07-29	train	1	2	1.8
4U3P	2015-07-29	train	1	2	1.866
4U3R	2015-07-29	train	1	2	1.701
4U47	2015-08-05	train	1	2	1.952
4U78	2015-08-26	train	1	2	1.5
4WFL	2014-10-15	train	1	1	2.49
4WFM	2014-10-15	train	1	2	3.1
4XK0	2015-02-11	train	1	2	1.07
4XNR	2015-05-06	train	1	1	2.21
4XW0	2016-01-13	train	1	2	1.81
4XW1	2016-01-13	train	1	1	2.3
4XW7	2015-09-09	train	1	1	2.5
4XWF	2015-09-09	train	1	1	1.8
4Y1I	2015-04-08	train	1	2	2.85
4Y1J	2015-04-08	train	1	2	2.24
4Y1M	2015-04-08	train	1	2	3.0
4Y1N	2015-10-14	train	1	2	3.0
4Y1O	2015-10-14	train	1	2	2.95
4Y27	2015-11-18	train	1	1	0.998
4YAZ	2015-04-15	train	1	2	2.0
4YB0	2015-04-15	train	1	2	2.12
4YN6	2015-04-22	train	1	2	1.95
4ZC7	2015-08-26	train	1	4	3.04
4ZNP	2015-08-26	train	1	2	2.94
5A17	2015-05-06	train	1	1	
5A18	2015-05-06	train	1	1	
5AY2	2015-10-21	train	1	4	1.3
5AY3	2015-10-21	train	1	2	1.2
5AY4	2015-10-21	train	1	2	1.7
5BJO	2017-09-27	train	1	2	2.35
5BJP	2017-09-27	train	1	2	2.5
5BTM	2015-07-15	train	1	2	2.778
5BTP	2015-08-12	train	1	2	2.816
5C45	2015-10-07	train	2	2	2.928
5C5W	2015-10-14	train	1	1	1.25
5C7U	2015-08-12	train	1	1	3.05
5C7W	2015-08-12	train	1	1	3.22
5CNR	2016-03-09	train	2	4	2.59
5D5L	2016-08-10	train	1	4	2.5
5D8T	2016-06-29	train	1	2	1.2
5D99	2016-04-13	train	1	1	0.97
5DA6	2016-04-13	train	1	1	1.05
5DER	2016-06-29	train	1	4	1.8
5DH7	2015-10-07	train	2	2	3.0
5DHB	2016-12-07	train	1	4	1.8
5DHC	2016-12-07	train	1	4	1.55
5DO5	2016-09-21	train	1	1	1.2
5DUN	2015-10-28	train	1	1	2.64
5E54	2016-11-23	train	1	2	2.3
5EAO	2016-02-24	train	2	2	2.9876
5EAQ	2016-02-24	train	2	2	2.95
5EW4	2016-02-24	train	1	2	1.47
5EW7	2016-02-24	train	1	2	1.75
5FJ0	2016-09-28	train	1	3	2.2
5FJ1	2016-05-25	train	1	8	2.75
5FJC	2016-05-25	train	1	1	1.71
5FK1	2016-05-25	train	1	1	2.5
5FK2	2016-05-25	train	1	1	2.6
5FK3	2016-05-25	train	1	1	2.5
5FK4	2016-05-25	train	1	1	2.43
5FK5	2016-05-25	train	1	1	3.31
5FK6	2016-05-25	train	1	1	2.5
5FKD	2016-05-25	train	1	1	2.8
5FKE	2016-05-25	train	1	1	2.8
5FKF	2016-05-25	train	1	1	2.8
5FKG	2016-05-25	train	1	1	2.95
5FKH	2016-05-25	train	1	1	2.65
5G2Y	2016-05-04	train	1	1	4.5
5G4T	2016-09-28	train	2	2	2.75
5HBW	2016-12-07	train	1	2	1.9
5HBX	2016-12-07	train	1	4	1.7
5HBY	2016-12-07	train	1	1	1.18
5HN2	2016-04-27	train	1	6	1.5
5HNJ	2016-04-27	train	1	6	1.24
5HNQ	2016-04-27	train	1	13	2.4
5IEM	2016-11-02	train	1	1	
5J01	2016-12-14	train	1	1	3.39
5J02	2016-12-14	train	2	2	3.49
5K8H	2016-07-06	train	1	1	1.069
5KH8	2017-07-19	train	1	1	
5KMZ	2016-10-12	train	1	1	
5KPY	2017-01-11	train	1	1	2.0
5KQE	2016-08-24	train	1	1	
5KRG	2016-12-07	train	1	4	1.6
5KTJ	2016-10-05	train	2	4	2.97
5KVJ	2016-08-03	train	2	2	2.26
5KX9	2016-08-24	train	2	2	2.9
5L00	2016-12-07	train	1	4	1.25
5L4O	2017-03-01	train	1	1	2.79
5LQO	2017-06-21	train	1	2	1.87
5LQT	2017-06-21	train	1	2	1.5
5LR3	2017-06-21	train	1	2	1.65
5LR4	2017-06-21	train	1	4	1.72
5LR5	2017-06-21	train	1	4	2.27
5LSN	2017-09-20	train	1	1	
5LWJ	2016-12-14	train	1	1	
5LYS	2017-01-25	train	1	2	2.32
5LYU	2017-01-25	train	1	2	2.2
5LYV	2017-01-25	train	1	2	2.35
5M0H	2017-01-18	train	1	1	2.65
5ML7	2017-12-20	train	1	2	3.19
5MRX	2018-01-17	train	1	1	0.85
5MWI	2017-03-08	train	1	1	1.51
5N5C	2018-03-14	train	1	1	
5NDH	2017-05-31	train	1	4	1.81
5NDI	2017-05-31	train	1	4	2.57
5NEF	2017-06-07	train	1	1	1.91
5NEO	2017-05-31	train	1	1	1.69
5NEP	2017-05-31	train	1	1	1.6
5NEQ	2017-05-31	train	1	1	1.69
5NEX	2017-05-31	train	1	1	1.719
5NOM	2017-05-31	train	1	1	1.93
5NQI	2017-07-26	train	1	1	0.85
5NWQ	2017-10-18	train	1	2	1.91
5NXT	2017-11-29	train	1	1	1.379
5NY8	2017-10-18	train	1	2	2.04
5NZ3	2017-10-18	train	1	2	2.059
5NZ6	2017-10-18	train	1	1	2.94
5NZD	2017-10-18	train	1	2	2.007
5O62	2017-10-18	train	1	2	2.119
5O69	2017-10-18	train	2	2	2.319
5OB3	2017-10-04	train	1	1	2.004
5OR0	2017-08-30	train	2	2	
5SWD	2016-11-23	train	1	2	2.5
5SWE	2016-11-23	train	1	1	3.0
5T3K	2017-07-05	train	2	4	2.14
5T83	2017-01-11	train	1	1	2.7
5TDJ	2017-01-11	train	1	2	1.5
5TDK	2017-01-11	train	1	2	1.43
5TGP	2017-10-18	train	1	2	1.6
5TKO	2017-10-11	train	2	4	1.52
5TPY	2016-12-14	train	1	1	2.805
5U3G	2017-02-01	train	1	1	2.3
5UED	2017-07-05	train	1	2	1.5
5UEE	2017-07-05	train	1	2	1.9
5UEF	2017-07-05	train	2	4	2.1
5UEG	2017-07-05	train	1	4	2.6
5UF3	2017-05-31	train	1	1	
5UNE	2017-03-29	train	1	2	2.9
5UX3	2018-02-21	train	2	2	2.5
5UZ6	2018-02-21	train	2	6	2.1
5UZA	2018-02-28	train	1	1	2.22
5UZT	2017-05-10	train	1	1	
5V0H	2017-03-08	train	1	2	1.9
5V0J	2017-03-08	train	1	2	1.5
5V0K	2017-03-08	train	1	1	1.6
5V0O	2018-02-21	train	2	2	2.7
5V16	2017-07-12	train	1	1	
5V17	2017-07-12	train	1	1	
5V1K	2017-06-21	train	1	2	1.18
5V1L	2017-06-14	train	1	4	1.2
5V2H	2017-06-14	train	1	4	1.08
5V2R	2017-07-26	train	1	2	
5V3F	2017-05-24	train	1	2	1.62
5V3I	2017-07-05	train	1	1	3.29
5V9Z	2018-02-21	train	2	2	2.5
5VCF	2018-02-21	train	2	2	2.8
5VCI	2018-02-21	train	2	2	2.6
5VGW	2018-02-21	train	2	2	2.4
5VH7	2017-06-28	train	1	2	
5VH8	2017-06-28	train	1	2	
5VJ9	2017-06-28	train	1	4	1.57
5VJB	2017-06-28	train	1	4	2.1
5VR4	2017-10-04	train	1	4	1.5
5WQ1	2017-07-05	train	1	1	
5XI1	2018-08-08	train	1	2	
5XWG	2017-10-11	train	1	1	3.002
5XZ1	2018-07-18	train	1	4	3.008
5Z1H	2018-05-30	train	1	2	2.4
5Z1I	2018-05-30	train	1	1	1.9
5Z71	2019-01-30	train	1	2	2.5
5ZEG	2018-03-21	train	1	3	2.4
5ZEI	2018-03-21	train	2	2	2.1
5ZEJ	2018-03-21	train	1	2	3.5
5ZEM	2018-03-21	train	1	2	3.1
6AAS	2019-06-05	train	1	1	
6AAU	2019-06-05	train	1	1	
6AZ4	2018-02-21	train	2	2	2.98
6BFB	2018-02-21	train	2	2	2.82
6BG9	2018-02-21	train	1	2	9.0
6BGB	2017-12-06	train	1	3	1.65
6BJX	2018-07-04	train	1	2	3.14
6BMD	2018-02-21	train	2	6	3.0
6BY4	2018-06-13	train	1	1	
6BY5	2018-06-13	train	1	1	
6C27	2019-01-09	train	1	2	3.6
6C63	2018-08-08	train	2	3	2.9
6C64	2018-08-08	train	2	3	3.0
6C65	2018-08-08	train	2	3	2.8
6C8D	2018-05-30	train	1	2	1.92
6C8E	2018-05-30	train	1	2	1.8
6C8I	2018-05-30	train	1	2	1.77
6C8J	2018-05-30	train	1	2	1.5
6C8K	2018-05-30	train	1	2	2.259
6C8L	2018-05-30	train	1	2	2.25
6C8M	2018-05-30	train	2	2	2.4
6C8N	2018-05-30	train	1	2	1.9
6C8O	2018-05-30	train	1	2	1.85
6CAB	2018-05-30	train	1	2	2.5
6CB3	2018-06-13	train	1	2	1.89
6CC1	2018-06-13	train	1	2	2.35
6CC3	2018-06-13	train	1	2	2.698
6CHR	2018-11-21	train	2	2	3.7
6CIH	2018-11-21	train	2	2	3.676
6CK4	2018-06-20	train	1	4	3.097
6CK5	2018-06-20	train	1	2	2.49
6CU1	2018-10-31	train	1	1	3.0
6CXZ	2018-08-29	train	1	2	1.5
6CY0	2018-08-29	train	1	8	2.398
6CY2	2018-08-29	train	1	2	1.4
6CY4	2018-08-29	train	1	8	1.851
6D3P	2018-06-20	train	1	1	1.85
6D8L	2018-07-18	train	1	2	3.14
6D8M	2018-07-04	train	1	2	3.7
6D8N	2018-07-18	train	1	2	3.95
6D8O	2018-07-04	train	1	2	2.8
6DLQ	2018-11-14	train	1	1	2.8
6DLR	2018-11-14	train	1	1	2.65
6DLS	2018-11-14	train	1	1	2.885
6DLT	2018-11-14	train	1	1	2.9
6DMC	2018-11-14	train	1	2	2.2
6DMD	2018-11-14	train	1	2	2.65
6DME	2018-11-14	train	1	1	2.7
6DN1	2018-09-05	train	2	2	2.05
6DN2	2018-09-05	train	2	2	2.8
6DN3	2018-09-05	train	2	2	2.8
6DNR	2018-11-14	train	1	1	2.89
6DVK	2019-06-26	train	1	1	2.55
6E1S	2019-04-10	train	1	1	1.8
6E1T	2019-04-10	train	1	1	1.8
6E1U	2019-04-10	train	1	1	1.94
6E1V	2019-04-10	train	1	1	2.56
6E1W	2019-04-10	train	1	1	1.69
6E7L	2019-07-31	train	1	1	2.59
6E80	2019-07-31	train	1	1	2.4
6E81	2019-07-31	train	1	1	2.72
6E82	2019-07-31	train	1	1	2.96
6E84	2019-07-31	train	1	1	2.85
6E8S	2019-04-17	train	1	2	2.35
6E8T	2019-04-17	train	1	4	2.9
6E8U	2019-04-17	train	1	1	1.51
6EZ0	2018-01-03	train	1	1	
6FZ0	2018-07-04	train	1	1	2.499
6G7Z	2018-12-05	train	2	2	3.33
6GE1	2018-10-31	train	1	4	
6GYV	2018-08-22	train	1	1	2.5
6GZK	2019-07-17	train	1	1	
6GZR	2019-07-17	train	1	1	
6H0R	2019-04-17	train	1	2	1.73
6HAG	2019-01-09	train	1	1	
6HBT	2019-02-20	train	1	1	1.66
6HBX	2019-02-20	train	1	1	1.54
6HC5	2019-02-20	train	1	1	1.413
6HMI	2019-08-14	train	2	2	
6HMO	2019-08-14	train	2	2	
6HU6	2018-11-21	train	4	4	1.9
6HYK	2019-04-24	train	1	1	
6I1V	2019-11-20	train	2	2	
6I1W	2019-11-20	train	2	2	
6IA2	2019-03-27	train	1	2	2.27
6IZP	2019-12-25	train	1	1	
6JBF	2020-01-29	train	1	4	2.6
6JBG	2020-01-29	train	2	4	3.1
6JJH	2020-02-26	train	1	1	1.74
6JJI	2020-02-26	train	1	1	3.1
6JQ5	2019-06-12	train	1	2	2.0
6JQ6	2019-06-12	train	1	1	2.61
6JXM	2019-08-21	train	1	1	3.32
6K84	2020-04-01	train	1	1	
6L0Y	2020-09-30	train	1	2	3.0
6MCI	2018-10-31	train	1	1	
6MJ0	2019-01-09	train	1	2	3.1
6MXQ	2020-05-06	train	1	1	
6N2V	2019-10-02	train	1	2	2.85
6N5K	2019-11-27	train	1	1	3.098
6N5N	2019-11-27	train	1	1	2.95
6N5O	2019-11-27	train	1	1	2.708
6N5P	2019-11-27	train	1	1	2.991
6N5Q	2019-11-27	train	1	1	2.946
6N5S	2019-11-27	train	1	1	2.8
6N5T	2019-11-27	train	1	1	2.787
6N8F	2019-02-13	train	2	2	
6N8H	2019-02-13	train	1	2	
6N8I	2019-02-13	train	2	2	
6NOA	2020-07-22	train	1	1	
6OD9	2019-07-17	train	1	2	4.1
6OL3	2019-07-03	train	1	1	2.74
6OWL	2020-02-26	train	2	3	2.0
6P2H	2019-10-23	train	1	1	2.803
6PK9	2020-07-01	train	1	1	
6PMO	2019-11-20	train	2	2	2.657
6POM	2019-11-20	train	2	2	4.9
6PQ7	2019-07-31	train	1	1	3.0
6PRV	2020-01-08	train	1	4	2.71
6Q57	2019-12-18	train	1	1	2.72
6Q8V	2019-07-03	train	1	1	2.09
6QIQ	2019-09-25	train	1	2	2.519
6QIR	2019-09-25	train	1	4	1.53
6QIS	2019-09-25	train	1	8	1.99
6QIT	2019-09-25	train	1	4	1.5
6QIV	2019-09-25	train	1	1	2.28
6QN3	2019-06-12	train	1	2	2.2
6QYZ	2019-06-12	train	1	5	4.6
6R47	2019-07-03	train	2	2	3.1
6SVS	2020-01-01	train	1	2	2.5
6T3K	2020-05-13	train	2	2	3.44
6T3N	2020-05-13	train	1	1	3.219
6T3R	2020-05-13	train	2	2	3.567
6T3S	2020-05-13	train	1	1	3.279
6TB7	2020-09-30	train	1	1	2.53
6TF0	2020-09-23	train	1	1	2.1
6TF1	2020-09-23	train	1	1	2.23
6TF2	2020-09-23	train	1	1	2.49
6TF3	2020-09-23	train	1	1	2.66
6TFE	2020-09-23	train	1	1	2.3
6TFF	2020-09-23	train	1	1	2.52
6TFG	2020-09-23	train	1	1	2.45
6TFH	2020-09-23	train	1	1	2.95
6TNA	1979-01-16	train	1	1	2.7
6U6J	2019-11-20	train	1	2	1.6
6U79	2020-08-26	train	1	1	
6U7Y	2020-12-09	train	2	2	2.95
6U7Z	2020-12-09	train	2	2	2.7
6U89	2020-12-09	train	1	2	2.36
6U8F	2020-12-09	train	2	2	2.8
6U8U	2020-12-09	train	1	2	2.4
6UBU	2020-07-22	train	1	1	1.597
6UC7	2020-07-22	train	1	1	1.798
6UC8	2020-07-22	train	1	1	1.898
6UC9	2020-07-22	train	1	1	1.941
6UES	2019-12-18	train	1	1	3.7
6UET	2019-12-18	train	1	1	4.1
6UEY	2019-12-18	train	2	4	2.8
6UF1	2019-12-18	train	2	4	2.9
6UFG	2019-11-20	train	2	2	2.929
6UFH	2019-11-20	train	2	2	3.1
6UFJ	2019-12-18	train	3	6	2.645
6UFK	2019-12-18	train	3	6	2.97
6UFM	2019-12-04	train	2	2	2.82
6UGG	2020-01-01	train	1	2	1.95
6UGI	2020-01-01	train	1	1	1.75
6UGJ	2020-01-01	train	1	1	1.6
6UP0	2020-10-21	train	1	2	2.72
6V9B	2020-05-20	train	1	2	2.35
6V9D	2020-05-20	train	1	2	2.64
6VA1	2020-05-20	train	2	2	
6VA2	2020-05-20	train	2	2	
6VA3	2020-05-20	train	2	2	
6VA4	2020-05-20	train	2	2	
6VAR	2020-12-30	train	1	1	
6VEM	2020-11-18	train	1	2	1.56
6VMY	2020-06-10	train	1	1	3.25
6VU1	2020-04-29	train	1	1	
6VUH	2020-06-24	train	1	1	1.999
6VUI	2020-06-24	train	1	1	2.68
6VVJ	2020-04-29	train	1	1	
6VWT	2020-11-11	train	1	2	3.0
6VWV	2020-11-11	train	1	2	3.0
6VZC	2020-09-02	train	1	1	
6W3M	2020-09-23	train	1	1	
6WJR	2020-09-02	train	1	1	2.7
6WJS	2020-09-02	train	1	1	3.8
6WLJ	2020-07-08	train	1	1	9.6
6WLK	2020-07-08	train	1	1	10.0
6WLL	2020-07-08	train	1	1	10.0
6WLM	2020-07-08	train	1	1	7.4
6WLN	2020-07-08	train	1	1	10.0
6WLO	2020-07-08	train	1	1	11.0
6WLQ	2020-07-08	train	1	1	4.7
6WLR	2020-07-08	train	1	1	4.8
6WLS	2020-07-08	train	1	1	6.8
6WLT	2020-07-08	train	1	1	4.8
6WLU	2020-07-08	train	1	1	5.7
6WTL	2021-05-05	train	1	1	2.85
6WTR	2021-05-05	train	1	1	3.08
6WY2	2020-09-02	train	1	5	1.928
6WY3	2020-09-02	train	1	4	1.647
6WZR	2021-03-24	train	1	2	3.2
6WZS	2021-03-24	train	1	2	3.23
6XB7	2020-09-02	train	1	1	
6XKN	2021-12-29	train	1	1	2.73
6XKO	2021-12-29	train	1	1	2.75
6XRQ	2021-07-28	train	1	2	1.21
6XRZ	2020-08-19	train	1	1	6.9
6XUR	2020-02-19	train	1	1	1.0
6XUS	2021-02-03	train	1	1	1.04
6XWJ	2020-05-27	train	1	1	
6XWW	2020-05-27	train	1	1	
6XXA	2020-05-27	train	1	1	
6XXB	2020-05-27	train	1	1	
6Y0T	2021-02-17	train	1	2	1.39
6Y0Y	2021-02-17	train	1	1	0.89
6Y3G	2020-12-30	train	1	1	3.1
6YL5	2020-07-22	train	1	12	1.7
6YLB	2020-07-22	train	2	12	2.12
6YMC	2022-04-20	train	1	2	2.0
6YMI	2020-07-22	train	2	12	2.5
6YMJ	2020-07-22	train	2	12	2.04
6YMK	2020-07-22	train	2	12	2.03
6YML	2020-07-22	train	2	4	2.17
6YMM	2020-07-22	train	2	4	2.2
6Z18	2020-09-02	train	1	2	1.81
6ZPF	2021-05-26	train	4	4	1.44
6ZQ9	2021-05-26	train	4	4	1.5
6ZR1	2021-05-26	train	4	4	1.528
6ZRL	2021-05-26	train	4	4	1.53
6ZRS	2021-05-26	train	4	4	1.52
6ZW3	2021-05-26	train	4	4	1.52
6ZWU	2021-05-26	train	4	4	1.527
6ZX5	2021-05-26	train	4	4	1.523
6ZX8	2021-05-26	train	4	4	1.98
6ZXZ	2020-12-16	train	1	3	2.44
6ZYB	2020-12-16	train	1	1	0.9
7A3Y	2021-03-10	train	2	2	
7A9L	2021-05-26	train	4	4	1.98
7A9N	2021-05-26	train	4	4	1.6
7A9O	2021-05-26	train	4	4	1.6
7A9P	2021-05-26	train	4	4	1.985
7A9Q	2021-05-26	train	4	4	2.185
7A9R	2021-05-26	train	4	4	2.455
7A9S	2021-05-26	train	4	4	2.29
7A9T	2021-05-26	train	4	4	1.7
7D12	2021-05-12	train	1	1	
7D7W	2020-11-25	train	1	1	2.391
7D7X	2020-11-25	train	1	1	2.631
7D7Y	2020-11-25	train	1	1	2.4
7D7Z	2020-11-25	train	1	1	2.59
7D81	2020-11-25	train	1	1	2.1
7D82	2020-11-25	train	1	1	2.489
7DD4	2021-06-09	train	1	1	
7E9E	2021-11-17	train	1	1	1.57
7E9I	2021-11-17	train	1	1	2.8
7EAF	2021-06-02	train	1	1	2.8
7EAG	2021-06-02	train	1	6	2.4
7ECJ	2022-03-16	train	1	3	3.1
7ECK	2022-03-16	train	1	12	2.79
7ECL	2022-03-16	train	1	12	3.01
7ECM	2022-03-16	train	1	4	1.51
7ECN	2022-03-16	train	1	4	1.6
7ECO	2022-03-16	train	1	6	1.81
7ECP	2022-03-16	train	1	4	2.91
7EDL	2022-03-16	train	1	2	2.6
7EDM	2022-03-16	train	1	2	2.81
7EDN	2022-03-16	train	1	1	2.6
7EDT	2022-03-23	train	1	2	1.2
7EDU	2022-03-23	train	1	4	2.3
7EEM	2022-03-23	train	1	1	2.59
7EFG	2022-04-13	train	1	1	2.6
7EFH	2022-03-23	train	1	1	2.7
7EI7	2022-03-30	train	1	2	3.2
7EI8	2022-03-30	train	1	4	3.1
7EI9	2022-03-30	train	1	2	2.7
7EIA	2022-03-30	train	1	8	3.0
7ELP	2021-06-30	train	1	2	2.79
7ELQ	2021-06-30	train	1	2	2.6
7ELR	2021-06-30	train	1	2	2.66
7ELS	2021-06-30	train	1	2	2.81
7EOG	2021-11-24	train	1	1	1.5
7EOH	2021-11-24	train	1	1	1.637
7EOI	2021-11-24	train	1	1	1.9
7EOJ	2021-11-24	train	1	1	1.77
7EOK	2021-11-24	train	1	1	2.7
7EOL	2021-11-24	train	1	1	2.3
7EOM	2021-11-24	train	1	1	2.7
7EON	2021-11-24	train	1	1	2.3
7EOO	2021-11-24	train	1	1	2.23
7EOP	2021-11-24	train	1	1	1.8
7EQJ	2022-01-19	train	1	2	2.043
7EXY	2022-03-02	train	1	1	
7EZ0	2021-08-25	train	1	1	3.14
7EZ2	2021-08-25	train	3	3	3.05
7F8Z	2022-07-06	train	1	10	3.0
7FHI	2021-12-01	train	1	1	
7FJ0	2021-12-01	train	1	1	
7JJD	2020-12-23	train	1	1	1.21
7JJE	2020-12-23	train	1	1	1.25
7JJF	2020-12-23	train	1	1	1.2
7JJU	2020-09-09	train	1	2	2.604
7JNH	2021-01-20	train	2	2	2.89
7JRR	2021-09-08	train	1	1	2.0879
7JRS	2021-09-08	train	1	2	3.21
7JRT	2021-09-08	train	1	2	3.07
7JU1	2020-10-07	train	1	1	
7K16	2020-10-14	train	1	1	2.1
7K4L	2021-09-29	train	1	1	
7KD1	2021-03-03	train	1	1	1.9
7KGA	2021-06-23	train	1	2	2.1
7KJU	2020-12-02	train	1	1	3.1
7KUB	2022-06-01	train	1	1	
7KUC	2022-06-01	train	1	1	
7KUD	2022-06-01	train	1	1	
7KUK	2021-09-08	train	1	2	1.67
7KUM	2021-09-08	train	1	2	1.71
7KUN	2021-09-08	train	1	2	1.58
7KUO	2021-09-08	train	1	2	2.28
7KUP	2021-09-08	train	1	2	1.44
7KVT	2022-01-19	train	1	1	2.73
7KVU	2022-01-19	train	1	1	2.68
7KVV	2022-01-19	train	1	1	2.85
7L0Z	2021-05-26	train	1	1	2.01
7L3R	2021-05-05	train	1	1	1.01
7LJY	2021-04-14	train	2	2	5.6
7LNE	2021-09-08	train	1	2	1.53
7LNF	2021-09-08	train	1	2	1.65
7LNG	2021-09-08	train	1	2	2.2
7LO9	2021-12-22	train	1	4	1.78
7LVA	2021-03-17	train	1	1	
7LYF	2021-05-12	train	1	1	3.366
7LYG	2021-05-12	train	1	1	3.8
7LYJ	2021-05-26	train	1	1	1.95
7M3V	2022-03-23	train	1	1	2.19
7MKT	2022-11-02	train	1	1	1.97
7MKY	2021-05-26	train	1	1	1.2
7MLW	2022-01-12	train	1	1	2.7
7OA3	2021-06-16	train	1	2	2.8
7OAV	2021-06-16	train	1	4	2.85
7OAW	2021-06-16	train	1	4	2.89
7OAX	2021-06-16	train	1	4	2.24
7OUO	2022-03-30	train	1	2	2.21
7POF	2022-03-16	train	1	1	
7PS8	2023-04-05	train	1	1	
7PTK	2022-10-05	train	1	1	5.18
7PTL	2022-10-05	train	1	1	4.9
7PTQ	2022-10-05	train	1	1	4.08
7PTS	2022-10-05	train	1	1	5.71
7Q48	2022-11-16	train	1	1	
7Q6L	2022-11-16	train	1	1	
7Q7X	2022-03-23	train	3	3	2.8
7Q7Y	2022-03-23	train	3	3	2.9
7Q7Z	2022-03-23	train	3	6	3.26
7Q80	2022-03-23	train	3	6	3.14
7Q81	2022-03-23	train	3	3	2.85
7Q82	2022-03-23	train	3	3	2.95
7QA2	2022-11-23	train	1	1	
7QDU	2022-12-14	train	1	1	5.14
7QP2	2022-07-20	train	1	1	0.9
7QSH	2023-01-25	train	1	1	0.86
7QTN	2023-01-25	train	2	2	1.2
7QUA	2023-01-25	train	1	1	0.96
7R6N	2022-05-04	train	1	1	4.1
7REX	2021-12-29	train	1	3	2.6
7RWR	2022-07-20	train	1	1	
7SAM	2021-12-01	train	1	1	4.3
7SHX	2022-10-19	train	1	1	
7SXP	2023-05-31	train	1	1	2.3
7TD7	2022-02-16	train	1	1	2.95
7TDA	2022-02-16	train	1	1	2.25
7TDB	2022-02-16	train	1	1	2.56
7TDC	2022-02-16	train	1	1	2.46
7TZR	2022-05-25	train	1	2	2.7
7TZS	2022-05-25	train	1	2	2.21
7TZT	2022-05-25	train	1	1	2.93
7TZU	2022-05-25	train	1	1	2.87
7U4A	2023-09-06	train	1	1	3.15
7U87	2023-03-15	train	1	2	1.7
7U88	2023-03-15	train	1	2	2.14
7U89	2023-03-15	train	1	2	1.65
7U8A	2023-03-15	train	1	2	2.1
7U8B	2023-03-15	train	1	2	1.73
7UCR	2022-07-20	train	1	1	0.998
7UGA	2022-04-13	train	1	1	
7UMC	2022-07-06	train	1	1	
7UMD	2022-07-06	train	1	1	
7UME	2022-07-06	train	1	1	
7UQ6	2022-06-15	train	1	1	2.951
7UR5	2022-08-10	train	1	3	2.6
7URI	2022-08-10	train	1	1	2.6
7URM	2022-08-10	train	1	1	3.0
7UVT	2022-08-31	train	1	1	3.9
7UZ0	2022-06-08	train	1	1	3.03
7V06	2022-06-29	train	1	1	
7V9E	2022-03-23	train	1	1	2.3
7VFT	2022-06-15	train	1	1	1.448
7VNV	2022-05-04	train	1	2	1.9
7VNW	2022-05-04	train	1	2	2.61
7WI9	2023-01-18	train	1	1	2.98
7WIA	2023-01-18	train	1	1	3.05
7WIB	2023-01-18	train	1	1	2.83
7WIE	2023-01-18	train	1	1	2.9
7WIF	2023-01-18	train	1	1	2.85
7WII	2023-01-18	train	1	1	2.75
7XD3	2023-03-29	train	1	1	4.05
7XD4	2023-03-29	train	1	1	3.89
7XD5	2023-04-05	train	2	2	2.84
7XD6	2023-04-05	train	2	2	2.84
7XD7	2023-03-29	train	1	1	3.02
7XSK	2022-08-03	train	1	1	3.53
7XSL	2022-08-03	train	1	1	3.84
7XSM	2022-08-03	train	1	1	4.01
7XSN	2022-08-03	train	1	1	3.01
7Y2B	2023-05-31	train	1	1	1.87
7Y2P	2023-05-31	train	2	2	1.58
7Y8P	2023-05-03	train	1	2	1.5
7YC8	2023-07-05	train	1	1	4.14
7YCG	2023-07-05	train	2	2	3.18
7YCH	2023-07-05	train	2	2	3.09
7YCI	2023-07-05	train	2	2	2.98
7YG8	2023-03-29	train	3	3	2.97
7YG9	2023-03-29	train	3	3	2.68
7YGA	2023-03-29	train	3	3	2.35
7YGB	2023-03-29	train	3	3	2.62
7YGC	2023-03-29	train	3	3	2.65
7YGD	2023-03-29	train	3	3	3.41
7ZFW	2022-11-23	train	1	1	3.8
7ZJ4	2023-04-19	train	1	1	4.43
7ZJ5	2023-04-19	train	1	1	4.55
8AMG	2022-11-23	train	1	12	2.26
8AMI	2022-11-23	train	1	2	1.79
8AMJ	2022-11-23	train	1	2	2.02
8AMK	2022-11-23	train	1	28	2.85
8AML	2022-11-23	train	1	28	2.75
8AMM	2022-11-23	train	1	28	2.86
8AMN	2022-11-23	train	1	28	2.46
8BTZ	2022-12-28	train	1	1	5.39
8BU8	2024-01-24	val	1	1	6.56
8BWT	2023-08-30	train	1	1	
8CF2	2024-02-21	val	2	2	
8CLM	2023-03-01	train	2	6	1.8
8CLR	2023-07-19	train	1	1	
8CQ1	2023-09-20	train	1	1	
8D28	2022-11-30	train	1	2	1.42
8D2A	2022-11-30	train	1	2	2.17
8D2B	2022-11-30	train	1	2	1.44
8D5L	2022-11-30	train	1	4	1.64
8D5O	2022-11-30	train	1	2	2.7
8EYU	2023-05-31	train	1	2	1.95
8EYV	2023-05-31	train	1	2	2.55
8EYW	2023-05-31	train	1	2	2.1
8F0N	2023-05-31	train	1	2	2.85
8F24	2023-04-12	train	1	6	2.27
8F4O	2023-05-17	train	1	2	3.1
8FB3	2023-02-22	train	1	3	3.0
8FCS	2023-02-22	train	1	1	
8FEO	2024-01-24	val	1	1	1.52
8FEP	2024-01-24	val	1	1	1.55
8FEQ	2024-01-24	val	1	1	1.5
8FER	2024-01-24	val	1	2	1.54
8FW4	2023-07-26	train	1	1	4.3
8FZA	2023-08-30	train	1	2	2.3
8HB1	2023-03-22	train	2	2	2.23
8HB3	2023-03-22	train	2	2	2.87
8HB8	2023-03-22	train	1	1	2.3
8HBA	2023-03-22	train	1	2	2.64
8HD6	2023-03-29	train	1	1	3.73
8HD7	2023-03-29	train	1	1	3.52
8HZD	2024-06-19	val	2	2	1.87
8HZE	2024-06-19	val	1	2	1.59
8HZF	2024-06-19	val	1	2	2.7
8HZJ	2024-06-19	val	1	2	2.6
8HZK	2024-06-19	val	1	2	2.0
8HZL	2024-06-19	val	1	2	2.6
8HZM	2024-06-19	val	1	2	2.5
8I3Z	2023-03-22	train	2	2	1.67
8I43	2023-03-29	train	1	1	
8I44	2023-03-29	train	1	1	
8I45	2023-03-29	train	1	1	
8I46	2023-03-29	train	1	1	
8I7N	2023-03-29	train	1	1	2.98
8ITS	2024-03-27	val	1	1	1.94
8JHP	2024-05-29	val	1	1	
8K0P	2024-05-15	val	1	2	2.99
8K0S	2024-05-01	val	1	2	3.41
8K0Y	2025-01-15	test	1	2	2.28
8K15	2024-05-15	val	1	1	2.58
8K1E	2025-01-15	test	1	2	2.23
8K2Z	2025-01-15	test	1	2	2.4
8K30	2025-01-15	test	1	2	2.43
8K7W	2025-01-29	test	1	1	2.24
8K85	2025-02-12	test	1	2	2.95
8K8B	2024-06-05	val	1	1	
8KEB	2025-02-19	test	1	1	2.2
8KED	2025-02-19	test	1	1	2.1
8KHH	2025-02-26	test	1	2	2.3
8OLS	2024-06-19	val	1	1	3.0
8OLV	2024-06-19	val	1	1	2.8
8OLW	2024-06-19	val	1	1	4.0
8OLY	2024-06-19	val	2	2	3.1
8OLZ	2024-06-19	val	2	2	3.3
8OM0	2024-06-19	val	1	1	3.6
8PFK	2024-01-31	val	1	1	1.321
8PFQ	2024-01-31	val	1	2	1.01
8Q4O	2024-03-06	val	1	1	
8Q6N	2024-08-28	val	1	1	2.63
8QMH	2024-05-01	val	1	4	1.1
8QMI	2024-05-01	val	1	4	1.5
8QO2	2024-03-06	val	1	1	7.1
8QO3	2024-03-06	val	1	1	6.6
8QO4	2024-03-06	val	1	1	5.9
8QO5	2024-03-06	val	1	1	6.5
8R62	2024-03-06	val	2	2	
8R63	2024-03-06	val	2	2	
8R8P	2024-03-06	val	2	2	
8RUH	2024-06-19	val	2	2	4.55
8RUI	2024-06-19	val	1	1	3.31
8RUJ	2024-06-19	val	1	1	3.12
8RUK	2024-06-19	val	1	1	4.81
8RUL	2024-06-19	val	1	1	3.6
8RUM	2024-06-19	val	1	1	3.6
8RUN	2024-06-19	val	1	1	3.73
8S6W	2025-01-29	test	2	4	5.3
8S95	2023-08-09	train	1	1	2.99
8SA2	2023-07-26	train	1	2	3.1
8SA3	2023-07-26	train	1	2	3.0
8SA4	2023-07-26	train	1	2	3.1
8SA5	2023-07-26	train	1	2	3.5
8SA6	2023-07-26	train	1	2	5.3
8SCF	2023-07-12	train	1	1	
8SCH	2023-07-12	train	1	1	
8SKQ	2024-02-14	val	1	1	1.347
8SP9	2023-08-09	train	1	1	2.9
8SWG	2023-05-31	train	1	2	1.5
8SWO	2023-05-31	train	1	2	1.64
8SX5	2023-05-31	train	1	2	1.95
8SX6	2023-05-31	train	1	2	1.45
8SXL	2023-05-31	train	1	2	1.9
8SY1	2023-05-31	train	1	4	1.76
8SYK	2025-02-19	test	1	4	3.06
8T2P	2024-01-24	val	2	2	5.0
8T5O	2025-02-19	test	1	1	2.98
8TDY	2024-06-12	val	1	1	1.65
8TDZ	2024-06-12	val	1	1	1.64
8TE0	2024-06-12	val	1	1	1.42
8TE2	2024-06-12	val	1	1	1.63
8THV	2023-08-02	train	1	1	
8TJQ	2023-11-01	train	1	1	3.4
8TJV	2023-11-01	train	1	1	2.99
8TJX	2023-11-01	train	1	1	2.44
8TKJ	2025-02-19	test	1	1	3.2
8TKK	2025-02-19	test	1	1	3.37
8TNS	2023-11-15	train	1	1	
8TOZ	2024-08-07	val	1	1	3.0
8TQX	2024-03-06	val	1	2	2.05
8TSV	2024-03-06	val	1	4	1.51
8TVZ	2024-04-03	val	1	1	5.94
8U3M	2023-10-04	train	1	1	
8U5J	2024-03-27	val	1	1	1.7
8U5K	2024-03-27	val	1	3	2.8
8U5P	2024-03-27	val	1	3	2.9
8U5R	2024-03-27	val	1	3	2.6
8U5T	2024-03-27	val	1	3	2.2
8U5Z	2024-03-27	val	1	3	2.5
8U60	2024-03-27	val	1	3	3.3
8UO6	2024-06-05	val	1	2	2.85
8UPT	2024-01-10	val	1	1	2.8
8UPY	2024-09-04	val	1	1	2.8
8UTG	2024-06-19	val	1	2	1.97
8UYE	2023-12-06	train	1	1	5.9
8UYG	2023-12-06	train	1	1	6.4
8UYJ	2023-12-06	train	1	1	7.3
8UYK	2023-12-06	train	1	1	6.9
8UYL	2023-12-06	train	1	1	6.4
8UYM	2023-12-06	train	1	1	6.4
8UYP	2023-12-20	train	1	1	7.1
8UYS	2023-12-06	train	1	1	4.7
8V1H	2024-07-10	val	1	1	2.8
8V1I	2024-07-10	val	1	2	2.3
8VAW	2024-04-17	val	1	2	1.25
8VAX	2024-04-17	val	1	2	1.417
8VCI	2024-01-17	val	1	1	6.1
8VFS	2024-12-25	val	1	2	2.7
8VJT	2024-10-16	val	1	2	1.052
8VPV	2024-10-02	val	1	1	3.04
8VQV	2025-06-11	test	1	1	2.43
8VT5	2024-07-24	val	1	1	2.69
8VVJ	2025-06-11	test	1	1	2.15
8VXX	2025-02-19	test	1	3	3.1
8VXZ	2025-02-19	test	1	3	3.0
8VY0	2025-02-19	test	1	3	3.1
8VY1	2025-02-19	test	1	3	3.1
8X0S	2024-06-19	val	1	2	2.95
8X9K	2025-03-12	test	1	1	2.63
8X9L	2025-03-12	test	2	2	3.04
8X9M	2025-03-12	test	1	1	2.78
8X9N	2025-03-12	test	2	2	3.01
8X9O	2025-03-12	test	1	1	3.06
8X9Q	2025-03-12	test	1	1	3.04
8XTP	2025-02-12	test	2	2	2.9
8XTQ	2025-02-12	test	1	1	2.96
8XTR	2025-02-12	test	2	2	2.67
8XTS	2025-02-12	test	1	1	2.54
8XZE	2024-07-24	val	1	1	2.34
8XZK	2024-07-24	val	1	1	2.58
8XZL	2024-07-24	val	1	1	2.13
8XZM	2024-07-24	val	1	1	1.98
8XZN	2024-07-24	val	1	1	1.82
8XZO	2024-07-24	val	1	1	1.26
8XZP	2024-07-24	val	1	1	2.18
8XZQ	2024-07-24	val	1	1	1.83
8XZR	2024-07-24	val	1	1	1.26
8XZW	2024-07-24	val	1	1	1.91
8YAM	2024-09-11	val	1	1	2.15
8YAN	2024-09-11	val	1	1	2.25
8YNO	2024-11-20	val	1	2	1.3
8YNP	2025-01-22	test	1	2	1.4
8YZL	2025-03-12	test	1	2	
8Z8Q	2025-03-19	test	1	2	3.01
8Z8U	2025-03-19	test	1	2	2.71
8Z9K	2025-03-19	test	1	2	3.86
8ZA0	2025-03-19	test	2	6	1.96
8ZA4	2025-03-19	test	2	6	2.85
8ZAU	2025-03-19	test	1	1	2.43
8ZMH	2025-03-12	test	1	1	4.6
8ZNQ	2025-06-04	test	1	1	
9BCI	2024-11-27	val	1	1	
9BLM	2024-11-27	val	1	1	
9BUN	2024-06-05	val	1	4	1.95
9BXE	2025-04-02	test	1	2	
9BZ1	2024-11-27	val	1	2	2.8
9BZC	2024-11-27	val	1	1	2.52
9C6I	2024-12-04	val	1	1	2.56
9C6J	2024-12-04	val	1	1	2.41
9C6K	2024-12-04	val	1	1	2.94
9CBU	2024-11-20	val	1	1	2.2
9CBW	2024-11-20	val	1	1	2.3
9CBX	2024-11-20	val	1	1	2.2
9CBY	2024-11-20	val	1	1	2.3
9CFN	2025-07-16	test	1	2	2.9
9CPD	2024-08-07	val	1	2	
9CPG	2024-08-07	val	1	2	
9CPI	2024-08-07	val	1	2	
9CPJ	2024-08-07	val	1	2	
9CSO	2025-05-14	test	1	1	1.4
9CSP	2025-05-14	test	1	1	1.6
9CSQ	2025-05-14	test	1	1	1.54
9CSR	2025-05-14	test	1	1	1.33
9CXF	2025-01-29	test	1	1	3.02
9DE6	2025-03-12	test	1	2	2.35
9DE7	2025-03-12	test	1	1	2.25
9DE8	2025-03-12	test	1	1	2.76
9DIB	2025-04-09	test	1	2	2.68
9DID	2025-04-09	test	1	2	2.8
9DIG	2025-04-09	test	1	2	3.22
9DII	2025-04-09	test	1	2	4.0
9DKG	2026-04-08	test	1	2	
9DLL	2024-09-25	val	1	2	
9DLM	2026-04-08	test	1	2	
9DLN	2026-05-06	test	1	2	
9DP9	2025-05-28	test	1	1	4.1
9DXL	2024-10-23	val	1	2	2.8
9E5H	2025-09-24	test	1	2	2.2
9E5I	2025-09-24	test	1	2	1.42
9E5J	2025-09-24	test	1	2	2.35
9E5K	2025-09-24	test	1	4	1.9
9E5L	2025-09-24	test	1	2	1.43
9E5M	2025-09-24	test	1	2	1.39
9E5O	2025-09-24	test	1	2	1.36
9E5P	2025-09-24	test	1	2	2.35
9E5Q	2025-09-24	test	1	2	1.36
9E5R	2025-09-24	test	1	2	2.34
9E5S	2025-09-24	test	1	2	2.5
9E5T	2025-09-24	test	1	2	2.19
9E73	2025-11-05	test	1	1	3.0
9E74	2025-11-05	test	1	1	3.0
9E75	2025-11-05	test	1	1	3.5
9E9O	2025-11-05	test	1	1	3.51
9E9Q	2025-07-09	test	1	1	3.33
9EBP	2025-11-19	test	1	2	2.7
9EBV	2025-11-19	test	1	2	2.5
9EC4	2025-11-19	test	1	2	2.85
9ECQ	2025-04-16	test	1	1	
9ECR	2025-04-16	test	1	1	
9ELR	2025-09-24	test	1	2	2.2
9ELY	2025-04-23	test	1	1	2.9
9EN6	2024-05-01	val	1	4	0.918
9EOW	2024-06-19	val	1	1	
9EWW	2025-04-16	test	1	1	8.57
9FM4	2025-05-07	test	1	1	
9FN2	2025-01-22	test	1	2	2.9
9FN3	2025-02-05	test	1	2	2.9
9FO8	2024-11-06	val	1	1	
9FO9	2024-11-06	val	1	1	
9G4I	2025-11-05	test	1	1	4.61
9G4J	2025-11-05	test	1	1	3.74
9G4L	2025-11-05	test	1	1	4.01
9G4P	2025-07-30	test	2	2	2.9
9G4Q	2025-07-30	test	1	2	1.99
9G4R	2025-07-30	test	1	1	2.53
9G4V	2025-11-05	test	1	1	4.69
9G54	2025-11-05	test	1	1	6.3
9G56	2025-12-17	test	1	1	7.54
9G7C	2024-10-30	val	1	1	3.27
9H82	2024-12-04	val	2	2	7.29
9H83	2024-12-04	val	2	4	7.8
9H86	2024-12-04	val	2	8	9.3
9H8A	2024-12-04	val	2	8	9.6
9HRD	2026-01-14	test	1	4	2.5
9HRF	2026-01-14	test	1	1	1.6
9HRG	2026-01-14	test	1	4	2.05
9HRO	2025-10-01	test	1	1	
9I8B	2025-03-12	test	2	2	
9I9W	2025-09-24	test	1	2	1.5
9IF0	2025-09-24	test	1	2	2.55
9IF1	2025-09-24	test	1	2	2.79
9IO0	2025-04-02	test	1	1	
9IO1	2025-04-02	test	1	1	
9IOR	2025-04-02	test	1	1	
9IOS	2025-04-02	test	1	1	
9IOU	2025-04-02	test	1	1	
9IS7	2025-02-12	test	2	2	2.87
9ISV	2025-03-19	test	1	1	3.07
9IWF	2025-06-04	test	1	2	2.06
9IWG	2025-06-04	test	1	2	2.48
9J3R	2025-03-19	test	1	4	4.72
9J3T	2025-03-19	test	1	8	3.8
9J4N	2025-07-09	test	1	1	2.897
9J4O	2025-07-09	test	1	1	2.499
9J6P	2025-01-15	test	1	2	2.49
9J6Y	2025-03-19	test	1	6	3.25
9J9X	2026-03-04	test	1	1	3.05
9JA7	2025-09-03	test	1	1	2.59
9JA9	2025-09-03	test	1	1	2.68
9JC8	2026-03-04	test	1	1	3.75
9JGM	2025-06-04	test	1	4	3.73
9K9G	2026-04-22	test	1	1	3.38
9K9H	2026-04-22	test	1	1	3.56
9K9J	2026-04-22	test	1	1	3.46
9K9K	2026-04-22	test	1	1	3.45
9KAD	2025-01-22	test	1	2	
9KGG	2025-11-12	test	1	1	3.12
9KGH	2025-11-12	test	1	1	3.3
9KPH	2025-03-19	test	1	2	3.93
9KPO	2025-03-19	test	1	2	3.98
9L0R	2025-03-19	test	1	12	4.72
9L8F	2026-07-01	test	1	1	2.51
9LCR	2025-03-19	test	1	2	2.6
9LE3	2025-09-10	test	1	6	2.75
9LE5	2025-09-10	test	1	1	2.58
9LE6	2025-09-10	test	1	6	2.58
9LEC	2025-09-10	test	1	1	2.51
9LEE	2025-09-10	test	1	10	2.51
9LEL	2025-09-10	test	1	1	2.98
9LEM	2025-09-10	test	1	10	2.98
9LHK	2025-09-10	test	1	1	2.93
9LHL	2025-09-10	test	1	14	2.93
9LJN	2025-11-26	test	1	1	2.75
9LKC	2025-11-26	test	1	1	2.61
9LKE	2025-11-26	test	1	1	2.26
9LKF	2025-11-26	test	1	1	2.83
9LKU	2025-08-20	test	1	1	2.74
9LKV	2025-08-20	test	1	1	2.13
9LKW	2025-08-20	test	1	1	2.28
9LMC	2025-11-26	test	1	2	2.97
9LMF	2025-03-19	test	1	10	3.93
9M78	2025-09-10	test	1	6	2.26
9M79	2025-09-10	test	1	1	1.96
9MCW	2025-04-23	test	1	2	2.9
9MDS	2025-04-30	test	1	8	3.1
9MDW	2025-05-14	test	1	1	1.42
9MDX	2025-05-14	test	1	1	1.499
9MDY	2025-05-14	test	1	1	1.36
9MEE	2025-04-30	test	1	14	3.0
9MFH	2025-09-24	test	1	1	2.5
9MM6	2025-06-04	test	1	8	2.94
9MME	2025-06-04	test	1	8	2.93
9MMG	2025-06-04	test	1	1	3.25
9MQS	2025-04-30	test	1	1	3.1
9MQT	2025-04-30	test	1	1	2.43
9MQU	2025-04-30	test	1	1	2.59
9NA1	2026-03-04	test	1	2	3.51
9NA7	2026-03-04	test	1	2	3.56
9NAK	2026-03-04	test	1	2	3.67
9NAM	2026-03-04	test	1	1	2.87
9NAP	2026-03-04	test	1	1	3.01
9NAS	2026-03-04	test	1	4	2.72
9NBC	2026-03-04	test	1	1	2.87
9NBH	2026-03-04	test	1	4	2.52
9NDD	2026-03-04	test	1	4	2.67
9NDV	2026-03-04	test	1	1	2.92
9NDW	2026-03-04	test	1	2	2.71
9NDX	2026-03-04	test	1	2	2.94
9O47	2026-04-22	test	1	2	1.6
9OBM	2025-07-16	test	1	1	
9OD4	2025-10-15	test	1	1	
9OD5	2025-10-15	test	1	1	
9OL2	2025-10-22	test	1	2	1.528
9OL3	2025-10-22	test	1	2	1.557
9OV3	2026-05-20	test	1	1	3.19
9OV6	2026-05-20	test	1	1	3.46
9OV7	2026-05-20	test	1	1	3.27
9OV8	2026-05-20	test	1	1	3.2
9OVB	2026-05-20	test	1	1	3.21
9OVC	2026-05-20	test	1	1	2.97
9OWJ	2026-05-20	test	2	3	2.94
9OWK	2026-06-03	test	2	3	2.98
9OWL	2026-05-20	test	2	2	2.99
9OWM	2026-05-20	test	2	2	2.95
9OWN	2026-05-06	test	2	2	2.86
9OWO	2026-06-10	test	2	2	2.93
9OWP	2026-06-10	test	2	2	2.94
9OWQ	2026-05-06	test	2	2	2.78
9OY2	2026-05-20	test	1	1	3.14
9OY3	2026-05-20	test	1	1	3.13
9OY4	2026-05-20	test	1	1	3.11
9PDE	2026-02-04	test	1	1	
9PDF	2026-02-04	test	1	1	
9PDG	2026-02-04	test	1	1	
9Q0I	2026-04-29	test	1	6	1.8
9Q0J	2026-04-29	test	1	3	2.0
9Q3C	2025-11-05	test	1	14	1.35
9QTJ	2026-02-18	test	1	1	3.79
9QU6	2026-02-25	test	2	2	3.2
9QU7	2026-02-25	test	1	2	2.6
9QZJ	2025-10-01	test	1	1	
9R7Q	2026-02-25	test	1	1	4.41
9R7W	2026-02-25	test	1	1	6.06
9R82	2026-02-25	test	1	1	9.33
9RB4	2026-06-03	test	1	1	0.938
9S1D	2026-07-22	test	3	3	2.6
9SD9	2026-06-10	test	1	2	9.6
9SXV	2025-11-12	test	1	1	
9SY4	2025-11-12	test	1	1	
9SY8	2026-06-24	test	1	1	
9SYC	2026-06-24	test	1	1	
9SYD	2026-06-24	test	1	1	
9SYE	2026-06-24	test	1	1	
9SYF	2026-06-24	test	1	1	
9TCA	2026-02-11	test	2	4	1.94
9TCG	2026-02-11	test	2	4	2.5
9UUG	2026-06-10	test	1	1	3.6
9UW0	2025-08-20	test	1	1	1.97
9V4U	2025-11-26	test	1	1	2.54
9V4V	2025-11-26	test	1	1	3.12
9V4X	2025-11-26	test	1	1	2.92
9V4Y	2025-11-26	test	1	1	2.79
9V4Z	2025-11-26	test	1	1	2.74
9V50	2025-11-26	test	1	1	3.23
9V51	2025-11-26	test	1	1	3.23
9V7N	2026-03-25	test	1	3	3.11
9V7O	2026-03-25	test	1	3	3.06
9V7P	2026-03-25	test	1	1	3.01
9V7Q	2026-03-25	test	1	1	3.27
9VMZ	2026-07-01	test	1	1	2.44
9VSN	2026-05-20	test	1	2	3.1
9W1L	2026-01-28	test	1	1	
9WHV	2025-10-15	test	1	8	
9X6B	2026-03-25	test	1	1	2.86
9YD3	2025-10-22	test	1	2	1.592
9Z6I	2026-05-27	test	1	1	4.32
9ZBQ	2025-12-03	test	1	1	5.3
9ZBR	2025-12-03	test	1	1	7.5
9ZC6	2025-12-03	test	1	1	4.9
9ZC7	2025-12-03	test	1	1	7.9
9ZC8	2025-12-03	test	1	2	12.1
9ZC9	2025-12-03	test	1	1	8.0
9ZCA	2025-12-10	test	1	2	11.5
9ZCB	2025-12-10	test	1	2	11.5
9ZCC	2025-12-03	test	1	2	12.2
9ZDV	2026-05-13	test	1	1	3.3
9ZF2	2026-05-13	test	1	1	2.9
9ZF3	2026-05-13	test	1	1	3.0
9ZF5	2026-05-13	test	1	1	3.1
9ZF9	2026-05-13	test	1	1	3.9
9ZFC	2026-05-13	test	1	1	2.9
9ZFD	2026-05-13	test	1	1	2.93
9ZGM	2026-05-13	test	1	1	3.01
9ZGN	2026-05-13	test	1	1	2.9
9ZGO	2026-05-13	test	1	1	3.0
9ZGP	2026-05-13	test	1	1	2.86
9ZGQ	2026-05-13	test	1	1	2.9
9ZGR	2026-05-13	test	1	1	2.93
9ZGS	2026-05-13	test	1	1	2.91
9ZGT	2026-05-13	test	1	1	3.0
9ZGU	2026-05-13	test	1	1	3.3
9ZGV	2026-05-13	test	1	1	2.93
9ZGW	2026-05-13	test	1	1	2.98
9ZGX	2026-05-13	test	1	1	2.9
9ZGY	2026-05-13	test	1	1	2.9
9ZGZ	2026-05-13	test	1	1	2.9
9ZH0	2026-05-13	test	1	1	2.9
9ZH1	2026-05-13	test	1	1	3.0
9ZH2	2026-05-13	test	1	1	3.0
9ZH5	2026-05-13	test	1	1	2.94
9ZH7	2026-05-13	test	1	1	2.89
9ZH9	2026-05-13	test	1	1	3.0
9ZHA	2026-05-13	test	1	1	3.0
9ZHB	2026-05-13	test	1	1	2.9
9ZHC	2026-05-13	test	1	1	2.93
9ZHD	2026-05-13	test	1	1	2.9
9ZHE	2026-05-13	test	1	1	2.9
9ZHF	2026-05-13	test	1	1	2.88
9ZHG	2026-05-13	test	1	1	2.9
9ZHI	2026-05-13	test	1	1	2.9
9ZHJ	2026-05-13	test	1	1	2.9
9ZHK	2026-05-13	test	1	1	3.03
9ZHL	2026-05-13	test	1	1	3.03
9ZHO	2026-05-13	test	1	1	3.0
9ZHP	2026-05-13	test	1	1	3.12
9ZHR	2026-05-13	test	1	1	2.93
9ZHS	2026-05-13	test	1	1	3.0
9ZHT	2026-05-13	test	1	1	3.0
9ZHU	2026-05-13	test	1	1	3.07
9ZHV	2026-05-13	test	1	1	3.1
9ZHW	2026-05-13	test	1	1	3.0
9ZHX	2026-05-13	test	1	1	3.14
9ZHZ	2026-05-13	test	1	1	3.11
9ZI0	2026-05-13	test	1	1	3.1
9ZI2	2026-05-13	test	1	1	2.97
9ZI3	2026-05-13	test	1	1	3.0
9ZI4	2026-05-13	test	1	1	3.2
9ZI5	2026-05-13	test	1	1	2.96
9ZI6	2026-05-13	test	1	1	3.2
9ZI7	2026-05-13	test	1	1	3.3
