split	pdb_id	status	prediction_cif_count	main_pt_count	high_rmsd_pt_count	total_pt_count	rmsd_gt30_logged_count	missing_prediction_count	missing_pt_count	pt_issue_count	unexpected_pt_count	cause_counts	all_200_accounted
test	10ZT	PT_POLICY_EXCLUDED	200	0	0	0	0	0	200	0	0	{}	False
test	23JZ	ALL_200_PT_ACCOUNTED	200	200	0	200	0	0	0	0	0	{}	True
test	30SC	PT_POLICY_EXCLUDED	200	0	0	0	0	0	200	0	0	{}	False
test	8BU8	ALL_200_PT_ACCOUNTED	200	188	12	200	12	0	0	0	0	{}	True
test	8ITS	ALL_200_PT_ACCOUNTED	200	200	0	200	0	0	0	0	0	{}	True
test	8JHP	ALL_200_PT_ACCOUNTED	200	200	0	200	0	0	0	0	0	{}	True
test	8K15	ALL_200_PT_ACCOUNTED	200	178	22	200	22	0	0	0	0	{}	True
test	8K7W	ALL_200_PT_ACCOUNTED	200	200	0	200	0	0	0	0	0	{}	True
test	8Q4O	ALL_200_PT_ACCOUNTED	200	200	0	200	0	0	0	0	0	{}	True
test	8Q6N	ALL_200_PT_ACCOUNTED	200	200	0	200	0	0	0	0	0	{}	True
test	8QO2	ALL_200_PT_ACCOUNTED	200	44	156	200	156	0	0	0	0	{}	True
test	8QO3	ALL_200_PT_ACCOUNTED	200	200	0	200	0	0	0	0	0	{}	True
test	8T5O	ALL_200_PT_ACCOUNTED	200	200	0	200	0	0	0	0	0	{}	True
test	8TVZ	ALL_200_PT_ACCOUNTED	200	0	200	200	200	0	0	0	0	{}	True
test	8UPT	ALL_200_PT_ACCOUNTED	200	200	0	200	0	0	0	0	0	{}	True
test	8UPY	ALL_200_PT_ACCOUNTED	200	200	0	200	0	0	0	0	0	{}	True
test	8V1H	ALL_200_PT_ACCOUNTED	200	200	0	200	0	0	0	0	0	{}	True
test	8VCI	ALL_200_PT_ACCOUNTED	200	200	0	200	0	0	0	0	0	{}	True
test	8VT5	ALL_200_PT_ACCOUNTED	200	200	0	200	0	0	0	0	0	{}	True
test	8XTS	ALL_200_PT_ACCOUNTED	200	0	200	200	200	0	0	0	0	{}	True
test	8XZO	ALL_200_PT_ACCOUNTED	200	200	0	200	0	0	0	0	0	{}	True
test	8ZNQ	ALL_200_PT_ACCOUNTED	200	200	0	200	0	0	0	0	0	{}	True
test	9BCI	ALL_200_PT_ACCOUNTED	200	200	0	200	0	0	0	0	0	{}	True
test	9BLM	ALL_200_PT_ACCOUNTED	200	200	0	200	0	0	0	0	0	{}	True
test	9BZC	ALL_200_PT_ACCOUNTED	200	200	0	200	0	0	0	0	0	{}	True
test	9C6J	ALL_200_PT_ACCOUNTED	200	200	0	200	0	0	0	0	0	{}	True
test	9CXF	PT_POLICY_EXCLUDED	200	0	0	0	0	0	200	0	0	{}	False
test	9DE7	ALL_200_PT_ACCOUNTED	200	200	0	200	0	0	0	0	0	{}	True
test	9E74	ALL_200_PT_ACCOUNTED	200	125	75	200	75	0	0	0	0	{}	True
test	9E75	ALL_200_PT_ACCOUNTED	200	187	13	200	13	0	0	0	0	{}	True
test	9ECQ	ALL_200_PT_ACCOUNTED	200	200	0	200	0	0	0	0	0	{}	True
test	9ELY	ALL_200_PT_ACCOUNTED	200	164	36	200	36	0	0	0	0	{}	True
test	9EOW	ALL_200_PT_ACCOUNTED	200	200	0	200	0	0	0	0	0	{}	True
test	9EWW	ALL_200_PT_ACCOUNTED	200	200	0	200	0	0	0	0	0	{}	True
test	9FM4	ALL_200_PT_ACCOUNTED	200	200	0	200	0	0	0	0	0	{}	True
test	9FO8	ALL_200_PT_ACCOUNTED	200	200	0	200	0	0	0	0	0	{}	True
test	9FO9	ALL_200_PT_ACCOUNTED	200	200	0	200	0	0	0	0	0	{}	True
test	9G4I	ALL_200_PT_ACCOUNTED	200	200	0	200	0	0	0	0	0	{}	True
test	9G4R	ALL_200_PT_ACCOUNTED	200	200	0	200	0	0	0	0	0	{}	True
test	9G7C	ALL_200_PT_ACCOUNTED	200	138	62	200	62	0	0	0	0	{}	True
test	9HRF	ALL_200_PT_ACCOUNTED	200	200	0	200	0	0	0	0	0	{}	True
test	9HRO	ALL_200_PT_ACCOUNTED	200	200	0	200	0	0	0	0	0	{}	True
test	9IOS	ALL_200_PT_ACCOUNTED	200	200	0	200	0	0	0	0	0	{}	True
test	9ISV	ALL_200_PT_ACCOUNTED	200	20	180	200	180	0	0	0	0	{}	True
test	9J4N	ALL_200_PT_ACCOUNTED	200	200	0	200	0	0	0	0	0	{}	True
test	9J4O	ALL_200_PT_ACCOUNTED	200	200	0	200	0	0	0	0	0	{}	True
test	9K9G	ALL_200_PT_ACCOUNTED	200	176	24	200	24	0	0	0	0	{}	True
test	9K9K	ALL_200_PT_ACCOUNTED	200	200	0	200	0	0	0	0	0	{}	True
test	9KGG	ALL_200_PT_ACCOUNTED	200	200	0	200	0	0	0	0	0	{}	True
test	9L8F	ALL_200_PT_ACCOUNTED	200	200	0	200	0	0	0	0	0	{}	True
test	9LEC	ALL_200_PT_ACCOUNTED	200	87	113	200	113	0	0	0	0	{}	True
test	9LEL	ALL_200_PT_ACCOUNTED	200	2	198	200	198	0	0	0	0	{}	True
test	9LHK	ALL_200_PT_ACCOUNTED	200	0	200	200	200	0	0	0	0	{}	True
test	9LKE	ALL_200_PT_ACCOUNTED	200	200	0	200	0	0	0	0	0	{}	True
test	9M79	ALL_200_PT_ACCOUNTED	200	1	199	200	199	0	0	0	0	{}	True
test	9MFH	ALL_200_PT_ACCOUNTED	200	200	0	200	0	0	0	0	0	{}	True
test	9MQT	ALL_200_PT_ACCOUNTED	200	200	0	200	0	0	0	0	0	{}	True
test	9NAM	ALL_200_PT_ACCOUNTED	200	200	0	200	0	0	0	0	0	{}	True
test	9NBC	PT_POLICY_EXCLUDED	200	0	0	0	0	0	200	0	0	{}	False
test	9NDV	PT_POLICY_EXCLUDED	200	0	0	0	0	0	200	0	0	{}	False
test	9OBM	ALL_200_PT_ACCOUNTED	200	200	0	200	0	0	0	0	0	{}	True
test	9OD4	ALL_200_PT_ACCOUNTED	200	200	0	200	0	0	0	0	0	{}	True
test	9QTJ	ALL_200_PT_ACCOUNTED	200	200	0	200	0	0	0	0	0	{}	True
test	9QZJ	ALL_200_PT_ACCOUNTED	200	200	0	200	0	0	0	0	0	{}	True
test	9R7Q	PT_POLICY_EXCLUDED	200	0	0	0	0	0	200	0	0	{}	False
test	9R7W	PT_POLICY_EXCLUDED	200	0	0	0	0	0	200	0	0	{}	False
test	9R82	PRED_OOM_SKIPPED	0	0	0	0	0	200	0	0	0	{}	False
test	9SY8	ALL_200_PT_ACCOUNTED	200	200	0	200	0	0	0	0	0	{}	True
test	9UUG	ALL_200_PT_ACCOUNTED	200	200	0	200	0	0	0	0	0	{}	True
test	9UW0	ALL_200_PT_ACCOUNTED	200	200	0	200	0	0	0	0	0	{}	True
test	9W1L	ALL_200_PT_ACCOUNTED	200	200	0	200	0	0	0	0	0	{}	True
test	9X6B	ALL_200_PT_ACCOUNTED	200	200	0	200	0	0	0	0	0	{}	True
test	9Z6I	ALL_200_PT_ACCOUNTED	200	200	0	200	0	0	0	0	0	{}	True
test	9ZC9	ALL_200_PT_ACCOUNTED	200	0	200	200	200	0	0	0	0	{}	True
train	17RA	ALL_200_PT_ACCOUNTED	200	200	0	200	0	0	0	0	0	{}	True
train	1A51	ALL_200_PT_ACCOUNTED	200	200	0	200	0	0	0	0	0	{}	True
train	1A60	ALL_200_PT_ACCOUNTED	200	200	0	200	0	0	0	0	0	{}	True
train	1A9L	ALL_200_PT_ACCOUNTED	200	200	0	200	0	0	0	0	0	{}	True
train	1AFX	ALL_200_PT_ACCOUNTED	200	200	0	200	0	0	0	0	0	{}	True
train	1AJF	ALL_200_PT_ACCOUNTED	200	200	0	200	0	0	0	0	0	{}	True
train	1AJU	ALL_200_PT_ACCOUNTED	200	200	0	200	0	0	0	0	0	{}	True
train	1AKX	ALL_200_PT_ACCOUNTED	200	200	0	200	0	0	0	0	0	{}	True
train	1AM0	PT_POLICY_EXCLUDED	200	0	0	0	0	0	200	0	0	{}	False
train	1ANR	ALL_200_PT_ACCOUNTED	200	200	0	200	0	0	0	0	0	{}	True
train	1AQO	ALL_200_PT_ACCOUNTED	200	200	0	200	0	0	0	0	0	{}	True
train	1ARJ	ALL_200_PT_ACCOUNTED	200	200	0	200	0	0	0	0	0	{}	True
train	1ATO	ALL_200_PT_ACCOUNTED	200	200	0	200	0	0	0	0	0	{}	True
train	1ATV	ALL_200_PT_ACCOUNTED	200	200	0	200	0	0	0	0	0	{}	True
train	1ATW	ALL_200_PT_ACCOUNTED	200	200	0	200	0	0	0	0	0	{}	True
train	1B36	ALL_200_PT_ACCOUNTED	200	200	0	200	0	0	0	0	0	{}	True
train	1BGZ	ALL_200_PT_ACCOUNTED	200	200	0	200	0	0	0	0	0	{}	True
train	1BN0	ALL_200_PT_ACCOUNTED	200	200	0	200	0	0	0	0	0	{}	True
train	1BVJ	ALL_200_PT_ACCOUNTED	200	200	0	200	0	0	0	0	0	{}	True
train	1BYJ	ALL_200_PT_ACCOUNTED	200	200	0	200	0	0	0	0	0	{}	True
train	1BZ2	ALL_200_PT_ACCOUNTED	200	200	0	200	0	0	0	0	0	{}	True
train	1BZ3	ALL_200_PT_ACCOUNTED	200	200	0	200	0	0	0	0	0	{}	True
train	1BZT	ALL_200_PT_ACCOUNTED	200	200	0	200	0	0	0	0	0	{}	True
train	1BZU	ALL_200_PT_ACCOUNTED	200	200	0	200	0	0	0	0	0	{}	True
train	1C0O	ALL_200_PT_ACCOUNTED	200	200	0	200	0	0	0	0	0	{}	True
train	1C2W	ALL_200_PT_ACCOUNTED	200	0	200	200	200	0	0	0	0	{}	True
train	1C2X	ALL_200_PT_ACCOUNTED	200	200	0	200	0	0	0	0	0	{}	True
train	1CQ5	ALL_200_PT_ACCOUNTED	200	200	0	200	0	0	0	0	0	{}	True
train	1CQL	ALL_200_PT_ACCOUNTED	200	200	0	200	0	0	0	0	0	{}	True
train	1D0T	ALL_200_PT_ACCOUNTED	200	200	0	200	0	0	0	0	0	{}	True
train	1D0U	ALL_200_PT_ACCOUNTED	200	200	0	200	0	0	0	0	0	{}	True
train	1DUH	ALL_200_PT_ACCOUNTED	200	0	200	200	200	0	0	0	0	{}	True
train	1E4P	ALL_200_PT_ACCOUNTED	200	200	0	200	0	0	0	0	0	{}	True
train	1E95	ALL_200_PT_ACCOUNTED	200	200	0	200	0	0	0	0	0	{}	True
train	1EBQ	ALL_200_PT_ACCOUNTED	200	200	0	200	0	0	0	0	0	{}	True
train	1EBR	ALL_200_PT_ACCOUNTED	200	200	0	200	0	0	0	0	0	{}	True
train	1EBS	ALL_200_PT_ACCOUNTED	200	200	0	200	0	0	0	0	0	{}	True
train	1EHT	ALL_200_PT_ACCOUNTED	200	200	0	200	0	0	0	0	0	{}	True
train	1EHZ	ALL_200_PT_ACCOUNTED	200	200	0	200	0	0	0	0	0	{}	True
train	1EI2	ALL_200_PT_ACCOUNTED	200	200	0	200	0	0	0	0	0	{}	True
train	1ESH	ALL_200_PT_ACCOUNTED	200	200	0	200	0	0	0	0	0	{}	True
train	1ESY	ALL_200_PT_ACCOUNTED	200	200	0	200	0	0	0	0	0	{}	True
train	1EVV	ALL_200_PT_ACCOUNTED	200	200	0	200	0	0	0	0	0	{}	True
train	1F1T	ALL_200_PT_ACCOUNTED	200	200	0	200	0	0	0	0	0	{}	True
train	1F6X	ALL_200_PT_ACCOUNTED	200	200	0	200	0	0	0	0	0	{}	True
train	1F6Z	ALL_200_PT_ACCOUNTED	200	200	0	200	0	0	0	0	0	{}	True
train	1F78	ALL_200_PT_ACCOUNTED	200	200	0	200	0	0	0	0	0	{}	True
train	1F79	ALL_200_PT_ACCOUNTED	200	200	0	200	0	0	0	0	0	{}	True
train	1F7F	ALL_200_PT_ACCOUNTED	200	200	0	200	0	0	0	0	0	{}	True
train	1F7G	ALL_200_PT_ACCOUNTED	200	200	0	200	0	0	0	0	0	{}	True
train	1F7H	ALL_200_PT_ACCOUNTED	200	200	0	200	0	0	0	0	0	{}	True
train	1F7I	ALL_200_PT_ACCOUNTED	200	200	0	200	0	0	0	0	0	{}	True
train	1F84	ALL_200_PT_ACCOUNTED	200	200	0	200	0	0	0	0	0	{}	True
train	1F85	ALL_200_PT_ACCOUNTED	200	200	0	200	0	0	0	0	0	{}	True
train	1F9L	ALL_200_PT_ACCOUNTED	200	200	0	200	0	0	0	0	0	{}	True
train	1FEQ	ALL_200_PT_ACCOUNTED	200	200	0	200	0	0	0	0	0	{}	True
train	1FHK	ALL_200_PT_ACCOUNTED	200	200	0	200	0	0	0	0	0	{}	True
train	1FIR	ALL_200_PT_ACCOUNTED	200	200	0	200	0	0	0	0	0	{}	True
train	1FL8	ALL_200_PT_ACCOUNTED	200	200	0	200	0	0	0	0	0	{}	True
train	1FMN	ALL_200_PT_ACCOUNTED	200	200	0	200	0	0	0	0	0	{}	True
train	1FQZ	ALL_200_PT_ACCOUNTED	200	200	0	200	0	0	0	0	0	{}	True
train	1FYO	ALL_200_PT_ACCOUNTED	200	200	0	200	0	0	0	0	0	{}	True
train	1FYP	ALL_200_PT_ACCOUNTED	200	200	0	200	0	0	0	0	0	{}	True
train	1G2J	PT_POLICY_EXCLUDED	200	0	0	0	0	0	200	0	0	{}	False
train	1HLX	ALL_200_PT_ACCOUNTED	200	200	0	200	0	0	0	0	0	{}	True
train	1HS1	ALL_200_PT_ACCOUNTED	200	200	0	200	0	0	0	0	0	{}	True
train	1HS2	ALL_200_PT_ACCOUNTED	200	200	0	200	0	0	0	0	0	{}	True
train	1HS3	ALL_200_PT_ACCOUNTED	200	200	0	200	0	0	0	0	0	{}	True
train	1HS4	ALL_200_PT_ACCOUNTED	200	200	0	200	0	0	0	0	0	{}	True
train	1HS8	ALL_200_PT_ACCOUNTED	200	200	0	200	0	0	0	0	0	{}	True
train	1HWQ	ALL_200_PT_ACCOUNTED	200	200	0	200	0	0	0	0	0	{}	True
train	1I3X	ALL_200_PT_ACCOUNTED	200	200	0	200	0	0	0	0	0	{}	True
train	1I3Y	ALL_200_PT_ACCOUNTED	200	200	0	200	0	0	0	0	0	{}	True
train	1I46	ALL_200_PT_ACCOUNTED	200	200	0	200	0	0	0	0	0	{}	True
train	1I4B	ALL_200_PT_ACCOUNTED	200	200	0	200	0	0	0	0	0	{}	True
train	1I4C	ALL_200_PT_ACCOUNTED	200	200	0	200	0	0	0	0	0	{}	True
train	1I9V	ALL_200_PT_ACCOUNTED	200	200	0	200	0	0	0	0	0	{}	True
train	1IDV	ALL_200_PT_ACCOUNTED	200	200	0	200	0	0	0	0	0	{}	True
train	1IE1	ALL_200_PT_ACCOUNTED	200	200	0	200	0	0	0	0	0	{}	True
train	1IE2	ALL_200_PT_ACCOUNTED	200	200	0	200	0	0	0	0	0	{}	True
train	1IK1	ALL_200_PT_ACCOUNTED	200	200	0	200	0	0	0	0	0	{}	True
train	1IKD	ALL_200_PT_ACCOUNTED	200	200	0	200	0	0	0	0	0	{}	True
train	1J4Y	ALL_200_PT_ACCOUNTED	200	200	0	200	0	0	0	0	0	{}	True
train	1JO7	ALL_200_PT_ACCOUNTED	200	200	0	200	0	0	0	0	0	{}	True
train	1JOX	ALL_200_PT_ACCOUNTED	200	200	0	200	0	0	0	0	0	{}	True
train	1JP0	ALL_200_PT_ACCOUNTED	200	200	0	200	0	0	0	0	0	{}	True
train	1JTJ	ALL_200_PT_ACCOUNTED	200	200	0	200	0	0	0	0	0	{}	True
train	1JTW	ALL_200_PT_ACCOUNTED	200	200	0	200	0	0	0	0	0	{}	True
train	1JU7	ALL_200_PT_ACCOUNTED	200	200	0	200	0	0	0	0	0	{}	True
train	1JUR	ALL_200_PT_ACCOUNTED	200	200	0	200	0	0	0	0	0	{}	True
train	1JWC	ALL_200_PT_ACCOUNTED	200	200	0	200	0	0	0	0	0	{}	True
train	1JZC	ALL_200_PT_ACCOUNTED	200	200	0	200	0	0	0	0	0	{}	True
train	1K2G	ALL_200_PT_ACCOUNTED	200	200	0	200	0	0	0	0	0	{}	True
train	1K4A	ALL_200_PT_ACCOUNTED	200	200	0	200	0	0	0	0	0	{}	True
train	1K4B	ALL_200_PT_ACCOUNTED	200	200	0	200	0	0	0	0	0	{}	True
train	1K5I	ALL_200_PT_ACCOUNTED	200	200	0	200	0	0	0	0	0	{}	True
train	1K6G	ALL_200_PT_ACCOUNTED	200	200	0	200	0	0	0	0	0	{}	True
train	1K6H	ALL_200_PT_ACCOUNTED	200	200	0	200	0	0	0	0	0	{}	True
train	1KAJ	ALL_200_PT_ACCOUNTED	200	200	0	200	0	0	0	0	0	{}	True
train	1KFO	ALL_200_PT_ACCOUNTED	200	200	0	200	0	0	0	0	0	{}	True
train	1KH6	ALL_200_PT_ACCOUNTED	200	200	0	200	0	0	0	0	0	{}	True
train	1KKA	ALL_200_PT_ACCOUNTED	200	200	0	200	0	0	0	0	0	{}	True
train	1KKS	ALL_200_PT_ACCOUNTED	200	200	0	200	0	0	0	0	0	{}	True
train	1KOS	ALL_200_PT_ACCOUNTED	200	200	0	200	0	0	0	0	0	{}	True
train	1KP7	ALL_200_PT_ACCOUNTED	200	200	0	200	0	0	0	0	0	{}	True
train	1KPD	ALL_200_PT_ACCOUNTED	200	200	0	200	0	0	0	0	0	{}	True
train	1KPY	ALL_200_PT_ACCOUNTED	200	200	0	200	0	0	0	0	0	{}	True
train	1KPZ	ALL_200_PT_ACCOUNTED	200	200	0	200	0	0	0	0	0	{}	True
train	1KXK	ALL_200_PT_ACCOUNTED	200	200	0	200	0	0	0	0	0	{}	True
train	1L1W	ALL_200_PT_ACCOUNTED	200	200	0	200	0	0	0	0	0	{}	True
train	1L2X	ALL_200_PT_ACCOUNTED	200	200	0	200	0	0	0	0	0	{}	True
train	1L3D	ALL_200_PT_ACCOUNTED	200	200	0	200	0	0	0	0	0	{}	True
train	1LC6	ALL_200_PT_ACCOUNTED	200	200	0	200	0	0	0	0	0	{}	True
train	1LDZ	ALL_200_PT_ACCOUNTED	200	200	0	200	0	0	0	0	0	{}	True
train	1LU3	ALL_200_PT_ACCOUNTED	200	200	0	200	0	0	0	0	0	{}	True
train	1LUU	ALL_200_PT_ACCOUNTED	200	200	0	200	0	0	0	0	0	{}	True
train	1LUX	ALL_200_PT_ACCOUNTED	200	200	0	200	0	0	0	0	0	{}	True
train	1LVJ	ALL_200_PT_ACCOUNTED	200	200	0	200	0	0	0	0	0	{}	True
train	1M5L	ALL_200_PT_ACCOUNTED	200	200	0	200	0	0	0	0	0	{}	True
train	1M82	ALL_200_PT_ACCOUNTED	200	200	0	200	0	0	0	0	0	{}	True
train	1MDG	ALL_200_PT_ACCOUNTED	200	200	0	200	0	0	0	0	0	{}	True
train	1ME1	ALL_200_PT_ACCOUNTED	200	200	0	200	0	0	0	0	0	{}	True
train	1MFJ	ALL_200_PT_ACCOUNTED	200	200	0	200	0	0	0	0	0	{}	True
train	1MFK	ALL_200_PT_ACCOUNTED	200	200	0	200	0	0	0	0	0	{}	True
train	1MFY	ALL_200_PT_ACCOUNTED	200	200	0	200	0	0	0	0	0	{}	True
train	1MNX	ALL_200_PT_ACCOUNTED	200	200	0	200	0	0	0	0	0	{}	True
train	1MSY	ALL_200_PT_ACCOUNTED	200	200	0	200	0	0	0	0	0	{}	True
train	1MT4	ALL_200_PT_ACCOUNTED	200	200	0	200	0	0	0	0	0	{}	True
train	1N66	ALL_200_PT_ACCOUNTED	200	200	0	200	0	0	0	0	0	{}	True
train	1N8X	ALL_200_PT_ACCOUNTED	200	200	0	200	0	0	0	0	0	{}	True
train	1NA2	ALL_200_PT_ACCOUNTED	200	200	0	200	0	0	0	0	0	{}	True
train	1NBK	ALL_200_PT_ACCOUNTED	200	200	0	200	0	0	0	0	0	{}	True
train	1NBR	ALL_200_PT_ACCOUNTED	200	200	0	200	0	0	0	0	0	{}	True
train	1NC0	ALL_200_PT_ACCOUNTED	200	200	0	200	0	0	0	0	0	{}	True
train	1NEM	ALL_200_PT_ACCOUNTED	200	200	0	200	0	0	0	0	0	{}	True
train	1NJN	PT_POLICY_EXCLUDED	200	0	0	0	0	0	200	0	0	{}	False
train	1NZ1	ALL_200_PT_ACCOUNTED	200	200	0	200	0	0	0	0	0	{}	True
train	1O15	ALL_200_PT_ACCOUNTED	200	200	0	200	0	0	0	0	0	{}	True
train	1OQ0	ALL_200_PT_ACCOUNTED	200	200	0	200	0	0	0	0	0	{}	True
train	1OSU	ALL_200_PT_ACCOUNTED	200	200	0	200	0	0	0	0	0	{}	True
train	1OSW	ALL_200_PT_ACCOUNTED	200	200	0	200	0	0	0	0	0	{}	True
train	1OW9	ALL_200_PT_ACCOUNTED	200	200	0	200	0	0	0	0	0	{}	True
train	1P5M	ALL_200_PT_ACCOUNTED	200	200	0	200	0	0	0	0	0	{}	True
train	1P5N	ALL_200_PT_ACCOUNTED	200	200	0	200	0	0	0	0	0	{}	True
train	1P5O	ALL_200_PT_ACCOUNTED	200	200	0	200	0	0	0	0	0	{}	True
train	1P5P	ALL_200_PT_ACCOUNTED	200	200	0	200	0	0	0	0	0	{}	True
train	1P79	ALL_200_PT_ACCOUNTED	200	200	0	200	0	0	0	0	0	{}	True
train	1P9X	PT_POLICY_EXCLUDED	200	0	0	0	0	0	200	0	0	{}	False
train	1PBR	ALL_200_PT_ACCOUNTED	200	200	0	200	0	0	0	0	0	{}	True
train	1PJY	ALL_200_PT_ACCOUNTED	200	200	0	200	0	0	0	0	0	{}	True
train	1Q75	ALL_200_PT_ACCOUNTED	200	200	0	200	0	0	0	0	0	{}	True
train	1Q8N	ALL_200_PT_ACCOUNTED	200	200	0	200	0	0	0	0	0	{}	True
train	1Q9A	ALL_200_PT_ACCOUNTED	200	200	0	200	0	0	0	0	0	{}	True
train	1QC8	ALL_200_PT_ACCOUNTED	200	200	0	200	0	0	0	0	0	{}	True
train	1QD3	ALL_200_PT_ACCOUNTED	200	200	0	200	0	0	0	0	0	{}	True
train	1QWA	ALL_200_PT_ACCOUNTED	200	200	0	200	0	0	0	0	0	{}	True
train	1QWB	ALL_200_PT_ACCOUNTED	200	200	0	200	0	0	0	0	0	{}	True
train	1QZA	PT_UNUSABLE_SPARSE_NATIVE_COORDINATES	200	0	0	0	0	0	200	200	0	"{""PT_UNUSABLE_SPARSE_NATIVE_COORDINATES"": 200}"	False
train	1QZB	PT_UNUSABLE_SPARSE_NATIVE_COORDINATES	200	0	0	0	0	0	200	200	0	"{""PT_UNUSABLE_SPARSE_NATIVE_COORDINATES"": 200}"	False
train	1R2P	ALL_200_PT_ACCOUNTED	200	200	0	200	0	0	0	0	0	{}	True
train	1R4H	ALL_200_PT_ACCOUNTED	200	200	0	200	0	0	0	0	0	{}	True
train	1R7W	ALL_200_PT_ACCOUNTED	200	200	0	200	0	0	0	0	0	{}	True
train	1R7Z	ALL_200_PT_ACCOUNTED	200	200	0	200	0	0	0	0	0	{}	True
train	1RAW	ALL_200_PT_ACCOUNTED	200	200	0	200	0	0	0	0	0	{}	True
train	1RFR	ALL_200_PT_ACCOUNTED	200	200	0	200	0	0	0	0	0	{}	True
train	1RHT	ALL_200_PT_ACCOUNTED	200	200	0	200	0	0	0	0	0	{}	True
train	1RMN	ALL_200_PT_ACCOUNTED	200	200	0	200	0	0	0	0	0	{}	True
train	1RNG	ALL_200_PT_ACCOUNTED	200	200	0	200	0	0	0	0	0	{}	True
train	1RNK	ALL_200_PT_ACCOUNTED	200	200	0	200	0	0	0	0	0	{}	True
train	1ROQ	ALL_200_PT_ACCOUNTED	200	200	0	200	0	0	0	0	0	{}	True
train	1RXA	ALL_200_PT_ACCOUNTED	200	200	0	200	0	0	0	0	0	{}	True
train	1S2F	ALL_200_PT_ACCOUNTED	200	200	0	200	0	0	0	0	0	{}	True
train	1S34	ALL_200_PT_ACCOUNTED	200	200	0	200	0	0	0	0	0	{}	True
train	1S9S	ALL_200_PT_ACCOUNTED	200	200	0	200	0	0	0	0	0	{}	True
train	1SCL	ALL_200_PT_ACCOUNTED	200	200	0	200	0	0	0	0	0	{}	True
train	1SLO	ALL_200_PT_ACCOUNTED	200	200	0	200	0	0	0	0	0	{}	True
train	1SLP	ALL_200_PT_ACCOUNTED	200	200	0	200	0	0	0	0	0	{}	True
train	1SY4	ALL_200_PT_ACCOUNTED	200	200	0	200	0	0	0	0	0	{}	True
train	1SYZ	ALL_200_PT_ACCOUNTED	200	200	0	200	0	0	0	0	0	{}	True
train	1SZY	ALL_200_PT_ACCOUNTED	200	200	0	200	0	0	0	0	0	{}	True
train	1T28	ALL_200_PT_ACCOUNTED	200	200	0	200	0	0	0	0	0	{}	True
train	1TBK	ALL_200_PT_ACCOUNTED	200	200	0	200	0	0	0	0	0	{}	True
train	1TFN	ALL_200_PT_ACCOUNTED	200	200	0	200	0	0	0	0	0	{}	True
train	1TJZ	ALL_200_PT_ACCOUNTED	200	200	0	200	0	0	0	0	0	{}	True
train	1TLR	ALL_200_PT_ACCOUNTED	200	200	0	200	0	0	0	0	0	{}	True
train	1TN1	ALL_200_PT_ACCOUNTED	200	200	0	200	0	0	0	0	0	{}	True
train	1TN2	ALL_200_PT_ACCOUNTED	200	200	0	200	0	0	0	0	0	{}	True
train	1TOB	ALL_200_PT_ACCOUNTED	200	200	0	200	0	0	0	0	0	{}	True
train	1TRA	ALL_200_PT_ACCOUNTED	200	200	0	200	0	0	0	0	0	{}	True
train	1TXS	ALL_200_PT_ACCOUNTED	200	200	0	200	0	0	0	0	0	{}	True
train	1U2A	ALL_200_PT_ACCOUNTED	200	200	0	200	0	0	0	0	0	{}	True
train	1U3K	ALL_200_PT_ACCOUNTED	200	200	0	200	0	0	0	0	0	{}	True
train	1U9S	ALL_200_PT_ACCOUNTED	200	200	0	200	0	0	0	0	0	{}	True
train	1UTS	ALL_200_PT_ACCOUNTED	200	200	0	200	0	0	0	0	0	{}	True
train	1UUD	ALL_200_PT_ACCOUNTED	200	200	0	200	0	0	0	0	0	{}	True
train	1UUI	ALL_200_PT_ACCOUNTED	200	200	0	200	0	0	0	0	0	{}	True
train	1UUU	ALL_200_PT_ACCOUNTED	200	200	0	200	0	0	0	0	0	{}	True
train	1VOP	ALL_200_PT_ACCOUNTED	200	200	0	200	0	0	0	0	0	{}	True
train	1VTQ	ALL_200_PT_ACCOUNTED	200	200	0	200	0	0	0	0	0	{}	True
train	1WKS	ALL_200_PT_ACCOUNTED	200	200	0	200	0	0	0	0	0	{}	True
train	1WTS	ALL_200_PT_ACCOUNTED	200	200	0	200	0	0	0	0	0	{}	True
train	1WTT	ALL_200_PT_ACCOUNTED	200	200	0	200	0	0	0	0	0	{}	True
train	1XHP	ALL_200_PT_ACCOUNTED	200	200	0	200	0	0	0	0	0	{}	True
train	1XJR	ALL_200_PT_ACCOUNTED	200	200	0	200	0	0	0	0	0	{}	True
train	1XSG	ALL_200_PT_ACCOUNTED	200	200	0	200	0	0	0	0	0	{}	True
train	1XSH	ALL_200_PT_ACCOUNTED	200	200	0	200	0	0	0	0	0	{}	True
train	1XST	ALL_200_PT_ACCOUNTED	200	200	0	200	0	0	0	0	0	{}	True
train	1XSU	ALL_200_PT_ACCOUNTED	200	200	0	200	0	0	0	0	0	{}	True
train	1XV6	ALL_200_PT_ACCOUNTED	200	200	0	200	0	0	0	0	0	{}	True
train	1XWP	ALL_200_PT_ACCOUNTED	200	200	0	200	0	0	0	0	0	{}	True
train	1XWU	ALL_200_PT_ACCOUNTED	200	200	0	200	0	0	0	0	0	{}	True
train	1Y26	ALL_200_PT_ACCOUNTED	200	200	0	200	0	0	0	0	0	{}	True
train	1Y27	ALL_200_PT_ACCOUNTED	200	200	0	200	0	0	0	0	0	{}	True
train	1YFG	ALL_200_PT_ACCOUNTED	200	200	0	200	0	0	0	0	0	{}	True
train	1YG3	ALL_200_PT_ACCOUNTED	200	200	0	200	0	0	0	0	0	{}	True
train	1YG4	ALL_200_PT_ACCOUNTED	200	200	0	200	0	0	0	0	0	{}	True
train	1YLG	ALL_200_PT_ACCOUNTED	200	200	0	200	0	0	0	0	0	{}	True
train	1YMO	ALL_200_PT_ACCOUNTED	200	200	0	200	0	0	0	0	0	{}	True
train	1YN1	ALL_200_PT_ACCOUNTED	200	200	0	200	0	0	0	0	0	{}	True
train	1YN2	ALL_200_PT_ACCOUNTED	200	200	0	200	0	0	0	0	0	{}	True
train	1YNC	ALL_200_PT_ACCOUNTED	200	200	0	200	0	0	0	0	0	{}	True
train	1YNE	ALL_200_PT_ACCOUNTED	200	200	0	200	0	0	0	0	0	{}	True
train	1YNG	ALL_200_PT_ACCOUNTED	200	200	0	200	0	0	0	0	0	{}	True
train	1YSV	ALL_200_PT_ACCOUNTED	200	200	0	200	0	0	0	0	0	{}	True
train	1Z2J	ALL_200_PT_ACCOUNTED	200	200	0	200	0	0	0	0	0	{}	True
train	1Z30	ALL_200_PT_ACCOUNTED	200	200	0	200	0	0	0	0	0	{}	True
train	1Z31	ALL_200_PT_ACCOUNTED	200	200	0	200	0	0	0	0	0	{}	True
train	1Z43	ALL_200_PT_ACCOUNTED	200	200	0	200	0	0	0	0	0	{}	True
train	1Z58	PT_POLICY_EXCLUDED	200	0	0	0	0	0	200	0	0	{}	False
train	1ZC5	ALL_200_PT_ACCOUNTED	200	200	0	200	0	0	0	0	0	{}	True
train	1ZIF	ALL_200_PT_ACCOUNTED	200	200	0	200	0	0	0	0	0	{}	True
train	1ZIG	ALL_200_PT_ACCOUNTED	200	200	0	200	0	0	0	0	0	{}	True
train	1ZIH	ALL_200_PT_ACCOUNTED	200	200	0	200	0	0	0	0	0	{}	True
train	255D	ALL_200_PT_ACCOUNTED	200	200	0	200	0	0	0	0	0	{}	True
train	283D	ALL_200_PT_ACCOUNTED	200	200	0	200	0	0	0	0	0	{}	True
train	28SP	ALL_200_PT_ACCOUNTED	200	200	0	200	0	0	0	0	0	{}	True
train	28SR	ALL_200_PT_ACCOUNTED	200	200	0	200	0	0	0	0	0	{}	True
train	2A2E	ALL_200_PT_ACCOUNTED	200	200	0	200	0	0	0	0	0	{}	True
train	2A43	ALL_200_PT_ACCOUNTED	200	200	0	200	0	0	0	0	0	{}	True
train	2A64	ALL_200_PT_ACCOUNTED	200	200	0	200	0	0	0	0	0	{}	True
train	2A9L	ALL_200_PT_ACCOUNTED	200	200	0	200	0	0	0	0	0	{}	True
train	2AHT	ALL_200_PT_ACCOUNTED	200	200	0	200	0	0	0	0	0	{}	True
train	2AP0	ALL_200_PT_ACCOUNTED	200	200	0	200	0	0	0	0	0	{}	True
train	2AP5	ALL_200_PT_ACCOUNTED	200	200	0	200	0	0	0	0	0	{}	True
train	2AU4	ALL_200_PT_ACCOUNTED	200	200	0	200	0	0	0	0	0	{}	True
train	2AWQ	ALL_200_PT_ACCOUNTED	200	200	0	200	0	0	0	0	0	{}	True
train	2B57	ALL_200_PT_ACCOUNTED	200	200	0	200	0	0	0	0	0	{}	True
train	2B7G	ALL_200_PT_ACCOUNTED	200	200	0	200	0	0	0	0	0	{}	True
train	2CD1	ALL_200_PT_ACCOUNTED	200	200	0	200	0	0	0	0	0	{}	True
train	2CD3	ALL_200_PT_ACCOUNTED	200	200	0	200	0	0	0	0	0	{}	True
train	2CD5	ALL_200_PT_ACCOUNTED	200	200	0	200	0	0	0	0	0	{}	True
train	2CD6	ALL_200_PT_ACCOUNTED	200	200	0	200	0	0	0	0	0	{}	True
train	2EES	ALL_200_PT_ACCOUNTED	200	200	0	200	0	0	0	0	0	{}	True
train	2EET	ALL_200_PT_ACCOUNTED	200	200	0	200	0	0	0	0	0	{}	True
train	2EEU	ALL_200_PT_ACCOUNTED	200	200	0	200	0	0	0	0	0	{}	True
train	2EEV	ALL_200_PT_ACCOUNTED	200	200	0	200	0	0	0	0	0	{}	True
train	2EEW	ALL_200_PT_ACCOUNTED	200	200	0	200	0	0	0	0	0	{}	True
train	2ES5	ALL_200_PT_ACCOUNTED	200	200	0	200	0	0	0	0	0	{}	True
train	2EUY	ALL_200_PT_ACCOUNTED	200	200	0	200	0	0	0	0	0	{}	True
train	2EVY	ALL_200_PT_ACCOUNTED	200	200	0	200	0	0	0	0	0	{}	True
train	2F87	ALL_200_PT_ACCOUNTED	200	200	0	200	0	0	0	0	0	{}	True
train	2F88	ALL_200_PT_ACCOUNTED	200	200	0	200	0	0	0	0	0	{}	True
train	2FDT	ALL_200_PT_ACCOUNTED	200	200	0	200	0	0	0	0	0	{}	True
train	2FEY	ALL_200_PT_ACCOUNTED	200	200	0	200	0	0	0	0	0	{}	True
train	2G1G	ALL_200_PT_ACCOUNTED	200	200	0	200	0	0	0	0	0	{}	True
train	2G1W	ALL_200_PT_ACCOUNTED	200	200	0	200	0	0	0	0	0	{}	True
train	2G9C	ALL_200_PT_ACCOUNTED	200	200	0	200	0	0	0	0	0	{}	True
train	2GBH	PT_POLICY_EXCLUDED	200	0	0	0	0	0	200	0	0	{}	False
train	2GIO	ALL_200_PT_ACCOUNTED	200	200	0	200	0	0	0	0	0	{}	True
train	2GIP	ALL_200_PT_ACCOUNTED	200	200	0	200	0	0	0	0	0	{}	True
train	2GIS	ALL_200_PT_ACCOUNTED	200	200	0	200	0	0	0	0	0	{}	True
train	2GRW	ALL_200_PT_ACCOUNTED	200	200	0	200	0	0	0	0	0	{}	True
train	2GV3	ALL_200_PT_ACCOUNTED	200	200	0	200	0	0	0	0	0	{}	True
train	2GV4	ALL_200_PT_ACCOUNTED	200	200	0	200	0	0	0	0	0	{}	True
train	2GVO	ALL_200_PT_ACCOUNTED	200	200	0	200	0	0	0	0	0	{}	True
train	2HEM	ALL_200_PT_ACCOUNTED	200	200	0	200	0	0	0	0	0	{}	True
train	2HNS	ALL_200_PT_ACCOUNTED	200	200	0	200	0	0	0	0	0	{}	True
train	2HOJ	ALL_200_PT_ACCOUNTED	200	200	0	200	0	0	0	0	0	{}	True
train	2HOK	ALL_200_PT_ACCOUNTED	200	200	0	200	0	0	0	0	0	{}	True
train	2HOL	ALL_200_PT_ACCOUNTED	200	200	0	200	0	0	0	0	0	{}	True
train	2HOM	ALL_200_PT_ACCOUNTED	200	200	0	200	0	0	0	0	0	{}	True
train	2HOO	ALL_200_PT_ACCOUNTED	200	200	0	200	0	0	0	0	0	{}	True
train	2HOP	ALL_200_PT_ACCOUNTED	200	200	0	200	0	0	0	0	0	{}	True
train	2HUA	ALL_200_PT_ACCOUNTED	200	200	0	200	0	0	0	0	0	{}	True
train	2IXY	ALL_200_PT_ACCOUNTED	200	200	0	200	0	0	0	0	0	{}	True
train	2IXZ	ALL_200_PT_ACCOUNTED	200	200	0	200	0	0	0	0	0	{}	True
train	2JJA	PT_UNUSABLE_UNRESOLVED_MODIFIED_RESIDUES	200	0	0	0	0	0	200	200	0	"{""PT_UNUSABLE_UNRESOLVED_MODIFIED_RESIDUES"": 200}"	False
train	2JR4	ALL_200_PT_ACCOUNTED	200	200	0	200	0	0	0	0	0	{}	True
train	2JRG	PT_POLICY_EXCLUDED	200	0	0	0	0	0	200	0	0	{}	False
train	2JRQ	PT_POLICY_EXCLUDED	200	0	0	0	0	0	200	0	0	{}	False
train	2JSE	ALL_200_PT_ACCOUNTED	200	200	0	200	0	0	0	0	0	{}	True
train	2JSG	ALL_200_PT_ACCOUNTED	200	200	0	200	0	0	0	0	0	{}	True
train	2JTP	ALL_200_PT_ACCOUNTED	200	200	0	200	0	0	0	0	0	{}	True
train	2JUK	ALL_200_PT_ACCOUNTED	200	200	0	200	0	0	0	0	0	{}	True
train	2JWV	ALL_200_PT_ACCOUNTED	200	200	0	200	0	0	0	0	0	{}	True
train	2JXV	ALL_200_PT_ACCOUNTED	200	200	0	200	0	0	0	0	0	{}	True
train	2JYM	ALL_200_PT_ACCOUNTED	200	200	0	200	0	0	0	0	0	{}	True
train	2K4C	ALL_200_PT_ACCOUNTED	200	200	0	200	0	0	0	0	0	{}	True
train	2K5Z	ALL_200_PT_ACCOUNTED	200	200	0	200	0	0	0	0	0	{}	True
train	2K66	ALL_200_PT_ACCOUNTED	200	200	0	200	0	0	0	0	0	{}	True
train	2K95	ALL_200_PT_ACCOUNTED	200	200	0	200	0	0	0	0	0	{}	True
train	2K96	ALL_200_PT_ACCOUNTED	200	200	0	200	0	0	0	0	0	{}	True
train	2KD8	ALL_200_PT_ACCOUNTED	200	200	0	200	0	0	0	0	0	{}	True
train	2KE6	ALL_200_PT_ACCOUNTED	200	200	0	200	0	0	0	0	0	{}	True
train	2KEZ	ALL_200_PT_ACCOUNTED	200	200	0	200	0	0	0	0	0	{}	True
train	2KF0	ALL_200_PT_ACCOUNTED	200	200	0	200	0	0	0	0	0	{}	True
train	2KGP	ALL_200_PT_ACCOUNTED	200	200	0	200	0	0	0	0	0	{}	True
train	2KHY	ALL_200_PT_ACCOUNTED	200	200	0	200	0	0	0	0	0	{}	True
train	2KOC	ALL_200_PT_ACCOUNTED	200	200	0	200	0	0	0	0	0	{}	True
train	2KPC	ALL_200_PT_ACCOUNTED	200	200	0	200	0	0	0	0	0	{}	True
train	2KPD	ALL_200_PT_ACCOUNTED	200	200	0	200	0	0	0	0	0	{}	True
train	2KPV	ALL_200_PT_ACCOUNTED	200	200	0	200	0	0	0	0	0	{}	True
train	2KRL	ALL_200_PT_ACCOUNTED	200	200	0	200	0	0	0	0	0	{}	True
train	2KRP	ALL_200_PT_ACCOUNTED	200	200	0	200	0	0	0	0	0	{}	True
train	2KRQ	PT_POLICY_EXCLUDED	200	0	0	0	0	0	200	0	0	{}	False
train	2KRV	PT_POLICY_EXCLUDED	200	0	0	0	0	0	200	0	0	{}	False
train	2KRW	ALL_200_PT_ACCOUNTED	200	200	0	200	0	0	0	0	0	{}	True
train	2KRY	PT_POLICY_EXCLUDED	200	0	0	0	0	0	200	0	0	{}	False
train	2KRZ	ALL_200_PT_ACCOUNTED	200	200	0	200	0	0	0	0	0	{}	True
train	2KTZ	ALL_200_PT_ACCOUNTED	200	200	0	200	0	0	0	0	0	{}	True
train	2KU0	ALL_200_PT_ACCOUNTED	200	200	0	200	0	0	0	0	0	{}	True
train	2KUR	ALL_200_PT_ACCOUNTED	200	200	0	200	0	0	0	0	0	{}	True
train	2KUU	ALL_200_PT_ACCOUNTED	200	200	0	200	0	0	0	0	0	{}	True
train	2KUV	ALL_200_PT_ACCOUNTED	200	200	0	200	0	0	0	0	0	{}	True
train	2KUW	ALL_200_PT_ACCOUNTED	200	200	0	200	0	0	0	0	0	{}	True
train	2KVN	ALL_200_PT_ACCOUNTED	200	200	0	200	0	0	0	0	0	{}	True
train	2KX8	ALL_200_PT_ACCOUNTED	200	200	0	200	0	0	0	0	0	{}	True
train	2KXM	ALL_200_PT_ACCOUNTED	200	200	0	200	0	0	0	0	0	{}	True
train	2KYE	ALL_200_PT_ACCOUNTED	200	200	0	200	0	0	0	0	0	{}	True
train	2KZL	ALL_200_PT_ACCOUNTED	200	200	0	200	0	0	0	0	0	{}	True
train	2L1V	ALL_200_PT_ACCOUNTED	200	200	0	200	0	0	0	0	0	{}	True
train	2L2J	ALL_200_PT_ACCOUNTED	200	200	0	200	0	0	0	0	0	{}	True
train	2L3E	ALL_200_PT_ACCOUNTED	200	200	0	200	0	0	0	0	0	{}	True
train	2L5Z	ALL_200_PT_ACCOUNTED	200	200	0	200	0	0	0	0	0	{}	True
train	2L6I	ALL_200_PT_ACCOUNTED	200	200	0	200	0	0	0	0	0	{}	True
train	2L8H	ALL_200_PT_ACCOUNTED	200	200	0	200	0	0	0	0	0	{}	True
train	2L94	ALL_200_PT_ACCOUNTED	200	200	0	200	0	0	0	0	0	{}	True
train	2L9E	ALL_200_PT_ACCOUNTED	200	200	0	200	0	0	0	0	0	{}	True
train	2LA9	ALL_200_PT_ACCOUNTED	200	200	0	200	0	0	0	0	0	{}	True
train	2LAC	ALL_200_PT_ACCOUNTED	200	200	0	200	0	0	0	0	0	{}	True
train	2LBJ	ALL_200_PT_ACCOUNTED	200	200	0	200	0	0	0	0	0	{}	True
train	2LBK	ALL_200_PT_ACCOUNTED	200	200	0	200	0	0	0	0	0	{}	True
train	2LBL	ALL_200_PT_ACCOUNTED	200	200	0	200	0	0	0	0	0	{}	True
train	2LBQ	ALL_200_PT_ACCOUNTED	200	200	0	200	0	0	0	0	0	{}	True
train	2LBR	ALL_200_PT_ACCOUNTED	200	200	0	200	0	0	0	0	0	{}	True
train	2LC8	ALL_200_PT_ACCOUNTED	200	200	0	200	0	0	0	0	0	{}	True
train	2LDL	ALL_200_PT_ACCOUNTED	200	200	0	200	0	0	0	0	0	{}	True
train	2LDT	ALL_200_PT_ACCOUNTED	200	200	0	200	0	0	0	0	0	{}	True
train	2LDZ	ALL_200_PT_ACCOUNTED	200	200	0	200	0	0	0	0	0	{}	True
train	2LHP	ALL_200_PT_ACCOUNTED	200	200	0	200	0	0	0	0	0	{}	True
train	2LI4	ALL_200_PT_ACCOUNTED	200	200	0	200	0	0	0	0	0	{}	True
train	2LJJ	ALL_200_PT_ACCOUNTED	200	200	0	200	0	0	0	0	0	{}	True
train	2LK3	ALL_200_PT_ACCOUNTED	200	200	0	200	0	0	0	0	0	{}	True
train	2LKR	ALL_200_PT_ACCOUNTED	200	196	4	200	4	0	0	0	0	{}	True
train	2LP9	ALL_200_PT_ACCOUNTED	200	200	0	200	0	0	0	0	0	{}	True
train	2LPA	ALL_200_PT_ACCOUNTED	200	200	0	200	0	0	0	0	0	{}	True
train	2LPS	ALL_200_PT_ACCOUNTED	200	200	0	200	0	0	0	0	0	{}	True
train	2LPT	ALL_200_PT_ACCOUNTED	200	200	0	200	0	0	0	0	0	{}	True
train	2LQZ	ALL_200_PT_ACCOUNTED	200	200	0	200	0	0	0	0	0	{}	True
train	2LU0	ALL_200_PT_ACCOUNTED	200	200	0	200	0	0	0	0	0	{}	True
train	2LUB	ALL_200_PT_ACCOUNTED	200	200	0	200	0	0	0	0	0	{}	True
train	2LUN	ALL_200_PT_ACCOUNTED	200	200	0	200	0	0	0	0	0	{}	True
train	2LV0	ALL_200_PT_ACCOUNTED	200	200	0	200	0	0	0	0	0	{}	True
train	2LWK	ALL_200_PT_ACCOUNTED	200	200	0	200	0	0	0	0	0	{}	True
train	2M12	ALL_200_PT_ACCOUNTED	200	200	0	200	0	0	0	0	0	{}	True
train	2M21	ALL_200_PT_ACCOUNTED	200	200	0	200	0	0	0	0	0	{}	True
train	2M22	ALL_200_PT_ACCOUNTED	200	200	0	200	0	0	0	0	0	{}	True
train	2M24	ALL_200_PT_ACCOUNTED	200	200	0	200	0	0	0	0	0	{}	True
train	2M4Q	ALL_200_PT_ACCOUNTED	200	200	0	200	0	0	0	0	0	{}	True
train	2M4W	ALL_200_PT_ACCOUNTED	200	200	0	200	0	0	0	0	0	{}	True
train	2M57	ALL_200_PT_ACCOUNTED	200	200	0	200	0	0	0	0	0	{}	True
train	2M58	ALL_200_PT_ACCOUNTED	200	200	0	200	0	0	0	0	0	{}	True
train	2M5U	ALL_200_PT_ACCOUNTED	200	200	0	200	0	0	0	0	0	{}	True
train	2M8K	ALL_200_PT_ACCOUNTED	200	200	0	200	0	0	0	0	0	{}	True
train	2MEQ	ALL_200_PT_ACCOUNTED	200	200	0	200	0	0	0	0	0	{}	True
train	2MER	ALL_200_PT_ACCOUNTED	200	200	0	200	0	0	0	0	0	{}	True
train	2MFD	ALL_200_PT_ACCOUNTED	200	200	0	200	0	0	0	0	0	{}	True
train	2MHI	ALL_200_PT_ACCOUNTED	200	200	0	200	0	0	0	0	0	{}	True
train	2MIS	ALL_200_PT_ACCOUNTED	200	200	0	200	0	0	0	0	0	{}	True
train	2MIY	ALL_200_PT_ACCOUNTED	200	200	0	200	0	0	0	0	0	{}	True
train	2MN0	ALL_200_PT_ACCOUNTED	200	200	0	200	0	0	0	0	0	{}	True
train	2MNC	ALL_200_PT_ACCOUNTED	200	200	0	200	0	0	0	0	0	{}	True
train	2MQT	ALL_200_PT_ACCOUNTED	200	200	0	200	0	0	0	0	0	{}	True
train	2MTJ	ALL_200_PT_ACCOUNTED	200	200	0	200	0	0	0	0	0	{}	True
train	2MTK	ALL_200_PT_ACCOUNTED	200	200	0	200	0	0	0	0	0	{}	True
train	2MXJ	ALL_200_PT_ACCOUNTED	200	200	0	200	0	0	0	0	0	{}	True
train	2MXL	ALL_200_PT_ACCOUNTED	200	200	0	200	0	0	0	0	0	{}	True
train	2MXS	ALL_200_PT_ACCOUNTED	200	200	0	200	0	0	0	0	0	{}	True
train	2N0J	ALL_200_PT_ACCOUNTED	200	200	0	200	0	0	0	0	0	{}	True
train	2N0R	ALL_200_PT_ACCOUNTED	200	200	0	200	0	0	0	0	0	{}	True
train	2N1Q	ALL_200_PT_ACCOUNTED	200	174	26	200	26	0	0	0	0	{}	True
train	2N2O	ALL_200_PT_ACCOUNTED	200	200	0	200	0	0	0	0	0	{}	True
train	2N2P	ALL_200_PT_ACCOUNTED	200	200	0	200	0	0	0	0	0	{}	True
train	2N3Q	ALL_200_PT_ACCOUNTED	200	200	0	200	0	0	0	0	0	{}	True
train	2N3R	ALL_200_PT_ACCOUNTED	200	200	0	200	0	0	0	0	0	{}	True
train	2N4L	ALL_200_PT_ACCOUNTED	200	200	0	200	0	0	0	0	0	{}	True
train	2N6S	ALL_200_PT_ACCOUNTED	200	200	0	200	0	0	0	0	0	{}	True
train	2N6T	ALL_200_PT_ACCOUNTED	200	200	0	200	0	0	0	0	0	{}	True
train	2N6W	ALL_200_PT_ACCOUNTED	200	200	0	200	0	0	0	0	0	{}	True
train	2N6X	ALL_200_PT_ACCOUNTED	200	200	0	200	0	0	0	0	0	{}	True
train	2N7M	ALL_200_PT_ACCOUNTED	200	200	0	200	0	0	0	0	0	{}	True
train	2N7X	ALL_200_PT_ACCOUNTED	200	200	0	200	0	0	0	0	0	{}	True
train	2N8V	ALL_200_PT_ACCOUNTED	200	200	0	200	0	0	0	0	0	{}	True
train	2NBX	ALL_200_PT_ACCOUNTED	200	200	0	200	0	0	0	0	0	{}	True
train	2NBY	ALL_200_PT_ACCOUNTED	200	200	0	200	0	0	0	0	0	{}	True
train	2NBZ	ALL_200_PT_ACCOUNTED	200	200	0	200	0	0	0	0	0	{}	True
train	2NC0	ALL_200_PT_ACCOUNTED	200	200	0	200	0	0	0	0	0	{}	True
train	2NC1	ALL_200_PT_ACCOUNTED	200	200	0	200	0	0	0	0	0	{}	True
train	2NCI	ALL_200_PT_ACCOUNTED	200	200	0	200	0	0	0	0	0	{}	True
train	2O32	ALL_200_PT_ACCOUNTED	200	200	0	200	0	0	0	0	0	{}	True
train	2O33	ALL_200_PT_ACCOUNTED	200	200	0	200	0	0	0	0	0	{}	True
train	2O43	PT_POLICY_EXCLUDED	200	0	0	0	0	0	200	0	0	{}	False
train	2O44	PT_POLICY_EXCLUDED	200	0	0	0	0	0	200	0	0	{}	False
train	2O45	PT_POLICY_EXCLUDED	200	0	0	0	0	0	200	0	0	{}	False
train	2OJ7	ALL_200_PT_ACCOUNTED	200	200	0	200	0	0	0	0	0	{}	True
train	2OJ8	ALL_200_PT_ACCOUNTED	200	200	0	200	0	0	0	0	0	{}	True
train	2PCV	ALL_200_PT_ACCOUNTED	200	200	0	200	0	0	0	0	0	{}	True
train	2Q1R	ALL_200_PT_ACCOUNTED	200	200	0	200	0	0	0	0	0	{}	True
train	2QBZ	ALL_200_PT_ACCOUNTED	200	200	0	200	0	0	0	0	0	{}	True
train	2QH2	ALL_200_PT_ACCOUNTED	200	200	0	200	0	0	0	0	0	{}	True
train	2QH3	ALL_200_PT_ACCOUNTED	200	200	0	200	0	0	0	0	0	{}	True
train	2QH4	ALL_200_PT_ACCOUNTED	200	200	0	200	0	0	0	0	0	{}	True
train	2RLU	ALL_200_PT_ACCOUNTED	200	200	0	200	0	0	0	0	0	{}	True
train	2RO2	ALL_200_PT_ACCOUNTED	200	200	0	200	0	0	0	0	0	{}	True
train	2RP0	ALL_200_PT_ACCOUNTED	200	200	0	200	0	0	0	0	0	{}	True
train	2RP1	ALL_200_PT_ACCOUNTED	200	200	0	200	0	0	0	0	0	{}	True
train	2RPK	ALL_200_PT_ACCOUNTED	200	200	0	200	0	0	0	0	0	{}	True
train	2RPT	ALL_200_PT_ACCOUNTED	200	200	0	200	0	0	0	0	0	{}	True
train	2RRC	ALL_200_PT_ACCOUNTED	200	200	0	200	0	0	0	0	0	{}	True
train	2RVO	ALL_200_PT_ACCOUNTED	200	200	0	200	0	0	0	0	0	{}	True
train	2TOB	ALL_200_PT_ACCOUNTED	200	200	0	200	0	0	0	0	0	{}	True
train	2TPK	ALL_200_PT_ACCOUNTED	200	200	0	200	0	0	0	0	0	{}	True
train	2TRA	ALL_200_PT_ACCOUNTED	200	200	0	200	0	0	0	0	0	{}	True
train	2U2A	ALL_200_PT_ACCOUNTED	200	200	0	200	0	0	0	0	0	{}	True
train	2WNA	ALL_200_PT_ACCOUNTED	200	200	0	200	0	0	0	0	0	{}	True
train	2XC6	PT_UNUSABLE_UNRESOLVED_MODIFIED_RESIDUES	200	0	0	0	0	0	200	200	0	"{""PT_UNUSABLE_UNRESOLVED_MODIFIED_RESIDUES"": 200}"	False
train	2XNW	ALL_200_PT_ACCOUNTED	200	200	0	200	0	0	0	0	0	{}	True
train	2XNZ	ALL_200_PT_ACCOUNTED	200	200	0	200	0	0	0	0	0	{}	True
train	2XO0	ALL_200_PT_ACCOUNTED	200	200	0	200	0	0	0	0	0	{}	True
train	2XO1	ALL_200_PT_ACCOUNTED	200	200	0	200	0	0	0	0	0	{}	True
train	2Y95	ALL_200_PT_ACCOUNTED	200	200	0	200	0	0	0	0	0	{}	True
train	2YDH	ALL_200_PT_ACCOUNTED	200	200	0	200	0	0	0	0	0	{}	True
train	2YGH	ALL_200_PT_ACCOUNTED	200	200	0	200	0	0	0	0	0	{}	True
train	2Z9Q	PT_UNUSABLE_SPARSE_NATIVE_COORDINATES	200	0	0	0	0	0	200	200	0	"{""PT_UNUSABLE_SPARSE_NATIVE_COORDINATES"": 200}"	False
train	2ZY6	ALL_200_PT_ACCOUNTED	200	200	0	200	0	0	0	0	0	{}	True
train	333D	PT_POLICY_EXCLUDED	200	0	0	0	0	0	200	0	0	{}	False
train	387D	ALL_200_PT_ACCOUNTED	200	200	0	200	0	0	0	0	0	{}	True
train	3A3A	ALL_200_PT_ACCOUNTED	200	200	0	200	0	0	0	0	0	{}	True
train	3BBV	ALL_200_PT_ACCOUNTED	200	200	0	200	0	0	0	0	0	{}	True
train	3BNT	ALL_200_PT_ACCOUNTED	200	200	0	200	0	0	0	0	0	{}	True
train	3BWP	ALL_200_PT_ACCOUNTED	200	200	0	200	0	0	0	0	0	{}	True
train	3CW5	ALL_200_PT_ACCOUNTED	200	200	0	200	0	0	0	0	0	{}	True
train	3CW6	ALL_200_PT_ACCOUNTED	200	200	0	200	0	0	0	0	0	{}	True
train	3CZW	ALL_200_PT_ACCOUNTED	200	200	0	200	0	0	0	0	0	{}	True
train	3D0M	ALL_200_PT_ACCOUNTED	200	200	0	200	0	0	0	0	0	{}	True
train	3D0U	ALL_200_PT_ACCOUNTED	200	200	0	200	0	0	0	0	0	{}	True
train	3D0X	ALL_200_PT_ACCOUNTED	200	200	0	200	0	0	0	0	0	{}	True
train	3DHS	ALL_200_PT_ACCOUNTED	200	200	0	200	0	0	0	0	0	{}	True
train	3DIG	ALL_200_PT_ACCOUNTED	200	200	0	200	0	0	0	0	0	{}	True
train	3DIL	ALL_200_PT_ACCOUNTED	200	200	0	200	0	0	0	0	0	{}	True
train	3DIM	ALL_200_PT_ACCOUNTED	200	200	0	200	0	0	0	0	0	{}	True
train	3DIO	ALL_200_PT_ACCOUNTED	200	200	0	200	0	0	0	0	0	{}	True
train	3DIQ	ALL_200_PT_ACCOUNTED	200	200	0	200	0	0	0	0	0	{}	True
train	3DIR	ALL_200_PT_ACCOUNTED	200	200	0	200	0	0	0	0	0	{}	True
train	3DIS	ALL_200_PT_ACCOUNTED	200	200	0	200	0	0	0	0	0	{}	True
train	3DIX	ALL_200_PT_ACCOUNTED	200	200	0	200	0	0	0	0	0	{}	True
train	3DIY	ALL_200_PT_ACCOUNTED	200	200	0	200	0	0	0	0	0	{}	True
train	3DIZ	ALL_200_PT_ACCOUNTED	200	200	0	200	0	0	0	0	0	{}	True
train	3DJ0	ALL_200_PT_ACCOUNTED	200	200	0	200	0	0	0	0	0	{}	True
train	3DJ2	ALL_200_PT_ACCOUNTED	200	200	0	200	0	0	0	0	0	{}	True
train	3DVZ	ALL_200_PT_ACCOUNTED	200	200	0	200	0	0	0	0	0	{}	True
train	3DW4	ALL_200_PT_ACCOUNTED	200	200	0	200	0	0	0	0	0	{}	True
train	3DW5	ALL_200_PT_ACCOUNTED	200	200	0	200	0	0	0	0	0	{}	True
train	3DW6	ALL_200_PT_ACCOUNTED	200	200	0	200	0	0	0	0	0	{}	True
train	3DW7	ALL_200_PT_ACCOUNTED	200	200	0	200	0	0	0	0	0	{}	True
train	3E5C	ALL_200_PT_ACCOUNTED	200	200	0	200	0	0	0	0	0	{}	True
train	3E5E	ALL_200_PT_ACCOUNTED	200	200	0	200	0	0	0	0	0	{}	True
train	3E5F	ALL_200_PT_ACCOUNTED	200	200	0	200	0	0	0	0	0	{}	True
train	3F2Q	ALL_200_PT_ACCOUNTED	200	200	0	200	0	0	0	0	0	{}	True
train	3F2T	ALL_200_PT_ACCOUNTED	200	200	0	200	0	0	0	0	0	{}	True
train	3F2W	ALL_200_PT_ACCOUNTED	200	200	0	200	0	0	0	0	0	{}	True
train	3F2X	ALL_200_PT_ACCOUNTED	200	200	0	200	0	0	0	0	0	{}	True
train	3F2Y	ALL_200_PT_ACCOUNTED	200	200	0	200	0	0	0	0	0	{}	True
train	3F30	ALL_200_PT_ACCOUNTED	200	200	0	200	0	0	0	0	0	{}	True
train	3FO4	ALL_200_PT_ACCOUNTED	200	200	0	200	0	0	0	0	0	{}	True
train	3FO6	ALL_200_PT_ACCOUNTED	200	200	0	200	0	0	0	0	0	{}	True
train	3G4M	ALL_200_PT_ACCOUNTED	200	200	0	200	0	0	0	0	0	{}	True
train	3GAO	ALL_200_PT_ACCOUNTED	200	200	0	200	0	0	0	0	0	{}	True
train	3GCA	ALL_200_PT_ACCOUNTED	200	200	0	200	0	0	0	0	0	{}	True
train	3GER	ALL_200_PT_ACCOUNTED	200	200	0	200	0	0	0	0	0	{}	True
train	3GES	ALL_200_PT_ACCOUNTED	200	200	0	200	0	0	0	0	0	{}	True
train	3GOG	ALL_200_PT_ACCOUNTED	200	200	0	200	0	0	0	0	0	{}	True
train	3GOT	ALL_200_PT_ACCOUNTED	200	200	0	200	0	0	0	0	0	{}	True
train	3GX2	ALL_200_PT_ACCOUNTED	200	200	0	200	0	0	0	0	0	{}	True
train	3GX3	ALL_200_PT_ACCOUNTED	200	200	0	200	0	0	0	0	0	{}	True
train	3GX5	ALL_200_PT_ACCOUNTED	200	200	0	200	0	0	0	0	0	{}	True
train	3GX6	ALL_200_PT_ACCOUNTED	200	200	0	200	0	0	0	0	0	{}	True
train	3GX7	ALL_200_PT_ACCOUNTED	200	200	0	200	0	0	0	0	0	{}	True
train	3HGA	ALL_200_PT_ACCOUNTED	200	200	0	200	0	0	0	0	0	{}	True
train	3IQN	ALL_200_PT_ACCOUNTED	200	200	0	200	0	0	0	0	0	{}	True
train	3IQP	ALL_200_PT_ACCOUNTED	200	200	0	200	0	0	0	0	0	{}	True
train	3IQR	ALL_200_PT_ACCOUNTED	200	200	0	200	0	0	0	0	0	{}	True
train	3IZD	ALL_200_PT_ACCOUNTED	200	200	0	200	0	0	0	0	0	{}	True
train	3J28	PREP_SKIPPED	0	0	0	0	0	200	0	0	0	{}	False
train	3J29	PREP_SKIPPED	0	0	0	0	0	200	0	0	0	{}	False
train	3J2A	PREP_SKIPPED	0	0	0	0	0	200	0	0	0	{}	False
train	3J2B	PREP_SKIPPED	0	0	0	0	0	200	0	0	0	{}	False
train	3J2D	PREP_SKIPPED	0	0	0	0	0	200	0	0	0	{}	False
train	3J2E	PREP_SKIPPED	0	0	0	0	0	200	0	0	0	{}	False
train	3J2F	PREP_SKIPPED	0	0	0	0	0	200	0	0	0	{}	False
train	3J2G	PREP_SKIPPED	0	0	0	0	0	200	0	0	0	{}	False
train	3J2H	PREP_SKIPPED	0	0	0	0	0	200	0	0	0	{}	False
train	3K1V	ALL_200_PT_ACCOUNTED	200	200	0	200	0	0	0	0	0	{}	True
train	3L0U	ALL_200_PT_ACCOUNTED	200	200	0	200	0	0	0	0	0	{}	True
train	3LA5	ALL_200_PT_ACCOUNTED	200	200	0	200	0	0	0	0	0	{}	True
train	3MIJ	ALL_200_PT_ACCOUNTED	200	200	0	200	0	0	0	0	0	{}	True
train	3ND3	ALL_200_PT_ACCOUNTED	200	200	0	200	0	0	0	0	0	{}	True
train	3ND4	ALL_200_PT_ACCOUNTED	200	200	0	200	0	0	0	0	0	{}	True
train	3NJ6	ALL_200_PT_ACCOUNTED	200	200	0	200	0	0	0	0	0	{}	True
train	3NPN	ALL_200_PT_ACCOUNTED	200	200	0	200	0	0	0	0	0	{}	True
train	3PHP	ALL_200_PT_ACCOUNTED	200	200	0	200	0	0	0	0	0	{}	True
train	3Q50	ALL_200_PT_ACCOUNTED	200	200	0	200	0	0	0	0	0	{}	True
train	3Q51	ALL_200_PT_ACCOUNTED	200	200	0	200	0	0	0	0	0	{}	True
train	3R4F	ALL_200_PT_ACCOUNTED	200	200	0	200	0	0	0	0	0	{}	True
train	3S7C	PT_POLICY_EXCLUDED	200	0	0	0	0	0	200	0	0	{}	False
train	3S8U	PT_POLICY_EXCLUDED	200	0	0	0	0	0	200	0	0	{}	False
train	3SD3	ALL_200_PT_ACCOUNTED	200	200	0	200	0	0	0	0	0	{}	True
train	3SUH	ALL_200_PT_ACCOUNTED	200	200	0	200	0	0	0	0	0	{}	True
train	3SUX	ALL_200_PT_ACCOUNTED	200	200	0	200	0	0	0	0	0	{}	True
train	3SUY	ALL_200_PT_ACCOUNTED	200	200	0	200	0	0	0	0	0	{}	True
train	3T4B	ALL_200_PT_ACCOUNTED	200	200	0	200	0	0	0	0	0	{}	True
train	3TRA	ALL_200_PT_ACCOUNTED	200	200	0	200	0	0	0	0	0	{}	True
train	3VRS	ALL_200_PT_ACCOUNTED	200	200	0	200	0	0	0	0	0	{}	True
train	413D	ALL_200_PT_ACCOUNTED	200	200	0	200	0	0	0	0	0	{}	True
train	430D	ALL_200_PT_ACCOUNTED	200	200	0	200	0	0	0	0	0	{}	True
train	437D	ALL_200_PT_ACCOUNTED	200	200	0	200	0	0	0	0	0	{}	True
train	480D	ALL_200_PT_ACCOUNTED	200	200	0	200	0	0	0	0	0	{}	True
train	483D	ALL_200_PT_ACCOUNTED	200	200	0	200	0	0	0	0	0	{}	True
train	4A4R	PT_POLICY_EXCLUDED	200	0	0	0	0	0	200	0	0	{}	False
train	4A4S	ALL_200_PT_ACCOUNTED	200	200	0	200	0	0	0	0	0	{}	True
train	4A4T	ALL_200_PT_ACCOUNTED	200	200	0	200	0	0	0	0	0	{}	True
train	4A4U	ALL_200_PT_ACCOUNTED	200	200	0	200	0	0	0	0	0	{}	True
train	4AOB	ALL_200_PT_ACCOUNTED	200	200	0	200	0	0	0	0	0	{}	True
train	4B5R	ALL_200_PT_ACCOUNTED	200	200	0	200	0	0	0	0	0	{}	True
train	4C40	ALL_200_PT_ACCOUNTED	200	200	0	200	0	0	0	0	0	{}	True
train	4C4Q	ALL_200_PT_ACCOUNTED	200	10	190	200	190	0	0	0	0	{}	True
train	4CS1	ALL_200_PT_ACCOUNTED	200	200	0	200	0	0	0	0	0	{}	True
train	4DS6	ALL_200_PT_ACCOUNTED	200	200	0	200	0	0	0	0	0	{}	True
train	4E8M	ALL_200_PT_ACCOUNTED	200	200	0	200	0	0	0	0	0	{}	True
train	4E8N	ALL_200_PT_ACCOUNTED	200	200	0	200	0	0	0	0	0	{}	True
train	4E8P	ALL_200_PT_ACCOUNTED	200	200	0	200	0	0	0	0	0	{}	True
train	4E8Q	ALL_200_PT_ACCOUNTED	200	200	0	200	0	0	0	0	0	{}	True
train	4E8R	ALL_200_PT_ACCOUNTED	200	200	0	200	0	0	0	0	0	{}	True
train	4E8V	ALL_200_PT_ACCOUNTED	200	200	0	200	0	0	0	0	0	{}	True
train	4EN5	ALL_200_PT_ACCOUNTED	200	200	0	200	0	0	0	0	0	{}	True
train	4ENA	ALL_200_PT_ACCOUNTED	200	200	0	200	0	0	0	0	0	{}	True
train	4ENB	ALL_200_PT_ACCOUNTED	200	200	0	200	0	0	0	0	0	{}	True
train	4ENC	ALL_200_PT_ACCOUNTED	200	200	0	200	0	0	0	0	0	{}	True
train	4ERJ	ALL_200_PT_ACCOUNTED	200	200	0	200	0	0	0	0	0	{}	True
train	4ERL	ALL_200_PT_ACCOUNTED	200	200	0	200	0	0	0	0	0	{}	True
train	4FAQ	ALL_200_PT_ACCOUNTED	200	200	0	200	0	0	0	0	0	{}	True
train	4FAU	ALL_200_PT_ACCOUNTED	200	200	0	200	0	0	0	0	0	{}	True
train	4FAX	ALL_200_PT_ACCOUNTED	200	200	0	200	0	0	0	0	0	{}	True
train	4FB0	ALL_200_PT_ACCOUNTED	200	200	0	200	0	0	0	0	0	{}	True
train	4FE5	ALL_200_PT_ACCOUNTED	200	200	0	200	0	0	0	0	0	{}	True
train	4FEJ	ALL_200_PT_ACCOUNTED	200	200	0	200	0	0	0	0	0	{}	True
train	4FEL	ALL_200_PT_ACCOUNTED	200	200	0	200	0	0	0	0	0	{}	True
train	4FEN	ALL_200_PT_ACCOUNTED	200	200	0	200	0	0	0	0	0	{}	True
train	4FEO	ALL_200_PT_ACCOUNTED	200	200	0	200	0	0	0	0	0	{}	True
train	4FEP	ALL_200_PT_ACCOUNTED	200	200	0	200	0	0	0	0	0	{}	True
train	4FNJ	ALL_200_PT_ACCOUNTED	200	200	0	200	0	0	0	0	0	{}	True
train	4GMA	ALL_200_PT_ACCOUNTED	200	200	0	200	0	0	0	0	0	{}	True
train	4GXY	ALL_200_PT_ACCOUNTED	200	200	0	200	0	0	0	0	0	{}	True
train	4JF2	ALL_200_PT_ACCOUNTED	200	200	0	200	0	0	0	0	0	{}	True
train	4JIY	ALL_200_PT_ACCOUNTED	200	200	0	200	0	0	0	0	0	{}	True
train	4K27	ALL_200_PT_ACCOUNTED	200	200	0	200	0	0	0	0	0	{}	True
train	4KQY	ALL_200_PT_ACCOUNTED	200	200	0	200	0	0	0	0	0	{}	True
train	4L81	ALL_200_PT_ACCOUNTED	200	200	0	200	0	0	0	0	0	{}	True
train	4LVV	ALL_200_PT_ACCOUNTED	200	200	0	200	0	0	0	0	0	{}	True
train	4LVW	ALL_200_PT_ACCOUNTED	200	200	0	200	0	0	0	0	0	{}	True
train	4LVX	ALL_200_PT_ACCOUNTED	200	200	0	200	0	0	0	0	0	{}	True
train	4LVY	ALL_200_PT_ACCOUNTED	200	200	0	200	0	0	0	0	0	{}	True
train	4LVZ	ALL_200_PT_ACCOUNTED	200	200	0	200	0	0	0	0	0	{}	True
train	4LW0	ALL_200_PT_ACCOUNTED	200	200	0	200	0	0	0	0	0	{}	True
train	4LX5	ALL_200_PT_ACCOUNTED	200	200	0	200	0	0	0	0	0	{}	True
train	4LX6	ALL_200_PT_ACCOUNTED	200	200	0	200	0	0	0	0	0	{}	True
train	4MS9	ALL_200_PT_ACCOUNTED	200	200	0	200	0	0	0	0	0	{}	True
train	4NLF	PT_POLICY_EXCLUDED	200	0	0	0	0	0	200	0	0	{}	False
train	4NMG	PT_POLICY_EXCLUDED	200	0	0	0	0	0	200	0	0	{}	False
train	4NXH	PT_POLICY_EXCLUDED	200	0	0	0	0	0	200	0	0	{}	False
train	4NYB	ALL_200_PT_ACCOUNTED	200	200	0	200	0	0	0	0	0	{}	True
train	4NYC	ALL_200_PT_ACCOUNTED	200	200	0	200	0	0	0	0	0	{}	True
train	4NYD	ALL_200_PT_ACCOUNTED	200	200	0	200	0	0	0	0	0	{}	True
train	4NYG	ALL_200_PT_ACCOUNTED	200	200	0	200	0	0	0	0	0	{}	True
train	4OJI	ALL_200_PT_ACCOUNTED	200	200	0	200	0	0	0	0	0	{}	True
train	4OQU	ALL_200_PT_ACCOUNTED	200	200	0	200	0	0	0	0	0	{}	True
train	4P5J	ALL_200_PT_ACCOUNTED	200	200	0	200	0	0	0	0	0	{}	True
train	4P8Z	ALL_200_PT_ACCOUNTED	200	200	0	200	0	0	0	0	0	{}	True
train	4P9R	ALL_200_PT_ACCOUNTED	200	200	0	200	0	0	0	0	0	{}	True
train	4PCJ	ALL_200_PT_ACCOUNTED	200	200	0	200	0	0	0	0	0	{}	True
train	4PQV	ALL_200_PT_ACCOUNTED	200	200	0	200	0	0	0	0	0	{}	True
train	4QK8	PT_POLICY_EXCLUDED	200	0	0	0	0	0	200	0	0	{}	False
train	4QK9	PT_POLICY_EXCLUDED	200	0	0	0	0	0	200	0	0	{}	False
train	4QKA	PT_POLICY_EXCLUDED	200	0	0	0	0	0	200	0	0	{}	False
train	4QLM	ALL_200_PT_ACCOUNTED	200	200	0	200	0	0	0	0	0	{}	True
train	4QLN	ALL_200_PT_ACCOUNTED	200	200	0	200	0	0	0	0	0	{}	True
train	4R4P	ALL_200_PT_ACCOUNTED	200	200	0	200	0	0	0	0	0	{}	True
train	4R4V	ALL_200_PT_ACCOUNTED	200	200	0	200	0	0	0	0	0	{}	True
train	4RBQ	ALL_200_PT_ACCOUNTED	200	200	0	200	0	0	0	0	0	{}	True
train	4RBY	PT_POLICY_EXCLUDED	200	0	0	0	0	0	200	0	0	{}	False
train	4RBZ	PT_POLICY_EXCLUDED	200	0	0	0	0	0	200	0	0	{}	False
train	4RC0	PT_POLICY_EXCLUDED	200	0	0	0	0	0	200	0	0	{}	False
train	4RUM	ALL_200_PT_ACCOUNTED	200	200	0	200	0	0	0	0	0	{}	True
train	4RZD	ALL_200_PT_ACCOUNTED	200	200	0	200	0	0	0	0	0	{}	True
train	4TNA	ALL_200_PT_ACCOUNTED	200	200	0	200	0	0	0	0	0	{}	True
train	4TRA	ALL_200_PT_ACCOUNTED	200	200	0	200	0	0	0	0	0	{}	True
train	4TZX	ALL_200_PT_ACCOUNTED	200	200	0	200	0	0	0	0	0	{}	True
train	4TZY	ALL_200_PT_ACCOUNTED	200	200	0	200	0	0	0	0	0	{}	True
train	4WFL	ALL_200_PT_ACCOUNTED	200	200	0	200	0	0	0	0	0	{}	True
train	4XNR	ALL_200_PT_ACCOUNTED	200	200	0	200	0	0	0	0	0	{}	True
train	4XW1	ALL_200_PT_ACCOUNTED	200	200	0	200	0	0	0	0	0	{}	True
train	4XW7	ALL_200_PT_ACCOUNTED	200	200	0	200	0	0	0	0	0	{}	True
train	4XWF	ALL_200_PT_ACCOUNTED	200	200	0	200	0	0	0	0	0	{}	True
train	4Y27	ALL_200_PT_ACCOUNTED	200	200	0	200	0	0	0	0	0	{}	True
train	5A17	ALL_200_PT_ACCOUNTED	200	200	0	200	0	0	0	0	0	{}	True
train	5A18	ALL_200_PT_ACCOUNTED	200	200	0	200	0	0	0	0	0	{}	True
train	5C5W	ALL_200_PT_ACCOUNTED	200	200	0	200	0	0	0	0	0	{}	True
train	5C7U	ALL_200_PT_ACCOUNTED	200	200	0	200	0	0	0	0	0	{}	True
train	5C7W	PT_POLICY_EXCLUDED	200	0	0	0	0	0	200	0	0	{}	False
train	5D99	ALL_200_PT_ACCOUNTED	200	200	0	200	0	0	0	0	0	{}	True
train	5DA6	ALL_200_PT_ACCOUNTED	200	200	0	200	0	0	0	0	0	{}	True
train	5DO5	PT_POLICY_EXCLUDED	200	0	0	0	0	0	200	0	0	{}	False
train	5DUN	ALL_200_PT_ACCOUNTED	200	200	0	200	0	0	0	0	0	{}	True
train	5FJC	ALL_200_PT_ACCOUNTED	200	200	0	200	0	0	0	0	0	{}	True
train	5FK1	ALL_200_PT_ACCOUNTED	200	200	0	200	0	0	0	0	0	{}	True
train	5FK2	ALL_200_PT_ACCOUNTED	200	200	0	200	0	0	0	0	0	{}	True
train	5FK3	ALL_200_PT_ACCOUNTED	200	200	0	200	0	0	0	0	0	{}	True
train	5FK4	ALL_200_PT_ACCOUNTED	200	200	0	200	0	0	0	0	0	{}	True
train	5FK5	ALL_200_PT_ACCOUNTED	200	200	0	200	0	0	0	0	0	{}	True
train	5FK6	ALL_200_PT_ACCOUNTED	200	200	0	200	0	0	0	0	0	{}	True
train	5FKD	ALL_200_PT_ACCOUNTED	200	200	0	200	0	0	0	0	0	{}	True
train	5FKE	ALL_200_PT_ACCOUNTED	200	200	0	200	0	0	0	0	0	{}	True
train	5FKF	ALL_200_PT_ACCOUNTED	200	200	0	200	0	0	0	0	0	{}	True
train	5FKG	ALL_200_PT_ACCOUNTED	200	200	0	200	0	0	0	0	0	{}	True
train	5FKH	ALL_200_PT_ACCOUNTED	200	200	0	200	0	0	0	0	0	{}	True
train	5G2Y	ALL_200_PT_ACCOUNTED	200	40	160	200	160	0	0	0	0	{}	True
train	5HBY	PT_POLICY_EXCLUDED	200	0	0	0	0	0	200	0	0	{}	False
train	5IEM	ALL_200_PT_ACCOUNTED	200	200	0	200	0	0	0	0	0	{}	True
train	5J01	ALL_200_PT_ACCOUNTED	200	200	0	200	0	0	0	0	0	{}	True
train	5K8H	PT_UNUSABLE_SPARSE_NATIVE_COORDINATES	200	0	0	0	0	0	200	200	0	"{""PT_UNUSABLE_SPARSE_NATIVE_COORDINATES"": 200}"	False
train	5KH8	ALL_200_PT_ACCOUNTED	200	200	0	200	0	0	0	0	0	{}	True
train	5KMZ	ALL_200_PT_ACCOUNTED	200	200	0	200	0	0	0	0	0	{}	True
train	5KPY	ALL_200_PT_ACCOUNTED	200	200	0	200	0	0	0	0	0	{}	True
train	5KQE	ALL_200_PT_ACCOUNTED	200	200	0	200	0	0	0	0	0	{}	True
train	5L4O	ALL_200_PT_ACCOUNTED	200	200	0	200	0	0	0	0	0	{}	True
train	5LSN	ALL_200_PT_ACCOUNTED	200	200	0	200	0	0	0	0	0	{}	True
train	5LWJ	ALL_200_PT_ACCOUNTED	200	200	0	200	0	0	0	0	0	{}	True
train	5M0H	ALL_200_PT_ACCOUNTED	200	200	0	200	0	0	0	0	0	{}	True
train	5MRX	PT_POLICY_EXCLUDED	200	0	0	0	0	0	200	0	0	{}	False
train	5MWI	ALL_200_PT_ACCOUNTED	200	200	0	200	0	0	0	0	0	{}	True
train	5N5C	ALL_200_PT_ACCOUNTED	200	200	0	200	0	0	0	0	0	{}	True
train	5NEF	ALL_200_PT_ACCOUNTED	200	200	0	200	0	0	0	0	0	{}	True
train	5NEO	ALL_200_PT_ACCOUNTED	200	200	0	200	0	0	0	0	0	{}	True
train	5NEP	ALL_200_PT_ACCOUNTED	200	200	0	200	0	0	0	0	0	{}	True
train	5NEQ	ALL_200_PT_ACCOUNTED	200	200	0	200	0	0	0	0	0	{}	True
train	5NEX	ALL_200_PT_ACCOUNTED	200	200	0	200	0	0	0	0	0	{}	True
train	5NOM	ALL_200_PT_ACCOUNTED	200	200	0	200	0	0	0	0	0	{}	True
train	5NQI	PT_POLICY_EXCLUDED	200	0	0	0	0	0	200	0	0	{}	False
train	5NXT	ALL_200_PT_ACCOUNTED	200	200	0	200	0	0	0	0	0	{}	True
train	5NZ6	ALL_200_PT_ACCOUNTED	200	200	0	200	0	0	0	0	0	{}	True
train	5OB3	ALL_200_PT_ACCOUNTED	200	200	0	200	0	0	0	0	0	{}	True
train	5SWE	ALL_200_PT_ACCOUNTED	200	200	0	200	0	0	0	0	0	{}	True
train	5T83	ALL_200_PT_ACCOUNTED	200	200	0	200	0	0	0	0	0	{}	True
train	5TPY	ALL_200_PT_ACCOUNTED	200	200	0	200	0	0	0	0	0	{}	True
train	5U3G	ALL_200_PT_ACCOUNTED	200	200	0	200	0	0	0	0	0	{}	True
train	5UF3	ALL_200_PT_ACCOUNTED	200	200	0	200	0	0	0	0	0	{}	True
train	5UZA	ALL_200_PT_ACCOUNTED	200	200	0	200	0	0	0	0	0	{}	True
train	5UZT	ALL_200_PT_ACCOUNTED	200	200	0	200	0	0	0	0	0	{}	True
train	5V0K	PT_POLICY_EXCLUDED	200	0	0	0	0	0	200	0	0	{}	False
train	5V16	ALL_200_PT_ACCOUNTED	200	200	0	200	0	0	0	0	0	{}	True
train	5V17	ALL_200_PT_ACCOUNTED	200	200	0	200	0	0	0	0	0	{}	True
train	5V3I	ALL_200_PT_ACCOUNTED	200	200	0	200	0	0	0	0	0	{}	True
train	5WQ1	ALL_200_PT_ACCOUNTED	200	200	0	200	0	0	0	0	0	{}	True
train	5XWG	ALL_200_PT_ACCOUNTED	200	200	0	200	0	0	0	0	0	{}	True
train	5Z1I	ALL_200_PT_ACCOUNTED	200	200	0	200	0	0	0	0	0	{}	True
train	6AAS	ALL_200_PT_ACCOUNTED	200	200	0	200	0	0	0	0	0	{}	True
train	6AAU	ALL_200_PT_ACCOUNTED	200	200	0	200	0	0	0	0	0	{}	True
train	6BY4	ALL_200_PT_ACCOUNTED	200	200	0	200	0	0	0	0	0	{}	True
train	6BY5	ALL_200_PT_ACCOUNTED	200	200	0	200	0	0	0	0	0	{}	True
train	6CU1	ALL_200_PT_ACCOUNTED	200	200	0	200	0	0	0	0	0	{}	True
train	6D3P	ALL_200_PT_ACCOUNTED	200	200	0	200	0	0	0	0	0	{}	True
train	6DLQ	ALL_200_PT_ACCOUNTED	200	200	0	200	0	0	0	0	0	{}	True
train	6DLR	ALL_200_PT_ACCOUNTED	200	200	0	200	0	0	0	0	0	{}	True
train	6DLS	ALL_200_PT_ACCOUNTED	200	200	0	200	0	0	0	0	0	{}	True
train	6DLT	ALL_200_PT_ACCOUNTED	200	200	0	200	0	0	0	0	0	{}	True
train	6DME	ALL_200_PT_ACCOUNTED	200	200	0	200	0	0	0	0	0	{}	True
train	6DNR	ALL_200_PT_ACCOUNTED	200	200	0	200	0	0	0	0	0	{}	True
train	6DVK	ALL_200_PT_ACCOUNTED	200	200	0	200	0	0	0	0	0	{}	True
train	6E1S	PT_POLICY_EXCLUDED	200	0	0	0	0	0	200	0	0	{}	False
train	6E1T	PT_POLICY_EXCLUDED	200	0	0	0	0	0	200	0	0	{}	False
train	6E1U	PT_POLICY_EXCLUDED	200	0	0	0	0	0	200	0	0	{}	False
train	6E1V	PT_POLICY_EXCLUDED	200	0	0	0	0	0	200	0	0	{}	False
train	6E1W	PT_POLICY_EXCLUDED	200	0	0	0	0	0	200	0	0	{}	False
train	6E7L	ALL_200_PT_ACCOUNTED	200	200	0	200	0	0	0	0	0	{}	True
train	6E80	ALL_200_PT_ACCOUNTED	200	200	0	200	0	0	0	0	0	{}	True
train	6E81	ALL_200_PT_ACCOUNTED	200	200	0	200	0	0	0	0	0	{}	True
train	6E82	ALL_200_PT_ACCOUNTED	200	200	0	200	0	0	0	0	0	{}	True
train	6E84	ALL_200_PT_ACCOUNTED	200	200	0	200	0	0	0	0	0	{}	True
train	6E8U	ALL_200_PT_ACCOUNTED	200	200	0	200	0	0	0	0	0	{}	True
train	6EZ0	ALL_200_PT_ACCOUNTED	200	200	0	200	0	0	0	0	0	{}	True
train	6FZ0	ALL_200_PT_ACCOUNTED	200	200	0	200	0	0	0	0	0	{}	True
train	6GYV	ALL_200_PT_ACCOUNTED	200	200	0	200	0	0	0	0	0	{}	True
train	6GZK	ALL_200_PT_ACCOUNTED	200	200	0	200	0	0	0	0	0	{}	True
train	6GZR	ALL_200_PT_ACCOUNTED	200	200	0	200	0	0	0	0	0	{}	True
train	6HAG	ALL_200_PT_ACCOUNTED	200	200	0	200	0	0	0	0	0	{}	True
train	6HBT	ALL_200_PT_ACCOUNTED	200	200	0	200	0	0	0	0	0	{}	True
train	6HBX	ALL_200_PT_ACCOUNTED	200	200	0	200	0	0	0	0	0	{}	True
train	6HC5	ALL_200_PT_ACCOUNTED	200	200	0	200	0	0	0	0	0	{}	True
train	6HYK	ALL_200_PT_ACCOUNTED	200	200	0	200	0	0	0	0	0	{}	True
train	6IZP	ALL_200_PT_ACCOUNTED	200	200	0	200	0	0	0	0	0	{}	True
train	6JJH	ALL_200_PT_ACCOUNTED	200	200	0	200	0	0	0	0	0	{}	True
train	6JJI	ALL_200_PT_ACCOUNTED	200	200	0	200	0	0	0	0	0	{}	True
train	6JQ6	ALL_200_PT_ACCOUNTED	200	200	0	200	0	0	0	0	0	{}	True
train	6JXM	ALL_200_PT_ACCOUNTED	200	200	0	200	0	0	0	0	0	{}	True
train	6K84	ALL_200_PT_ACCOUNTED	200	200	0	200	0	0	0	0	0	{}	True
train	6MCI	PT_POLICY_EXCLUDED	200	0	0	0	0	0	200	0	0	{}	False
train	6MXQ	ALL_200_PT_ACCOUNTED	200	200	0	200	0	0	0	0	0	{}	True
train	6N5K	ALL_200_PT_ACCOUNTED	200	200	0	200	0	0	0	0	0	{}	True
train	6N5N	ALL_200_PT_ACCOUNTED	200	200	0	200	0	0	0	0	0	{}	True
train	6N5O	ALL_200_PT_ACCOUNTED	200	200	0	200	0	0	0	0	0	{}	True
train	6N5P	ALL_200_PT_ACCOUNTED	200	200	0	200	0	0	0	0	0	{}	True
train	6N5Q	ALL_200_PT_ACCOUNTED	200	200	0	200	0	0	0	0	0	{}	True
train	6N5S	ALL_200_PT_ACCOUNTED	200	200	0	200	0	0	0	0	0	{}	True
train	6N5T	ALL_200_PT_ACCOUNTED	200	200	0	200	0	0	0	0	0	{}	True
train	6NOA	ALL_200_PT_ACCOUNTED	200	200	0	200	0	0	0	0	0	{}	True
train	6OL3	ALL_200_PT_ACCOUNTED	200	200	0	200	0	0	0	0	0	{}	True
train	6P2H	ALL_200_PT_ACCOUNTED	200	200	0	200	0	0	0	0	0	{}	True
train	6PK9	ALL_200_PT_ACCOUNTED	200	200	0	200	0	0	0	0	0	{}	True
train	6PQ7	ALL_200_PT_ACCOUNTED	200	200	0	200	0	0	0	0	0	{}	True
train	6Q57	ALL_200_PT_ACCOUNTED	200	200	0	200	0	0	0	0	0	{}	True
train	6Q8V	ALL_200_PT_ACCOUNTED	200	200	0	200	0	0	0	0	0	{}	True
train	6QIV	ALL_200_PT_ACCOUNTED	200	200	0	200	0	0	0	0	0	{}	True
train	6T3N	ALL_200_PT_ACCOUNTED	200	200	0	200	0	0	0	0	0	{}	True
train	6T3S	ALL_200_PT_ACCOUNTED	200	200	0	200	0	0	0	0	0	{}	True
train	6TB7	ALL_200_PT_ACCOUNTED	200	200	0	200	0	0	0	0	0	{}	True
train	6TF0	ALL_200_PT_ACCOUNTED	200	200	0	200	0	0	0	0	0	{}	True
train	6TF1	ALL_200_PT_ACCOUNTED	200	200	0	200	0	0	0	0	0	{}	True
train	6TF2	ALL_200_PT_ACCOUNTED	200	200	0	200	0	0	0	0	0	{}	True
train	6TF3	ALL_200_PT_ACCOUNTED	200	200	0	200	0	0	0	0	0	{}	True
train	6TFE	ALL_200_PT_ACCOUNTED	200	200	0	200	0	0	0	0	0	{}	True
train	6TFF	ALL_200_PT_ACCOUNTED	200	200	0	200	0	0	0	0	0	{}	True
train	6TFG	ALL_200_PT_ACCOUNTED	200	200	0	200	0	0	0	0	0	{}	True
train	6TFH	ALL_200_PT_ACCOUNTED	200	200	0	200	0	0	0	0	0	{}	True
train	6TNA	ALL_200_PT_ACCOUNTED	200	200	0	200	0	0	0	0	0	{}	True
train	6U79	ALL_200_PT_ACCOUNTED	200	200	0	200	0	0	0	0	0	{}	True
train	6UBU	ALL_200_PT_ACCOUNTED	200	200	0	200	0	0	0	0	0	{}	True
train	6UC7	ALL_200_PT_ACCOUNTED	200	200	0	200	0	0	0	0	0	{}	True
train	6UC8	ALL_200_PT_ACCOUNTED	200	200	0	200	0	0	0	0	0	{}	True
train	6UC9	ALL_200_PT_ACCOUNTED	200	200	0	200	0	0	0	0	0	{}	True
train	6UES	ALL_200_PT_ACCOUNTED	200	200	0	200	0	0	0	0	0	{}	True
train	6UET	ALL_200_PT_ACCOUNTED	200	200	0	200	0	0	0	0	0	{}	True
train	6UGI	ALL_200_PT_ACCOUNTED	200	200	0	200	0	0	0	0	0	{}	True
train	6UGJ	ALL_200_PT_ACCOUNTED	200	200	0	200	0	0	0	0	0	{}	True
train	6VAR	ALL_200_PT_ACCOUNTED	200	200	0	200	0	0	0	0	0	{}	True
train	6VMY	ALL_200_PT_ACCOUNTED	200	200	0	200	0	0	0	0	0	{}	True
train	6VU1	PT_POLICY_EXCLUDED	200	0	0	0	0	0	200	0	0	{}	False
train	6VUH	ALL_200_PT_ACCOUNTED	200	200	0	200	0	0	0	0	0	{}	True
train	6VUI	ALL_200_PT_ACCOUNTED	200	200	0	200	0	0	0	0	0	{}	True
train	6VVJ	PT_POLICY_EXCLUDED	200	0	0	0	0	0	200	0	0	{}	False
train	6VZC	ALL_200_PT_ACCOUNTED	200	200	0	200	0	0	0	0	0	{}	True
train	6W3M	ALL_200_PT_ACCOUNTED	200	200	0	200	0	0	0	0	0	{}	True
train	6WJR	ALL_200_PT_ACCOUNTED	200	200	0	200	0	0	0	0	0	{}	True
train	6WJS	ALL_200_PT_ACCOUNTED	200	200	0	200	0	0	0	0	0	{}	True
train	6WLJ	ALL_200_PT_ACCOUNTED	200	200	0	200	0	0	0	0	0	{}	True
train	6WLK	ALL_200_PT_ACCOUNTED	200	200	0	200	0	0	0	0	0	{}	True
train	6WLL	ALL_200_PT_ACCOUNTED	200	200	0	200	0	0	0	0	0	{}	True
train	6WLM	ALL_200_PT_ACCOUNTED	200	200	0	200	0	0	0	0	0	{}	True
train	6WLN	ALL_200_PT_ACCOUNTED	200	0	200	200	200	0	0	0	0	{}	True
train	6WLO	ALL_200_PT_ACCOUNTED	200	0	200	200	200	0	0	0	0	{}	True
train	6WLQ	ALL_200_PT_ACCOUNTED	200	200	0	200	0	0	0	0	0	{}	True
train	6WLR	ALL_200_PT_ACCOUNTED	200	200	0	200	0	0	0	0	0	{}	True
train	6WLS	ALL_200_PT_ACCOUNTED	200	200	0	200	0	0	0	0	0	{}	True
train	6WLT	ALL_200_PT_ACCOUNTED	200	200	0	200	0	0	0	0	0	{}	True
train	6WLU	ALL_200_PT_ACCOUNTED	200	200	0	200	0	0	0	0	0	{}	True
train	6WTL	ALL_200_PT_ACCOUNTED	200	200	0	200	0	0	0	0	0	{}	True
train	6WTR	ALL_200_PT_ACCOUNTED	200	200	0	200	0	0	0	0	0	{}	True
train	6XB7	ALL_200_PT_ACCOUNTED	200	200	0	200	0	0	0	0	0	{}	True
train	6XRZ	ALL_200_PT_ACCOUNTED	200	200	0	200	0	0	0	0	0	{}	True
train	6XUR	ALL_200_PT_ACCOUNTED	200	200	0	200	0	0	0	0	0	{}	True
train	6XUS	ALL_200_PT_ACCOUNTED	200	200	0	200	0	0	0	0	0	{}	True
train	6XWJ	ALL_200_PT_ACCOUNTED	200	200	0	200	0	0	0	0	0	{}	True
train	6XWW	ALL_200_PT_ACCOUNTED	200	200	0	200	0	0	0	0	0	{}	True
train	6XXA	ALL_200_PT_ACCOUNTED	200	200	0	200	0	0	0	0	0	{}	True
train	6XXB	ALL_200_PT_ACCOUNTED	200	200	0	200	0	0	0	0	0	{}	True
train	6Y0Y	ALL_200_PT_ACCOUNTED	200	200	0	200	0	0	0	0	0	{}	True
train	6Y3G	PT_POLICY_EXCLUDED	200	0	0	0	0	0	200	0	0	{}	False
train	6ZYB	PT_POLICY_EXCLUDED	200	0	0	0	0	0	200	0	0	{}	False
train	7D12	ALL_200_PT_ACCOUNTED	200	200	0	200	0	0	0	0	0	{}	True
train	7D7W	ALL_200_PT_ACCOUNTED	200	200	0	200	0	0	0	0	0	{}	True
train	7D7X	ALL_200_PT_ACCOUNTED	200	200	0	200	0	0	0	0	0	{}	True
train	7D7Y	ALL_200_PT_ACCOUNTED	200	200	0	200	0	0	0	0	0	{}	True
train	7D7Z	ALL_200_PT_ACCOUNTED	200	200	0	200	0	0	0	0	0	{}	True
train	7D81	ALL_200_PT_ACCOUNTED	200	200	0	200	0	0	0	0	0	{}	True
train	7D82	ALL_200_PT_ACCOUNTED	200	200	0	200	0	0	0	0	0	{}	True
train	7DD4	ALL_200_PT_ACCOUNTED	200	200	0	200	0	0	0	0	0	{}	True
train	7EAF	ALL_200_PT_ACCOUNTED	200	200	0	200	0	0	0	0	0	{}	True
train	7EZ0	ALL_200_PT_ACCOUNTED	200	200	0	200	0	0	0	0	0	{}	True
train	7JJD	ALL_200_PT_ACCOUNTED	200	200	0	200	0	0	0	0	0	{}	True
train	7JJE	PT_POLICY_EXCLUDED	200	0	0	0	0	0	200	0	0	{}	False
train	7JJF	PT_POLICY_EXCLUDED	200	0	0	0	0	0	200	0	0	{}	False
train	7JRR	ALL_200_PT_ACCOUNTED	200	200	0	200	0	0	0	0	0	{}	True
train	7JU1	ALL_200_PT_ACCOUNTED	200	200	0	200	0	0	0	0	0	{}	True
train	7K16	ALL_200_PT_ACCOUNTED	200	200	0	200	0	0	0	0	0	{}	True
train	7K4L	ALL_200_PT_ACCOUNTED	200	200	0	200	0	0	0	0	0	{}	True
train	7KD1	ALL_200_PT_ACCOUNTED	200	200	0	200	0	0	0	0	0	{}	True
train	7KJU	ALL_200_PT_ACCOUNTED	200	200	0	200	0	0	0	0	0	{}	True
train	7L0Z	ALL_200_PT_ACCOUNTED	200	200	0	200	0	0	0	0	0	{}	True
train	7L3R	PT_POLICY_EXCLUDED	200	0	0	0	0	0	200	0	0	{}	False
train	7LVA	ALL_200_PT_ACCOUNTED	200	200	0	200	0	0	0	0	0	{}	True
train	7LYF	ALL_200_PT_ACCOUNTED	200	200	0	200	0	0	0	0	0	{}	True
train	7LYG	ALL_200_PT_ACCOUNTED	200	200	0	200	0	0	0	0	0	{}	True
train	7LYJ	ALL_200_PT_ACCOUNTED	200	200	0	200	0	0	0	0	0	{}	True
train	7MKY	ALL_200_PT_ACCOUNTED	200	200	0	200	0	0	0	0	0	{}	True
val	6XKN	ALL_200_PT_ACCOUNTED	200	200	0	200	0	0	0	0	0	{}	True
val	6XKO	ALL_200_PT_ACCOUNTED	200	200	0	200	0	0	0	0	0	{}	True
val	7E9E	PT_POLICY_EXCLUDED	200	0	0	0	0	0	200	0	0	{}	False
val	7E9I	ALL_200_PT_ACCOUNTED	200	200	0	200	0	0	0	0	0	{}	True
val	7EDN	ALL_200_PT_ACCOUNTED	200	200	0	200	0	0	0	0	0	{}	True
val	7EEM	ALL_200_PT_ACCOUNTED	200	200	0	200	0	0	0	0	0	{}	True
val	7EFG	ALL_200_PT_ACCOUNTED	200	200	0	200	0	0	0	0	0	{}	True
val	7EFH	ALL_200_PT_ACCOUNTED	200	200	0	200	0	0	0	0	0	{}	True
val	7EOG	ALL_200_PT_ACCOUNTED	200	200	0	200	0	0	0	0	0	{}	True
val	7EOH	ALL_200_PT_ACCOUNTED	200	200	0	200	0	0	0	0	0	{}	True
val	7EOI	ALL_200_PT_ACCOUNTED	200	200	0	200	0	0	0	0	0	{}	True
val	7EOJ	ALL_200_PT_ACCOUNTED	200	200	0	200	0	0	0	0	0	{}	True
val	7EOK	ALL_200_PT_ACCOUNTED	200	200	0	200	0	0	0	0	0	{}	True
val	7EOL	ALL_200_PT_ACCOUNTED	200	200	0	200	0	0	0	0	0	{}	True
val	7EOM	ALL_200_PT_ACCOUNTED	200	200	0	200	0	0	0	0	0	{}	True
val	7EON	ALL_200_PT_ACCOUNTED	200	200	0	200	0	0	0	0	0	{}	True
val	7EOO	ALL_200_PT_ACCOUNTED	200	200	0	200	0	0	0	0	0	{}	True
val	7EOP	ALL_200_PT_ACCOUNTED	200	200	0	200	0	0	0	0	0	{}	True
val	7EXY	ALL_200_PT_ACCOUNTED	200	200	0	200	0	0	0	0	0	{}	True
val	7FHI	ALL_200_PT_ACCOUNTED	200	200	0	200	0	0	0	0	0	{}	True
val	7FJ0	ALL_200_PT_ACCOUNTED	200	200	0	200	0	0	0	0	0	{}	True
val	7KUB	ALL_200_PT_ACCOUNTED	200	200	0	200	0	0	0	0	0	{}	True
val	7KUC	ALL_200_PT_ACCOUNTED	200	200	0	200	0	0	0	0	0	{}	True
val	7KUD	ALL_200_PT_ACCOUNTED	200	200	0	200	0	0	0	0	0	{}	True
val	7KVT	ALL_200_PT_ACCOUNTED	200	200	0	200	0	0	0	0	0	{}	True
val	7KVU	ALL_200_PT_ACCOUNTED	200	200	0	200	0	0	0	0	0	{}	True
val	7KVV	ALL_200_PT_ACCOUNTED	200	200	0	200	0	0	0	0	0	{}	True
val	7M3V	ALL_200_PT_ACCOUNTED	200	200	0	200	0	0	0	0	0	{}	True
val	7MKT	ALL_200_PT_ACCOUNTED	200	200	0	200	0	0	0	0	0	{}	True
val	7MLW	ALL_200_PT_ACCOUNTED	200	200	0	200	0	0	0	0	0	{}	True
val	7POF	ALL_200_PT_ACCOUNTED	200	200	0	200	0	0	0	0	0	{}	True
val	7PS8	ALL_200_PT_ACCOUNTED	200	200	0	200	0	0	0	0	0	{}	True
val	7PTK	ALL_200_PT_ACCOUNTED	200	8	192	200	192	0	0	0	0	{}	True
val	7PTL	ALL_200_PT_ACCOUNTED	200	0	200	200	200	0	0	0	0	{}	True
val	7PTQ	ALL_200_PT_ACCOUNTED	200	1	199	200	199	0	0	0	0	{}	True
val	7PTS	ALL_200_PT_ACCOUNTED	200	3	197	200	197	0	0	0	0	{}	True
val	7Q48	ALL_200_PT_ACCOUNTED	200	200	0	200	0	0	0	0	0	{}	True
val	7Q6L	ALL_200_PT_ACCOUNTED	200	200	0	200	0	0	0	0	0	{}	True
val	7QA2	ALL_200_PT_ACCOUNTED	200	200	0	200	0	0	0	0	0	{}	True
val	7QDU	ALL_200_PT_ACCOUNTED	200	8	192	200	192	0	0	0	0	{}	True
val	7QP2	ALL_200_PT_ACCOUNTED	200	200	0	200	0	0	0	0	0	{}	True
val	7QSH	PT_POLICY_EXCLUDED	200	0	0	0	0	0	200	0	0	{}	False
val	7QUA	PT_POLICY_EXCLUDED	200	0	0	0	0	0	200	0	0	{}	False
val	7R6N	ALL_200_PT_ACCOUNTED	200	200	0	200	0	0	0	0	0	{}	True
val	7RWR	ALL_200_PT_ACCOUNTED	200	200	0	200	0	0	0	0	0	{}	True
val	7SAM	ALL_200_PT_ACCOUNTED	200	200	0	200	0	0	0	0	0	{}	True
val	7SHX	ALL_200_PT_ACCOUNTED	200	200	0	200	0	0	0	0	0	{}	True
val	7SXP	ALL_200_PT_ACCOUNTED	200	200	0	200	0	0	0	0	0	{}	True
val	7TD7	ALL_200_PT_ACCOUNTED	200	200	0	200	0	0	0	0	0	{}	True
val	7TDA	ALL_200_PT_ACCOUNTED	200	200	0	200	0	0	0	0	0	{}	True
val	7TDB	ALL_200_PT_ACCOUNTED	200	200	0	200	0	0	0	0	0	{}	True
val	7TDC	ALL_200_PT_ACCOUNTED	200	200	0	200	0	0	0	0	0	{}	True
val	7TZT	ALL_200_PT_ACCOUNTED	200	200	0	200	0	0	0	0	0	{}	True
val	7TZU	ALL_200_PT_ACCOUNTED	200	200	0	200	0	0	0	0	0	{}	True
val	7U4A	ALL_200_PT_ACCOUNTED	200	200	0	200	0	0	0	0	0	{}	True
val	7UCR	ALL_200_PT_ACCOUNTED	200	200	0	200	0	0	0	0	0	{}	True
val	7UGA	ALL_200_PT_ACCOUNTED	200	200	0	200	0	0	0	0	0	{}	True
val	7UMC	ALL_200_PT_ACCOUNTED	200	200	0	200	0	0	0	0	0	{}	True
val	7UMD	ALL_200_PT_ACCOUNTED	200	200	0	200	0	0	0	0	0	{}	True
val	7UME	ALL_200_PT_ACCOUNTED	200	200	0	200	0	0	0	0	0	{}	True
val	7UQ6	ALL_200_PT_ACCOUNTED	200	200	0	200	0	0	0	0	0	{}	True
val	7URI	ALL_200_PT_ACCOUNTED	200	200	0	200	0	0	0	0	0	{}	True
val	7URM	ALL_200_PT_ACCOUNTED	200	200	0	200	0	0	0	0	0	{}	True
val	7UVT	ALL_200_PT_ACCOUNTED	200	200	0	200	0	0	0	0	0	{}	True
val	7UZ0	ALL_200_PT_ACCOUNTED	200	200	0	200	0	0	0	0	0	{}	True
val	7V06	ALL_200_PT_ACCOUNTED	200	200	0	200	0	0	0	0	0	{}	True
val	7V9E	ALL_200_PT_ACCOUNTED	200	200	0	200	0	0	0	0	0	{}	True
val	7VFT	ALL_200_PT_ACCOUNTED	200	200	0	200	0	0	0	0	0	{}	True
val	7WI9	ALL_200_PT_ACCOUNTED	200	200	0	200	0	0	0	0	0	{}	True
val	7WIA	ALL_200_PT_ACCOUNTED	200	200	0	200	0	0	0	0	0	{}	True
val	7WIB	ALL_200_PT_ACCOUNTED	200	200	0	200	0	0	0	0	0	{}	True
val	7WIE	ALL_200_PT_ACCOUNTED	200	200	0	200	0	0	0	0	0	{}	True
val	7WIF	ALL_200_PT_ACCOUNTED	200	200	0	200	0	0	0	0	0	{}	True
val	7WII	ALL_200_PT_ACCOUNTED	200	200	0	200	0	0	0	0	0	{}	True
val	7XD3	ALL_200_PT_ACCOUNTED	200	200	0	200	0	0	0	0	0	{}	True
val	7XD4	ALL_200_PT_ACCOUNTED	200	200	0	200	0	0	0	0	0	{}	True
val	7XD7	ALL_200_PT_ACCOUNTED	200	200	0	200	0	0	0	0	0	{}	True
val	7XSK	ALL_200_PT_ACCOUNTED	200	200	0	200	0	0	0	0	0	{}	True
val	7XSL	ALL_200_PT_ACCOUNTED	200	200	0	200	0	0	0	0	0	{}	True
val	7XSM	ALL_200_PT_ACCOUNTED	200	200	0	200	0	0	0	0	0	{}	True
val	7XSN	ALL_200_PT_ACCOUNTED	200	200	0	200	0	0	0	0	0	{}	True
val	7Y2B	ALL_200_PT_ACCOUNTED	200	200	0	200	0	0	0	0	0	{}	True
val	7YC8	ALL_200_PT_ACCOUNTED	200	200	0	200	0	0	0	0	0	{}	True
val	7ZFW	PREP_SKIPPED	0	0	0	0	0	200	0	0	0	{}	False
val	7ZJ4	ALL_200_PT_ACCOUNTED	200	0	200	200	200	0	0	0	0	{}	True
val	7ZJ5	ALL_200_PT_ACCOUNTED	200	0	200	200	200	0	0	0	0	{}	True
val	8BTZ	ALL_200_PT_ACCOUNTED	200	200	0	200	0	0	0	0	0	{}	True
val	8BWT	ALL_200_PT_ACCOUNTED	200	200	0	200	0	0	0	0	0	{}	True
val	8CLR	ALL_200_PT_ACCOUNTED	200	200	0	200	0	0	0	0	0	{}	True
val	8CQ1	ALL_200_PT_ACCOUNTED	200	200	0	200	0	0	0	0	0	{}	True
val	8FCS	ALL_200_PT_ACCOUNTED	200	200	0	200	0	0	0	0	0	{}	True
val	8FW4	ALL_200_PT_ACCOUNTED	200	200	0	200	0	0	0	0	0	{}	True
val	8HB8	ALL_200_PT_ACCOUNTED	200	200	0	200	0	0	0	0	0	{}	True
val	8HD6	ALL_200_PT_ACCOUNTED	200	200	0	200	0	0	0	0	0	{}	True
val	8HD7	ALL_200_PT_ACCOUNTED	200	200	0	200	0	0	0	0	0	{}	True
val	8I43	ALL_200_PT_ACCOUNTED	200	200	0	200	0	0	0	0	0	{}	True
val	8I44	ALL_200_PT_ACCOUNTED	200	200	0	200	0	0	0	0	0	{}	True
val	8I45	ALL_200_PT_ACCOUNTED	200	200	0	200	0	0	0	0	0	{}	True
val	8I46	ALL_200_PT_ACCOUNTED	200	200	0	200	0	0	0	0	0	{}	True
val	8I7N	ALL_200_PT_ACCOUNTED	200	200	0	200	0	0	0	0	0	{}	True
val	8S95	ALL_200_PT_ACCOUNTED	200	200	0	200	0	0	0	0	0	{}	True
val	8SCF	ALL_200_PT_ACCOUNTED	200	200	0	200	0	0	0	0	0	{}	True
val	8SCH	ALL_200_PT_ACCOUNTED	200	200	0	200	0	0	0	0	0	{}	True
val	8SP9	ALL_200_PT_ACCOUNTED	200	200	0	200	0	0	0	0	0	{}	True
val	8THV	ALL_200_PT_ACCOUNTED	200	200	0	200	0	0	0	0	0	{}	True
val	8TJQ	ALL_200_PT_ACCOUNTED	200	200	0	200	0	0	0	0	0	{}	True
val	8TJV	ALL_200_PT_ACCOUNTED	200	200	0	200	0	0	0	0	0	{}	True
val	8TJX	ALL_200_PT_ACCOUNTED	200	200	0	200	0	0	0	0	0	{}	True
val	8TNS	ALL_200_PT_ACCOUNTED	200	200	0	200	0	0	0	0	0	{}	True
val	8U3M	ALL_200_PT_ACCOUNTED	200	200	0	200	0	0	0	0	0	{}	True
val	8UYE	ALL_200_PT_ACCOUNTED	200	147	53	200	53	0	0	0	0	{}	True
val	8UYG	ALL_200_PT_ACCOUNTED	200	155	45	200	45	0	0	0	0	{}	True
val	8UYJ	ALL_200_PT_ACCOUNTED	200	200	0	200	0	0	0	0	0	{}	True
val	8UYK	ALL_200_PT_ACCOUNTED	200	200	0	200	0	0	0	0	0	{}	True
val	8UYL	ALL_200_PT_ACCOUNTED	200	200	0	200	0	0	0	0	0	{}	True
val	8UYM	ALL_200_PT_ACCOUNTED	200	200	0	200	0	0	0	0	0	{}	True
val	8UYP	ALL_200_PT_ACCOUNTED	200	200	0	200	0	0	0	0	0	{}	True
val	8UYS	ALL_200_PT_ACCOUNTED	200	200	0	200	0	0	0	0	0	{}	True
