QUERY_PDB_ID	QUERY_ENTITY_ID	TARGET_PDB_ID	TARGET_ENTITY_ID	TARGET_SPLIT_V2	IDENTITY	QUERY_COVERAGE	TARGET_COVERAGE	SOURCE
7WIA	1	7WI9	1	val	0.980000	1.000000	1.000000	MMSEQS2
7WIA	1	7WIB	1	val	0.980000	1.000000	1.000000	MMSEQS2
7WIA	1	7WIE	1	val	0.980000	1.000000	1.000000	MMSEQS2
7WIA	1	7WIF	1	val	0.980000	1.000000	1.000000	MMSEQS2
7WIA	1	7WII	1	val	0.980000	1.000000	1.000000	MMSEQS2
7WII	1	7WI9	1	val	1.000000	1.000000	1.000000	MMSEQS2
7WII	1	7WIA	1	val	0.980000	1.000000	1.000000	MMSEQS2
7WII	1	7WIB	1	val	1.000000	1.000000	1.000000	MMSEQS2
7WII	1	7WIE	1	val	1.000000	1.000000	1.000000	MMSEQS2
7WII	1	7WIF	1	val	1.000000	1.000000	1.000000	MMSEQS2
7ZJ4	1	7ZJ5	1	val	1.000000	1.000000	1.000000	MMSEQS2
